// GENERATED by tools/prep_fonts.py - do not edit.
// Fraunces and Nunito, SIL Open Font License; see tools/fonts/OFL-*.txt.
// Static instances at the design's weights, subset to the characters the
// copy can use, ready for stb_truetype on the device.
#pragma once
#include <stdint.h>
#include <pgmspace.h>

// Fraunces-Variable.ttf {'wght': 900, 'opsz': 144, 'SOFT': 0, 'WONK': 0} -> 21456 bytes
static const uint8_t FONT_FRAUNCES_BLACK[] PROGMEM = {
  0x00,0x01,0x00,0x00,0x00,0x0E,0x00,0x80,0x00,0x03,0x00,0x60,0x47,0x50,0x4F,0x53,0x2C,0x95,0x2B,0x0A,0x00,0x00,0x46,0xB8,
  0x00,0x00,0x0B,0xF0,0x47,0x53,0x55,0x42,0x22,0x0A,0x27,0xE3,0x00,0x00,0x52,0xA8,0x00,0x00,0x00,0x7A,0x4F,0x53,0x2F,0x32,
  0x76,0x3F,0x0F,0xAC,0x00,0x00,0x01,0x68,0x00,0x00,0x00,0x60,0x53,0x54,0x41,0x54,0x86,0x52,0xDE,0x5D,0x00,0x00,0x53,0x24,
  0x00,0x00,0x00,0xAA,0x63,0x6D,0x61,0x70,0x68,0x87,0x0A,0x66,0x00,0x00,0x03,0x8C,0x00,0x00,0x00,0xCE,0x67,0x61,0x73,0x70,
  0x00,0x00,0x00,0x10,0x00,0x00,0x46,0xB0,0x00,0x00,0x00,0x08,0x67,0x6C,0x79,0x66,0xE7,0x6F,0x9F,0xA2,0x00,0x00,0x05,0x40,
  0x00,0x00,0x40,0x34,0x68,0x65,0x61,0x64,0x29,0x48,0xAE,0xA7,0x00,0x00,0x00,0xEC,0x00,0x00,0x00,0x36,0x68,0x68,0x65,0x61,
  0x0F,0x46,0x05,0xF2,0x00,0x00,0x01,0x24,0x00,0x00,0x00,0x24,0x68,0x6D,0x74,0x78,0xC8,0x58,0x10,0x12,0x00,0x00,0x01,0xC8,
  0x00,0x00,0x01,0xC4,0x6C,0x6F,0x63,0x61,0x16,0x0E,0x26,0x48,0x00,0x00,0x04,0x5C,0x00,0x00,0x00,0xE4,0x6D,0x61,0x78,0x70,
  0x00,0x80,0x01,0x62,0x00,0x00,0x01,0x48,0x00,0x00,0x00,0x20,0x6E,0x61,0x6D,0x65,0x1C,0x1B,0x3B,0x49,0x00,0x00,0x45,0x74,
  0x00,0x00,0x01,0x1A,0x70,0x6F,0x73,0x74,0xFE,0xD7,0x00,0x32,0x00,0x00,0x46,0x90,0x00,0x00,0x00,0x20,0x00,0x01,0x00,0x00,
  0x00,0x01,0x00,0x00,0xC1,0x1B,0x08,0x14,0x5F,0x0F,0x3C,0xF5,0x00,0x03,0x07,0xD0,0x00,0x00,0x00,0x00,0xDB,0xBC,0xB3,0x3D,
  0x00,0x00,0x00,0x00,0xE6,0xD5,0xB2,0x0C,0xFF,0xC7,0xFE,0x16,0x07,0xD8,0x06,0x7D,0x00,0x00,0x00,0x06,0x00,0x02,0x00,0x00,
  0x00,0x00,0x00,0x00,0x00,0x01,0x00,0x00,0x07,0xA4,0xFE,0x02,0x00,0x00,0x07,0xB8,0xFF,0xC7,0xFF,0xC6,0x07,0xD8,0x00,0x01,
  0x00,0x00,0x00,0x00,0x00,0x00,0x00,0x00,0x00,0x00,0x00,0x00,0x00,0x00,0x00,0x71,0x00,0x01,0x00,0x00,0x00,0x71,0x00,0x94,
  0x00,0x05,0x00,0xCC,0x00,0x06,0x00,0x01,0x00,0x00,0x00,0x00,0x00,0x00,0x00,0x00,0x00,0x00,0x00,0x00,0x00,0x03,0x00,0x01,
  0x00,0x04,0x04,0x40,0x03,0x84,0x00,0x05,0x00,0x00,0x05,0x14,0x04,0xB0,0x00,0x00,0x00,0x96,0x05,0x14,0x04,0xB0,0x00,0x00,
  0x02,0xBC,0x00,0x32,0x02,0x42,0x00,0x00,0x00,0x00,0x00,0x00,0x00,0x00,0x00,0x00,0x00,0x00,0x80,0x00,0x00,0x03,0x00,0x00,
  0x00,0x00,0x00,0x00,0x00,0x00,0x00,0x00,0x00,0x00,0x55,0x43,0x54,0x00,0x00,0xC0,0x00,0x20,0x20,0x1D,0x07,0xA4,0xFE,0x02,
  0x00,0x00,0x09,0x24,0x02,0x61,0x00,0x00,0x00,0x01,0x00,0x00,0x00,0x00,0x03,0xC4,0x05,0x78,0x00,0x00,0x00,0x20,0x00,0x03,
  0x03,0xE8,0x00,0x64,0x01,0x2C,0x00,0x00,0x05,0x42,0xFF,0xE7,0x05,0x8E,0x00,0x3E,0x05,0x26,0x00,0x24,0x05,0xE7,0x00,0x3E,
  0x04,0xF4,0x00,0x3E,0x04,0x86,0x00,0x3E,0x05,0x8B,0x00,0x27,0x06,0x46,0x00,0x48,0x03,0x14,0x00,0x3E,0x03,0x82,0xFF,0xFC,
  0x05,0xE4,0x00,0x3E,0x04,0xAE,0x00,0x3E,0x06,0xB5,0xFF,0xDF,0x05,0x54,0x00,0x0A,0x05,0xD4,0x00,0x28,0x05,0x5A,0x00,0x3E,
  0x05,0xFA,0x00,0x1E,0x05,0xB6,0x00,0x3E,0x04,0xA2,0x00,0x2E,0x05,0x44,0x00,0x11,0x05,0x4E,0x00,0x59,0x04,0xF8,0xFF,0xF3,
  0x07,0xB8,0x00,0x17,0x05,0x53,0x00,0x17,0x05,0x05,0x00,0x14,0x04,0xA6,0x00,0x00,0x03,0xE8,0x00,0x16,0x04,0x47,0x00,0x0C,
  0x03,0x8B,0x00,0x16,0x04,0x47,0x00,0x23,0x03,0xBC,0x00,0x14,0x02,0x7C,0x00,0x10,0x04,0x30,0x00,0x11,0x04,0x5F,0x00,0x1A,
  0x02,0x28,0x00,0x1A,0x02,0x28,0xFF,0xCD,0x04,0x6D,0x00,0x1A,0x02,0x3C,0x00,0x24,0x06,0x9F,0x00,0x1A,0x04,0x64,0x00,0x1A,
  0x04,0x18,0x00,0x1E,0x04,0x51,0x00,0x10,0x04,0x47,0x00,0x23,0x03,0x80,0x00,0x1C,0x03,0x4A,0x00,0x1C,0x02,0xB0,0xFF,0xFA,
  0x04,0x67,0x00,0x16,0x03,0xA8,0xFF,0xFC,0x05,0xC7,0xFF,0xFA,0x03,0xE3,0x00,0x00,0x03,0xE2,0x00,0x04,0x03,0x94,0x00,0x20,
  0x07,0x79,0x00,0x48,0x04,0x8C,0x00,0x2D,0x02,0x64,0x00,0x46,0x02,0x00,0x00,0x32,0x02,0x12,0x00,0x3C,0x02,0x00,0x00,0x32,
  0x02,0x28,0x00,0x3C,0x03,0x79,0x00,0x17,0x03,0x79,0x00,0x33,0x01,0xD4,0x00,0x17,0x01,0x97,0x00,0x34,0x02,0x9C,0x00,0x78,
  0x02,0x92,0xFF,0xFF,0x02,0xCE,0x00,0x96,0x02,0xCE,0x00,0x14,0x03,0x19,0x00,0x46,0x03,0x19,0x00,0x14,0x02,0x7A,0x00,0x1C,
  0x02,0x7A,0xFF,0xE0,0x01,0xBC,0x00,0xC8,0x01,0xF7,0x00,0x28,0x03,0xB1,0x00,0x1E,0x05,0xB4,0x00,0x1E,0x03,0x1B,0x00,0x00,
  0x02,0x64,0x00,0x64,0x05,0xD7,0x00,0x14,0x04,0x48,0x00,0x0E,0x05,0x27,0x00,0x28,0x03,0x32,0x00,0x1A,0x04,0xC0,0x00,0x24,
  0x04,0x63,0x00,0x24,0x04,0xD9,0x00,0x02,0x04,0x77,0x00,0x3F,0x04,0xCD,0x00,0x30,0x04,0x22,0x00,0x47,0x04,0x93,0x00,0x2C,
  0x04,0xDD,0x00,0x33,0x01,0x92,0x00,0x0D,0x03,0x10,0x00,0x0D,0x02,0x54,0x00,0x16,0x03,0xC3,0x00,0x47,0x03,0x8E,0x00,0x5E,
  0x03,0x8E,0x00,0x5E,0x03,0x8E,0x00,0x5E,0x03,0x5F,0x00,0x2F,0x03,0x5F,0x00,0x5F,0x04,0xCB,0x00,0x32,0x04,0x70,0x00,0x0A,
  0x04,0xF4,0x00,0x14,0x02,0x8D,0x00,0x5A,0x02,0xE2,0x00,0x14,0x03,0xCC,0xFF,0xC7,0x02,0x2F,0x00,0x37,0x01,0xD0,0x00,0x37,
  0x04,0xF8,0x00,0x10,0x04,0xA4,0x00,0x10,0x04,0xB8,0x00,0x10,0x07,0x20,0x00,0x10,0x07,0x34,0x00,0x10,0x00,0x00,0x00,0x02,
  0x00,0x00,0x00,0x03,0x00,0x00,0x00,0x14,0x00,0x03,0x00,0x01,0x00,0x00,0x00,0x14,0x00,0x04,0x00,0xBA,0x00,0x00,0x00,0x1A,
  0x00,0x10,0x00,0x03,0x00,0x0A,0x00,0x2F,0x00,0x39,0x00,0x40,0x00,0x5A,0x00,0x60,0x00,0x7A,0x00,0x7E,0x00,0xB0,0x00,0xB7,
  0x20,0x14,0x20,0x19,0x20,0x1D,0xFF,0xFF,0x00,0x00,0x00,0x20,0x00,0x30,0x00,0x3A,0x00,0x41,0x00,0x5B,0x00,0x61,0x00,0x7B,
  0x00,0xB0,0x00,0xB7,0x20,0x13,0x20,0x18,0x20,0x1C,0xFF,0xFF,0x00,0x00,0x00,0x21,0x00,0x00,0xFF,0xC1,0x00,0x00,0xFF,0xBB,
  0x00,0x00,0xFF,0xB7,0xFF,0x97,0xE0,0x38,0xE0,0x27,0xE0,0x21,0x00,0x01,0x00,0x1A,0x00,0x00,0x00,0x36,0x00,0x00,0x00,0x40,
  0x00,0x00,0x00,0x48,0x00,0x00,0x00,0x00,0x00,0x00,0x00,0x00,0x00,0x00,0x00,0x00,0x00,0x01,0x00,0x38,0x00,0x5C,0x00,0x64,
  0x00,0x65,0x00,0x66,0x00,0x36,0x00,0x5B,0x00,0x41,0x00,0x42,0x00,0x50,0x00,0x5F,0x00,0x3A,0x00,0x4A,0x00,0x39,0x00,0x47,
  0x00,0x3B,0x00,0x3C,0x00,0x62,0x00,0x61,0x00,0x63,0x00,0x37,0x00,0x4F,0x00,0x43,0x00,0x48,0x00,0x44,0x00,0x5D,0x00,0x4D,
  0x00,0x6A,0x00,0x45,0x00,0x49,0x00,0x46,0x00,0x5E,0x00,0x00,0x00,0x00,0x00,0x00,0x00,0x00,0x00,0x6E,0x00,0xC6,0x01,0x17,
  0x01,0x5D,0x01,0xDC,0x02,0x48,0x02,0xBA,0x03,0x33,0x03,0x6F,0x03,0xB7,0x04,0x3E,0x04,0x8E,0x05,0x12,0x05,0x80,0x05,0xC4,
  0x06,0x17,0x06,0x87,0x06,0xFF,0x07,0x6A,0x07,0xC2,0x08,0x2E,0x08,0x8C,0x09,0x25,0x09,0xAC,0x0A,0x18,0x0A,0x73,0x0A,0xD3,
  0x0B,0x26,0x0B,0x65,0x0B,0xC3,0x0C,0x00,0x0C,0x65,0x0C,0xED,0x0D,0x5A,0x0D,0xA6,0x0D,0xFA,0x0E,0x77,0x0E,0xB4,0x0F,0x4E,
  0x0F,0xBB,0x0F,0xF0,0x10,0x57,0x10,0xB0,0x11,0x0B,0x11,0x73,0x11,0xBC,0x12,0x1F,0x12,0x71,0x12,0xF4,0x13,0x80,0x13,0xE8,
  0x14,0x3F,0x14,0xE4,0x15,0x3B,0x15,0x75,0x15,0x91,0x15,0xBB,0x15,0xC7,0x15,0xD3,0x16,0x20,0x16,0x6E,0x16,0x98,0x16,0xC2,
  0x16,0xF1,0x16,0xFB,0x17,0x25,0x17,0x2F,0x17,0x93,0x17,0x9D,0x17,0xD9,0x17,0xE4,0x18,0x14,0x18,0x2E,0x18,0x47,0x18,0x60,
  0x18,0x79,0x18,0x82,0x19,0x1C,0x19,0x96,0x19,0xD0,0x1A,0x0A,0x1A,0x6F,0x1A,0xCB,0x1B,0x2C,0x1B,0x90,0x1B,0xDF,0x1C,0x23,
  0x1C,0x7B,0x1C,0xC9,0x1C,0xE5,0x1C,0xF1,0x1D,0x1A,0x1D,0x4B,0x1D,0x5B,0x1D,0x74,0x1D,0x81,0x1D,0xB2,0x1D,0xBC,0x1E,0x7F,
  0x1E,0xFA,0x1F,0x0A,0x1F,0x36,0x1F,0x60,0x1F,0xAE,0x1F,0xB6,0x1F,0xD6,0x1F,0xE2,0x1F,0xEE,0x1F,0xFA,0x20,0x0A,0x20,0x1A,
  0x00,0x02,0xFF,0xE7,0x00,0x00,0x05,0x42,0x05,0x78,0x00,0x03,0x00,0x45,0x00,0x00,0x41,0x21,0x17,0x21,0x13,0x14,0x06,0x23,
  0x21,0x22,0x26,0x35,0x34,0x36,0x37,0x37,0x36,0x36,0x37,0x01,0x36,0x26,0x27,0x26,0x26,0x35,0x34,0x36,0x33,0x21,0x32,0x16,
  0x15,0x14,0x06,0x07,0x06,0x06,0x17,0x01,0x16,0x16,0x17,0x16,0x16,0x15,0x14,0x06,0x23,0x21,0x22,0x26,0x35,0x34,0x36,0x37,
  0x37,0x36,0x36,0x27,0x01,0x37,0x01,0x06,0x16,0x16,0x17,0x17,0x16,0x16,0x01,0x0A,0x01,0xE2,0x04,0xFE,0x14,0x77,0x05,0x05,
  0xFE,0x80,0x05,0x05,0x08,0x04,0x14,0x2A,0x5B,0x1A,0x01,0x1A,0x10,0x19,0x1B,0x10,0x10,0x06,0x06,0x02,0x18,0x06,0x06,0x0E,
  0x12,0x0D,0x09,0x0A,0x01,0x82,0x07,0x19,0x10,0x09,0x07,0x06,0x06,0xFD,0xC2,0x06,0x06,0x07,0x09,0x22,0x1D,0x0A,0x09,0xFE,
  0x9A,0x20,0xFE,0xC7,0x0E,0x24,0x51,0x37,0x14,0x07,0x05,0x02,0x18,0x18,0xFE,0x08,0x03,0x05,0x05,0x03,0x05,0x04,0x01,0x07,
  0x0F,0x62,0x5A,0x03,0xE3,0x39,0x44,0x16,0x0D,0x05,0x04,0x05,0x03,0x03,0x05,0x04,0x08,0x08,0x06,0x19,0x21,0xFB,0x2C,0x15,
  0x19,0x05,0x03,0x05,0x05,0x03,0x05,0x05,0x03,0x05,0x02,0x03,0x0A,0x09,0x1B,0x1E,0x04,0x78,0x56,0xFB,0xB2,0x31,0x4D,0x37,
  0x11,0x06,0x02,0x04,0x00,0x02,0x00,0x3E,0x00,0x00,0x05,0x64,0x05,0x78,0x00,0x24,0x00,0x3C,0x00,0x00,0x41,0x14,0x04,0x23,
  0x21,0x22,0x26,0x35,0x34,0x37,0x37,0x36,0x36,0x35,0x11,0x34,0x26,0x27,0x27,0x26,0x35,0x34,0x36,0x33,0x21,0x32,0x04,0x16,
  0x15,0x14,0x06,0x06,0x23,0x37,0x32,0x16,0x16,0x25,0x23,0x35,0x33,0x32,0x36,0x36,0x35,0x34,0x26,0x26,0x23,0x23,0x11,0x14,
  0x16,0x33,0x33,0x32,0x36,0x36,0x35,0x34,0x26,0x05,0x64,0xFF,0x00,0xFE,0xFC,0xE4,0x06,0x06,0x10,0x38,0x18,0x16,0x11,0x1D,
  0x38,0x10,0x06,0x06,0x02,0x2A,0xD8,0x01,0x2C,0x9C,0x79,0xDC,0x95,0x44,0x92,0xE3,0x81,0xFD,0x64,0x8E,0x8E,0x4A,0x60,0x2E,
  0x56,0x8C,0x52,0x16,0x20,0x1C,0x5C,0x42,0x60,0x34,0x7F,0x01,0x4C,0x93,0xB9,0x05,0x03,0x07,0x03,0x0A,0x05,0x17,0x18,0x04,
  0xEE,0x0C,0x0D,0x05,0x0A,0x03,0x07,0x03,0x05,0x69,0xB8,0x77,0x68,0x97,0x51,0x08,0x54,0x96,0xD4,0x18,0x3D,0x83,0x68,0x7E,
  0xBA,0x66,0xFA,0xE4,0x19,0x13,0x4D,0x8E,0x63,0x8F,0x9D,0x00,0x00,0x01,0x00,0x24,0xFF,0xE2,0x05,0x09,0x05,0x92,0x00,0x35,
  0x00,0x00,0x41,0x0E,0x03,0x23,0x22,0x24,0x02,0x35,0x34,0x12,0x36,0x24,0x33,0x32,0x16,0x16,0x33,0x32,0x36,0x36,0x33,0x32,
  0x16,0x17,0x13,0x16,0x06,0x07,0x06,0x26,0x27,0x2E,0x02,0x23,0x22,0x0E,0x02,0x15,0x14,0x12,0x16,0x33,0x32,0x36,0x37,0x36,
  0x36,0x33,0x32,0x16,0x05,0x01,0x07,0x5B,0x99,0xCC,0x78,0xD0,0xFE,0xD4,0xA2,0x65,0xBA,0x01,0x03,0x9E,0x58,0x7E,0x4A,0x0A,
  0x0F,0x40,0x3C,0x08,0x05,0x08,0x02,0x57,0x02,0x03,0x08,0x07,0x09,0x05,0x3C,0x8D,0x93,0x45,0x46,0x7A,0x5F,0x35,0x6A,0xBB,
  0x79,0x7F,0xC1,0x1D,0x02,0x04,0x04,0x05,0x04,0x01,0xD3,0x68,0xB5,0x88,0x4C,0xB0,0x01,0x3D,0xD5,0xA6,0x01,0x13,0xC8,0x6D,
  0x24,0x25,0x24,0x24,0x09,0x0B,0xFE,0x49,0x0A,0x0B,0x02,0x01,0x08,0x0B,0xA0,0xB9,0x4F,0x4A,0x91,0xD6,0x8D,0xE8,0xFE,0xD6,
  0x8E,0xA3,0xA8,0x07,0x07,0x0A,0x00,0x02,0x00,0x3E,0x00,0x00,0x05,0xBC,0x05,0x78,0x00,0x1D,0x00,0x2C,0x00,0x00,0x77,0x34,
  0x37,0x37,0x36,0x36,0x35,0x11,0x34,0x26,0x27,0x27,0x26,0x35,0x34,0x36,0x33,0x21,0x32,0x04,0x16,0x12,0x15,0x14,0x02,0x04,
  0x23,0x21,0x22,0x26,0x25,0x32,0x36,0x12,0x35,0x34,0x02,0x26,0x26,0x23,0x23,0x11,0x14,0x16,0x33,0x3E,0x0E,0x3F,0x16,0x13,
  0x14,0x14,0x43,0x0B,0x06,0x05,0x02,0x39,0xB4,0x01,0x2E,0xDE,0x7A,0xB7,0xFE,0xAE,0xE9,0xFD,0x7F,0x06,0x05,0x02,0x8C,0x58,
  0x8A,0x50,0x37,0x66,0x8A,0x53,0x22,0x17,0x15,0x08,0x08,0x02,0x0B,0x04,0x0E,0x0E,0x04,0xFD,0x0E,0x0F,0x04,0x0C,0x01,0x09,
  0x04,0x03,0x66,0xCA,0xFE,0xD6,0xC4,0xC0,0xFE,0xF3,0x8D,0x04,0x14,0x77,0x01,0x0F,0xE4,0xB9,0x01,0x14,0xB6,0x5B,0xFA,0xDE,
  0x12,0x14,0x00,0x02,0x00,0x3E,0xFF,0xEA,0x04,0xD6,0x05,0x8E,0x00,0x15,0x00,0x55,0x00,0x00,0x41,0x33,0x32,0x36,0x37,0x36,
  0x36,0x33,0x32,0x17,0x13,0x16,0x06,0x07,0x06,0x06,0x27,0x2E,0x02,0x23,0x23,0x01,0x34,0x36,0x33,0x21,0x32,0x36,0x36,0x33,
  0x32,0x16,0x17,0x13,0x16,0x06,0x07,0x06,0x26,0x27,0x2E,0x03,0x23,0x23,0x11,0x14,0x16,0x33,0x33,0x32,0x36,0x36,0x37,0x36,
  0x36,0x17,0x16,0x16,0x07,0x03,0x06,0x06,0x23,0x22,0x26,0x26,0x23,0x21,0x22,0x26,0x35,0x34,0x37,0x37,0x36,0x36,0x35,0x11,
  0x34,0x26,0x27,0x27,0x26,0x02,0x22,0xAE,0x60,0x60,0x16,0x02,0x05,0x03,0x09,0x03,0x78,0x02,0x03,0x03,0x03,0x07,0x06,0x3B,
  0x5C,0x5E,0x3D,0xCC,0xFE,0x1C,0x06,0x06,0x03,0xA6,0x19,0x2A,0x1D,0x04,0x03,0x04,0x03,0x62,0x02,0x03,0x03,0x03,0x06,0x05,
  0x5E,0x90,0x76,0x6A,0x38,0x48,0x1A,0x18,0x26,0x3F,0x91,0xBC,0x7E,0x05,0x06,0x03,0x03,0x03,0x02,0x76,0x03,0x04,0x03,0x04,
  0x1D,0x2A,0x19,0xFC,0x5A,0x06,0x06,0x10,0x38,0x17,0x17,0x17,0x17,0x38,0x10,0x02,0xF4,0x55,0x75,0x08,0x04,0x0C,0xFE,0x72,
  0x06,0x08,0x02,0x01,0x01,0x06,0x4A,0x50,0x1E,0x02,0x94,0x03,0x05,0x0B,0x0B,0x09,0x0F,0xFE,0x5E,0x09,0x07,0x02,0x01,0x03,
  0x06,0x80,0x9F,0x57,0x20,0xFA,0xEA,0x19,0x19,0x51,0xDA,0xCF,0x06,0x04,0x02,0x01,0x08,0x09,0xFD,0xFA,0x0F,0x09,0x0B,0x0B,
  0x05,0x03,0x07,0x03,0x0A,0x04,0x0E,0x0C,0x05,0x04,0x0C,0x0E,0x04,0x0A,0x03,0x00,0x00,0x02,0x00,0x3E,0x00,0x00,0x04,0x94,
  0x05,0x8E,0x00,0x32,0x00,0x48,0x00,0x00,0x41,0x32,0x36,0x36,0x33,0x32,0x16,0x17,0x13,0x16,0x06,0x07,0x06,0x26,0x27,0x2E,
  0x02,0x23,0x23,0x11,0x14,0x16,0x17,0x17,0x16,0x16,0x15,0x14,0x06,0x23,0x21,0x22,0x26,0x35,0x34,0x37,0x37,0x36,0x36,0x35,
  0x11,0x34,0x26,0x27,0x27,0x26,0x35,0x34,0x36,0x33,0x01,0x33,0x32,0x36,0x37,0x36,0x36,0x33,0x32,0x17,0x13,0x16,0x06,0x07,
  0x06,0x06,0x27,0x2E,0x02,0x23,0x23,0x03,0xC2,0x19,0x2B,0x1C,0x04,0x03,0x04,0x03,0x62,0x02,0x03,0x03,0x03,0x06,0x05,0x68,
  0xA7,0x95,0x4E,0x2E,0x18,0x16,0x6A,0x09,0x07,0x06,0x06,0xFD,0x4E,0x06,0x06,0x10,0x38,0x17,0x17,0x17,0x17,0x38,0x10,0x06,
  0x06,0x01,0xBA,0xB8,0x69,0x6B,0x16,0x02,0x05,0x03,0x09,0x03,0x50,0x02,0x03,0x03,0x03,0x07,0x06,0x3A,0x56,0x55,0x39,0xD6,
  0x05,0x78,0x0B,0x0B,0x09,0x0F,0xFE,0x5E,0x09,0x07,0x02,0x01,0x03,0x06,0x9B,0xB1,0x4A,0xFA,0xDA,0x0C,0x10,0x02,0x0A,0x01,
  0x04,0x05,0x03,0x05,0x05,0x03,0x07,0x03,0x0A,0x04,0x0E,0x0C,0x05,0x04,0x0C,0x0E,0x04,0x0A,0x03,0x07,0x03,0x05,0xFD,0x60,
  0x55,0x75,0x08,0x04,0x0C,0xFE,0x72,0x06,0x08,0x02,0x01,0x01,0x06,0x48,0x50,0x20,0x00,0x01,0x00,0x27,0xFF,0xEA,0x05,0x61,
  0x05,0x8C,0x00,0x50,0x00,0x00,0x65,0x14,0x06,0x23,0x22,0x2E,0x02,0x23,0x22,0x0E,0x02,0x23,0x22,0x2E,0x02,0x35,0x34,0x12,
  0x36,0x24,0x33,0x32,0x16,0x16,0x33,0x32,0x36,0x36,0x33,0x32,0x16,0x17,0x13,0x16,0x06,0x07,0x06,0x26,0x27,0x2E,0x02,0x23,
  0x22,0x06,0x02,0x15,0x14,0x12,0x16,0x33,0x32,0x3E,0x02,0x35,0x11,0x34,0x26,0x27,0x27,0x26,0x26,0x35,0x34,0x36,0x33,0x21,
  0x32,0x16,0x15,0x14,0x06,0x07,0x07,0x06,0x06,0x15,0x05,0x13,0x06,0x08,0x10,0x58,0x6E,0x65,0x1D,0x0C,0x2E,0x45,0x5D,0x3C,
  0x88,0xE3,0xA7,0x5C,0x66,0xC0,0x01,0x0F,0xA9,0x44,0x5F,0x39,0x0A,0x18,0x54,0x51,0x13,0x03,0x05,0x02,0x4A,0x02,0x03,0x03,
  0x03,0x06,0x05,0x50,0xA6,0xA4,0x50,0x61,0x8A,0x49,0x5A,0x8C,0x4A,0x19,0x2E,0x24,0x15,0x17,0x17,0x4C,0x09,0x07,0x06,0x06,
  0x02,0x44,0x06,0x06,0x07,0x09,0x24,0x0D,0x0D,0x04,0x0F,0x0B,0x22,0x2E,0x22,0x22,0x2C,0x22,0x5E,0xB0,0xF5,0x97,0xAC,0x01,
  0x1C,0xCE,0x70,0x25,0x25,0x25,0x25,0x07,0x11,0xFE,0x10,0x09,0x07,0x02,0x01,0x03,0x06,0xBF,0xDF,0x60,0x96,0xFE,0xCF,0xEB,
  0xD6,0xFE,0xD4,0x9E,0x17,0x27,0x32,0x1A,0x01,0x9E,0x0C,0x0F,0x03,0x0A,0x02,0x04,0x04,0x03,0x05,0x05,0x03,0x04,0x04,0x02,
  0x0A,0x04,0x0E,0x0C,0x00,0x03,0x00,0x48,0x00,0x00,0x05,0xFE,0x05,0x78,0x00,0x03,0x00,0x2B,0x00,0x53,0x00,0x00,0x41,0x21,
  0x15,0x21,0x13,0x14,0x16,0x17,0x17,0x16,0x15,0x14,0x06,0x23,0x21,0x22,0x26,0x35,0x34,0x37,0x37,0x36,0x36,0x35,0x11,0x34,
  0x26,0x27,0x27,0x26,0x35,0x34,0x36,0x33,0x21,0x32,0x16,0x15,0x14,0x07,0x07,0x06,0x06,0x15,0x01,0x14,0x16,0x17,0x17,0x16,
  0x15,0x14,0x06,0x23,0x21,0x22,0x26,0x35,0x34,0x37,0x37,0x36,0x36,0x35,0x11,0x34,0x26,0x27,0x27,0x26,0x35,0x34,0x36,0x33,
  0x21,0x32,0x16,0x15,0x14,0x07,0x07,0x06,0x06,0x15,0x01,0x90,0x03,0x00,0xFD,0x00,0xDA,0x18,0x16,0x38,0x10,0x06,0x06,0xFD,
  0x80,0x06,0x06,0x10,0x38,0x17,0x17,0x17,0x17,0x38,0x10,0x06,0x06,0x02,0x80,0x06,0x06,0x10,0x38,0x16,0x18,0x03,0x1E,0x18,
  0x16,0x38,0x10,0x06,0x06,0xFD,0x80,0x06,0x06,0x10,0x38,0x17,0x17,0x17,0x17,0x38,0x10,0x06,0x06,0x02,0x80,0x06,0x06,0x10,
  0x38,0x16,0x18,0x02,0x9C,0x18,0xFD,0xB6,0x0C,0x0E,0x04,0x0A,0x03,0x07,0x03,0x05,0x05,0x03,0x07,0x03,0x0A,0x04,0x0E,0x0C,
  0x05,0x04,0x0C,0x0E,0x04,0x0A,0x03,0x07,0x03,0x05,0x05,0x03,0x07,0x03,0x0A,0x04,0x0E,0x0C,0xFA,0xFC,0x0C,0x0E,0x04,0x0A,
  0x03,0x07,0x03,0x05,0x05,0x03,0x07,0x03,0x0A,0x04,0x0E,0x0C,0x05,0x04,0x0C,0x0E,0x04,0x0A,0x03,0x07,0x03,0x05,0x05,0x03,
  0x07,0x03,0x0A,0x04,0x0E,0x0C,0x00,0x01,0x00,0x3E,0x00,0x00,0x02,0xD6,0x05,0x78,0x00,0x27,0x00,0x00,0x65,0x14,0x16,0x17,
  0x17,0x16,0x15,0x14,0x06,0x23,0x21,0x22,0x26,0x35,0x34,0x37,0x37,0x36,0x36,0x35,0x11,0x34,0x26,0x27,0x27,0x26,0x35,0x34,
  0x36,0x33,0x21,0x32,0x16,0x15,0x14,0x07,0x07,0x06,0x06,0x15,0x02,0x60,0x18,0x16,0x38,0x10,0x06,0x06,0xFD,0x80,0x06,0x06,
  0x10,0x38,0x17,0x17,0x17,0x17,0x38,0x10,0x06,0x06,0x02,0x80,0x06,0x06,0x10,0x38,0x16,0x18,0x3A,0x0C,0x0E,0x04,0x0A,0x03,
  0x07,0x03,0x05,0x05,0x03,0x07,0x03,0x0A,0x04,0x0E,0x0C,0x05,0x04,0x0C,0x0E,0x04,0x0A,0x03,0x07,0x03,0x05,0x05,0x03,0x07,
  0x03,0x0A,0x04,0x0E,0x0C,0x00,0x00,0x01,0xFF,0xFC,0xFF,0xE2,0x03,0x40,0x05,0x78,0x00,0x32,0x00,0x00,0x41,0x14,0x06,0x23,
  0x22,0x26,0x35,0x34,0x36,0x33,0x32,0x16,0x15,0x15,0x14,0x16,0x33,0x32,0x36,0x35,0x34,0x2E,0x02,0x35,0x11,0x34,0x26,0x27,
  0x27,0x26,0x26,0x35,0x34,0x36,0x33,0x21,0x32,0x16,0x15,0x14,0x07,0x07,0x06,0x06,0x15,0x11,0x14,0x1E,0x02,0x03,0x40,0xF6,
  0xD2,0xB6,0xC6,0x56,0x52,0x3E,0x58,0x28,0x2E,0x2B,0x35,0x3F,0x54,0x3F,0x0F,0x14,0x39,0x0C,0x0A,0x0B,0x04,0x02,0x6E,0x09,
  0x08,0x22,0x25,0x16,0x15,0x24,0x30,0x24,0x01,0x26,0x93,0xB1,0x89,0x6B,0x4F,0x61,0x5F,0x57,0x6C,0x33,0x3D,0x54,0x4E,0x3E,
  0x76,0x87,0xAE,0x77,0x02,0x33,0x17,0x17,0x03,0x09,0x02,0x05,0x04,0x05,0x05,0x04,0x04,0x04,0x08,0x09,0x05,0x0E,0x0F,0xFD,
  0xBF,0x51,0x79,0x66,0x65,0x00,0x00,0x03,0x00,0x3E,0x00,0x00,0x05,0xF2,0x05,0x78,0x00,0x19,0x00,0x30,0x00,0x59,0x00,0x00,
  0x41,0x01,0x36,0x36,0x26,0x27,0x27,0x26,0x26,0x35,0x34,0x36,0x33,0x21,0x32,0x16,0x15,0x14,0x06,0x07,0x0E,0x03,0x07,0x01,
  0x37,0x01,0x01,0x16,0x16,0x17,0x16,0x16,0x15,0x14,0x06,0x23,0x21,0x22,0x26,0x35,0x34,0x36,0x37,0x37,0x36,0x36,0x27,0x05,
  0x14,0x16,0x17,0x17,0x16,0x16,0x15,0x14,0x06,0x23,0x21,0x22,0x26,0x35,0x34,0x37,0x37,0x36,0x36,0x35,0x11,0x34,0x26,0x27,
  0x27,0x26,0x35,0x34,0x36,0x33,0x21,0x32,0x16,0x15,0x14,0x07,0x07,0x06,0x06,0x15,0x02,0x22,0x01,0xBC,0x4C,0x2D,0x36,0x4B,
  0x14,0x07,0x05,0x05,0x05,0x01,0xF0,0x05,0x05,0x07,0x05,0x1C,0x42,0x5F,0x8C,0x67,0xFE,0x2E,0x85,0x01,0x34,0x01,0xAF,0x19,
  0x1F,0x1C,0x05,0x05,0x06,0x05,0xFD,0xA8,0x05,0x06,0x07,0x05,0x2F,0x0B,0x0A,0x11,0xFE,0x9D,0x18,0x16,0x38,0x09,0x07,0x06,
  0x06,0xFD,0x80,0x06,0x06,0x10,0x38,0x17,0x17,0x17,0x17,0x38,0x10,0x06,0x06,0x02,0x80,0x06,0x06,0x10,0x38,0x16,0x18,0x02,
  0x38,0x01,0xBF,0x4D,0x95,0x71,0x16,0x06,0x02,0x04,0x04,0x03,0x05,0x04,0x03,0x05,0x04,0x02,0x0D,0x2A,0x4E,0x83,0x68,0xFE,
  0x2A,0x9E,0x01,0x2E,0xFC,0x83,0x33,0x2A,0x02,0x01,0x04,0x03,0x04,0x04,0x05,0x04,0x05,0x03,0x01,0x08,0x02,0x1A,0x25,0x21,
  0x0C,0x0E,0x04,0x0A,0x01,0x04,0x05,0x03,0x05,0x05,0x03,0x07,0x03,0x0A,0x04,0x0E,0x0C,0x05,0x04,0x0C,0x0E,0x04,0x0A,0x03,
  0x07,0x03,0x05,0x05,0x03,0x07,0x03,0x0A,0x04,0x0E,0x0C,0x00,0x00,0x01,0x00,0x3E,0xFF,0xEA,0x04,0xAE,0x05,0x78,0x00,0x35,
  0x00,0x00,0x41,0x07,0x06,0x06,0x15,0x11,0x14,0x16,0x33,0x33,0x32,0x36,0x36,0x37,0x37,0x36,0x36,0x17,0x16,0x16,0x07,0x03,
  0x06,0x06,0x23,0x22,0x26,0x26,0x23,0x21,0x22,0x26,0x35,0x34,0x37,0x37,0x36,0x36,0x35,0x11,0x34,0x26,0x27,0x27,0x26,0x35,
  0x34,0x36,0x33,0x21,0x32,0x16,0x15,0x14,0x02,0xC6,0x38,0x16,0x18,0x1A,0x18,0x3A,0x31,0x6A,0x75,0x3F,0x7F,0x03,0x06,0x03,
  0x05,0x03,0x02,0x62,0x03,0x04,0x03,0x04,0x1D,0x2A,0x19,0xFC,0x6E,0x06,0x06,0x10,0x38,0x17,0x17,0x17,0x17,0x38,0x10,0x06,
  0x06,0x02,0x80,0x06,0x06,0x05,0x66,0x0A,0x04,0x0E,0x0C,0xFB,0x06,0x19,0x13,0x2E,0x79,0x71,0xE2,0x06,0x04,0x02,0x01,0x08,
  0x09,0xFD,0xFA,0x10,0x08,0x0B,0x0B,0x05,0x03,0x07,0x03,0x0A,0x04,0x0E,0x0C,0x05,0x04,0x0C,0x0E,0x04,0x0A,0x03,0x07,0x03,
  0x05,0x05,0x03,0x07,0x00,0x01,0xFF,0xDF,0x00,0x00,0x06,0x9E,0x05,0x78,0x00,0x56,0x00,0x00,0x41,0x07,0x13,0x36,0x36,0x33,
  0x21,0x32,0x16,0x15,0x14,0x06,0x07,0x07,0x06,0x06,0x17,0x13,0x16,0x16,0x17,0x17,0x16,0x16,0x15,0x14,0x06,0x23,0x21,0x22,
  0x26,0x35,0x34,0x36,0x37,0x37,0x36,0x36,0x27,0x03,0x37,0x01,0x06,0x06,0x23,0x22,0x26,0x26,0x27,0x01,0x37,0x03,0x06,0x16,
  0x17,0x17,0x16,0x16,0x15,0x14,0x06,0x23,0x21,0x22,0x26,0x35,0x34,0x36,0x37,0x37,0x36,0x36,0x37,0x13,0x36,0x26,0x27,0x27,
  0x26,0x26,0x35,0x34,0x33,0x21,0x32,0x16,0x17,0x03,0x7B,0x1A,0xE9,0x08,0x11,0x0F,0x01,0xC8,0x05,0x06,0x07,0x08,0x37,0x17,
  0x15,0x02,0x57,0x02,0x10,0x1A,0x37,0x08,0x07,0x06,0x05,0xFD,0x86,0x06,0x06,0x07,0x09,0x36,0x1A,0x13,0x02,0x51,0x15,0xFE,
  0x89,0x07,0x0D,0x05,0x03,0x08,0x08,0x05,0xFE,0x59,0x12,0x57,0x04,0x59,0x46,0x14,0x07,0x04,0x04,0x05,0xFE,0x8A,0x05,0x05,
  0x08,0x04,0x13,0x39,0x59,0x05,0x51,0x08,0x10,0x1F,0x36,0x09,0x07,0x0C,0x01,0xD7,0x0B,0x11,0x07,0x02,0xA1,0x30,0x02,0xDD,
  0x1A,0x10,0x05,0x03,0x04,0x04,0x02,0x0A,0x04,0x23,0x1D,0xFB,0x3E,0x21,0x14,0x05,0x0A,0x01,0x04,0x05,0x03,0x05,0x05,0x03,
  0x05,0x04,0x01,0x0A,0x05,0x18,0x1F,0x04,0x76,0x1A,0xFB,0x60,0x16,0x0A,0x05,0x0E,0x0D,0x04,0x86,0x24,0xFB,0xC7,0x37,0x55,
  0x15,0x06,0x02,0x04,0x04,0x03,0x05,0x05,0x03,0x05,0x04,0x01,0x06,0x12,0x56,0x3D,0x03,0xDE,0x5D,0x5E,0x06,0x0A,0x02,0x04,
  0x04,0x08,0x0E,0x12,0x00,0x01,0x00,0x0A,0x00,0x00,0x05,0x54,0x05,0x78,0x00,0x4B,0x00,0x00,0x65,0x14,0x06,0x23,0x21,0x22,
  0x26,0x35,0x34,0x37,0x37,0x36,0x36,0x35,0x11,0x34,0x26,0x27,0x27,0x26,0x26,0x35,0x34,0x36,0x33,0x21,0x32,0x16,0x17,0x01,
  0x07,0x11,0x34,0x26,0x27,0x27,0x26,0x35,0x34,0x36,0x33,0x21,0x32,0x16,0x15,0x14,0x07,0x07,0x06,0x06,0x15,0x11,0x14,0x16,
  0x17,0x17,0x16,0x16,0x15,0x14,0x06,0x23,0x21,0x22,0x35,0x34,0x26,0x27,0x01,0x33,0x11,0x14,0x16,0x17,0x17,0x16,0x01,0x9E,
  0x05,0x05,0xFE,0x80,0x05,0x05,0x0C,0x14,0x41,0x5D,0x02,0x08,0x60,0x05,0x0D,0x04,0x06,0x01,0xD4,0x05,0x09,0x04,0x02,0x56,
  0x14,0x5C,0x42,0x14,0x0C,0x05,0x05,0x01,0x80,0x05,0x05,0x0C,0x14,0x41,0x5D,0x08,0x04,0x4C,0x0E,0x08,0x06,0x08,0xFE,0x4A,
  0x0E,0x06,0x04,0xFD,0x7C,0x3C,0x5E,0x40,0x14,0x0C,0x08,0x03,0x05,0x05,0x03,0x06,0x04,0x06,0x14,0x61,0x56,0x03,0x9F,0x0C,
  0x0B,0x0D,0xAE,0x0A,0x12,0x04,0x02,0x02,0x06,0x08,0xFB,0x74,0x30,0x03,0xE7,0x56,0x62,0x13,0x06,0x04,0x06,0x03,0x05,0x05,
  0x03,0x06,0x04,0x06,0x13,0x62,0x56,0xFC,0x53,0x0D,0x15,0x08,0x84,0x19,0x14,0x05,0x03,0x05,0x10,0x06,0x17,0x07,0x04,0xB2,
  0xFB,0xFC,0x55,0x61,0x14,0x06,0x04,0x00,0x00,0x02,0x00,0x28,0xFF,0xEC,0x05,0xAC,0x05,0x8C,0x00,0x13,0x00,0x27,0x00,0x00,
  0x41,0x32,0x04,0x16,0x12,0x15,0x14,0x02,0x06,0x06,0x23,0x22,0x24,0x26,0x02,0x35,0x34,0x12,0x36,0x36,0x01,0x34,0x02,0x02,
  0x26,0x26,0x23,0x22,0x06,0x06,0x15,0x14,0x12,0x12,0x16,0x16,0x33,0x32,0x36,0x36,0x02,0xD6,0xA7,0x01,0x0C,0xBE,0x65,0x62,
  0xB6,0xFD,0x9A,0xA7,0xFE,0xF4,0xBD,0x65,0x64,0xB8,0xFB,0x01,0xBF,0x2C,0x4B,0x63,0x6E,0x38,0x36,0x4B,0x27,0x2B,0x4C,0x61,
  0x6F,0x38,0x3B,0x4B,0x23,0x05,0x8C,0x66,0xBC,0xFE,0xFB,0x9F,0xA3,0xFE,0xF3,0xC1,0x69,0x65,0xBE,0x01,0x0D,0xA8,0x9C,0x01,
  0x05,0xBE,0x69,0xFB,0xEC,0x95,0x01,0x25,0x01,0x03,0xC8,0x72,0x4F,0x9B,0x71,0x99,0xFE,0xD5,0xFE,0xF8,0xCB,0x74,0x4C,0xA2,
  0x00,0x01,0x00,0x3E,0x00,0x00,0x05,0x3E,0x05,0x78,0x00,0x38,0x00,0x00,0x41,0x14,0x06,0x06,0x23,0x22,0x26,0x27,0x37,0x1E,
  0x02,0x33,0x32,0x36,0x36,0x35,0x34,0x26,0x26,0x23,0x23,0x11,0x14,0x16,0x17,0x17,0x16,0x16,0x15,0x14,0x06,0x23,0x21,0x22,
  0x26,0x35,0x34,0x37,0x37,0x36,0x36,0x35,0x11,0x34,0x26,0x27,0x27,0x26,0x35,0x34,0x36,0x33,0x21,0x32,0x04,0x16,0x05,0x3E,
  0x84,0xEA,0x98,0x86,0x9D,0x3F,0x04,0x2E,0x45,0x40,0x24,0x3B,0x6C,0x46,0x4E,0x80,0x4A,0x26,0x17,0x17,0x3C,0x06,0x06,0x05,
  0x06,0xFD,0x7F,0x06,0x06,0x0E,0x3D,0x16,0x15,0x15,0x15,0x41,0x0B,0x05,0x06,0x02,0x3D,0xD1,0x01,0x39,0xAE,0x03,0x52,0x87,
  0xC5,0x6A,0x38,0x31,0x15,0x20,0x27,0x11,0x56,0xB4,0x8D,0xAB,0xE7,0x75,0xFA,0xDD,0x0E,0x0E,0x05,0x0B,0x01,0x04,0x04,0x03,
  0x05,0x05,0x04,0x06,0x03,0x0B,0x04,0x0F,0x0A,0x04,0xFD,0x0E,0x12,0x04,0x0C,0x02,0x06,0x05,0x04,0x8A,0xF8,0x00,0x00,0x03,
  0x00,0x1E,0xFE,0xB4,0x05,0xDD,0x05,0x8C,0x00,0x13,0x00,0x27,0x00,0x45,0x00,0x00,0x41,0x32,0x04,0x16,0x12,0x15,0x14,0x02,
  0x06,0x04,0x23,0x22,0x24,0x26,0x02,0x35,0x34,0x12,0x36,0x24,0x01,0x34,0x02,0x02,0x26,0x26,0x23,0x22,0x06,0x06,0x15,0x14,
  0x12,0x12,0x16,0x16,0x33,0x32,0x36,0x36,0x27,0x26,0x36,0x37,0x36,0x16,0x17,0x1E,0x03,0x33,0x32,0x36,0x36,0x37,0x36,0x36,
  0x17,0x16,0x14,0x07,0x07,0x06,0x06,0x23,0x22,0x26,0x26,0x02,0x02,0xDC,0xA7,0x01,0x10,0xC5,0x6A,0x64,0xBA,0xFE,0xFE,0x9E,
  0xAF,0xFE,0xED,0xC0,0x64,0x67,0xBB,0x01,0x02,0x01,0xC8,0x2C,0x4E,0x64,0x71,0x39,0x38,0x4D,0x27,0x2C,0x4D,0x64,0x71,0x3A,
  0x3C,0x4C,0x24,0xE9,0x01,0x04,0x04,0x04,0x06,0x01,0x22,0x54,0x6F,0x94,0x63,0x3D,0x47,0x26,0x09,0x05,0x0C,0x05,0x05,0x07,
  0x74,0x0D,0x37,0x28,0x56,0x8B,0x71,0x5C,0x05,0x8C,0x66,0xBC,0xFE,0xFB,0x9F,0xA3,0xFE,0xF3,0xC1,0x69,0x63,0xBC,0x01,0x0E,
  0xAB,0x9C,0x01,0x05,0xBE,0x69,0xFB,0xEC,0x96,0x01,0x27,0x01,0x06,0xCA,0x73,0x51,0x9F,0x74,0x9A,0xFE,0xD2,0xFE,0xF6,0xCD,
  0x75,0x4E,0xA6,0x91,0x07,0x09,0x01,0x01,0x09,0x08,0xA2,0xC7,0x68,0x25,0x0C,0x16,0x0D,0x08,0x04,0x03,0x03,0x0E,0x0C,0xC7,
  0x16,0x1A,0x4B,0xA8,0x01,0x15,0x00,0x02,0x00,0x3E,0x00,0x00,0x05,0xB8,0x05,0x78,0x00,0x3B,0x00,0x51,0x00,0x00,0x41,0x14,
  0x06,0x06,0x07,0x0E,0x02,0x23,0x22,0x26,0x26,0x27,0x37,0x1E,0x02,0x33,0x32,0x36,0x35,0x34,0x26,0x26,0x23,0x23,0x11,0x14,
  0x16,0x17,0x17,0x16,0x16,0x15,0x14,0x23,0x21,0x22,0x26,0x35,0x34,0x37,0x37,0x36,0x36,0x35,0x11,0x34,0x26,0x27,0x27,0x26,
  0x35,0x34,0x36,0x33,0x21,0x32,0x04,0x16,0x01,0x25,0x01,0x16,0x16,0x17,0x16,0x16,0x15,0x14,0x06,0x23,0x21,0x22,0x35,0x34,
  0x36,0x37,0x37,0x36,0x36,0x27,0x05,0x74,0x5D,0xAC,0x79,0x18,0x33,0x35,0x1C,0x5C,0x72,0x4C,0x24,0x0C,0x1E,0x37,0x3F,0x2A,
  0x66,0x7E,0x59,0x90,0x53,0x2A,0x16,0x18,0x38,0x09,0x07,0x0C,0xFD,0x80,0x06,0x06,0x10,0x38,0x18,0x16,0x17,0x17,0x38,0x10,
  0x06,0x06,0x02,0x3E,0xE5,0x01,0x50,0xB7,0xFD,0x52,0x01,0x8C,0x01,0x18,0x0D,0x1C,0x15,0x09,0x07,0x06,0x06,0xFD,0xC0,0x0C,
  0x08,0x08,0x18,0x1B,0x15,0x14,0x03,0x82,0x64,0xA1,0x6C,0x16,0x04,0x06,0x03,0x16,0x27,0x1B,0x14,0x19,0x1F,0x0E,0x9B,0xB5,
  0x93,0xE6,0x83,0xFA,0xF0,0x18,0x17,0x05,0x0A,0x01,0x04,0x05,0x08,0x05,0x03,0x07,0x03,0x0A,0x05,0x17,0x18,0x04,0xEE,0x0C,
  0x0E,0x04,0x0A,0x03,0x07,0x03,0x05,0x7B,0xE1,0xFD,0xEA,0x2C,0xFE,0x16,0x16,0x19,0x07,0x03,0x02,0x05,0x03,0x05,0x08,0x05,
  0x01,0x04,0x0A,0x0B,0x1B,0x24,0x00,0x01,0x00,0x2E,0xFF,0xE4,0x04,0x7A,0x05,0x94,0x00,0x4A,0x00,0x00,0x45,0x22,0x26,0x26,
  0x23,0x22,0x0E,0x02,0x23,0x22,0x26,0x27,0x03,0x26,0x36,0x37,0x36,0x16,0x17,0x1E,0x02,0x33,0x32,0x36,0x35,0x34,0x26,0x26,
  0x27,0x2E,0x02,0x35,0x34,0x36,0x36,0x33,0x32,0x16,0x16,0x33,0x32,0x36,0x36,0x33,0x32,0x16,0x17,0x13,0x16,0x06,0x07,0x06,
  0x26,0x27,0x2E,0x02,0x23,0x22,0x06,0x15,0x14,0x16,0x16,0x17,0x1E,0x02,0x15,0x14,0x06,0x06,0x02,0x64,0x53,0x6D,0x3E,0x0C,
  0x0A,0x2D,0x35,0x2F,0x0D,0x07,0x13,0x02,0x42,0x01,0x02,0x03,0x03,0x08,0x03,0x6F,0xAA,0x87,0x3A,0x5F,0x71,0x34,0x7A,0x68,
  0xA7,0xCA,0x5B,0x86,0xF0,0xA0,0x46,0x60,0x3D,0x11,0x13,0x4D,0x4B,0x11,0x06,0x0C,0x02,0x70,0x02,0x03,0x03,0x03,0x08,0x03,
  0x7A,0xB5,0x92,0x45,0x51,0x67,0x30,0x70,0x60,0xAF,0xCC,0x57,0x7F,0xEF,0x14,0x33,0x33,0x21,0x2C,0x21,0x0E,0x0A,0x01,0xF0,
  0x09,0x08,0x01,0x02,0x05,0x05,0xCE,0xD7,0x4D,0x61,0x69,0x46,0x6C,0x54,0x22,0x38,0x8F,0xB2,0x6F,0x7F,0xC2,0x6D,0x1F,0x1F,
  0x23,0x23,0x09,0x09,0xFE,0x26,0x09,0x07,0x02,0x01,0x05,0x04,0xC1,0xCB,0x4A,0x74,0x60,0x48,0x6F,0x56,0x21,0x3C,0x8A,0xA8,
  0x6A,0x78,0xC3,0x73,0x00,0x01,0x00,0x11,0x00,0x00,0x05,0x34,0x05,0x8E,0x00,0x3A,0x00,0x00,0x53,0x21,0x32,0x36,0x36,0x33,
  0x32,0x16,0x17,0x13,0x16,0x06,0x07,0x06,0x26,0x27,0x2E,0x02,0x23,0x23,0x11,0x14,0x16,0x17,0x17,0x16,0x15,0x14,0x23,0x21,
  0x22,0x26,0x35,0x34,0x37,0x37,0x36,0x36,0x35,0x11,0x23,0x22,0x06,0x06,0x07,0x06,0x06,0x27,0x26,0x26,0x37,0x13,0x36,0x36,
  0x33,0x32,0x16,0x16,0xBE,0x03,0xC8,0x19,0x2A,0x1D,0x04,0x03,0x05,0x02,0x3E,0x02,0x03,0x03,0x03,0x08,0x03,0x58,0x8D,0x71,
  0x2C,0x26,0x18,0x16,0x38,0x10,0x0C,0xFD,0x80,0x06,0x06,0x10,0x38,0x17,0x17,0x26,0x27,0x6E,0x91,0x5C,0x03,0x08,0x03,0x03,
  0x02,0x01,0x3E,0x02,0x05,0x03,0x04,0x1C,0x2B,0x05,0x78,0x0B,0x0B,0x07,0x11,0xFE,0x40,0x09,0x07,0x02,0x01,0x03,0x06,0xBA,
  0xBB,0x3F,0xFA,0xDA,0x0C,0x0E,0x04,0x0A,0x03,0x07,0x08,0x05,0x03,0x07,0x03,0x0A,0x04,0x0E,0x0C,0x05,0x26,0x47,0xBC,0xB1,
  0x06,0x03,0x01,0x02,0x07,0x09,0x01,0xC0,0x11,0x07,0x0B,0x0B,0x00,0x01,0x00,0x59,0xFF,0xEC,0x05,0x46,0x05,0x78,0x00,0x48,
  0x00,0x00,0x41,0x03,0x26,0x26,0x27,0x27,0x26,0x26,0x35,0x34,0x36,0x33,0x21,0x32,0x16,0x15,0x14,0x06,0x07,0x07,0x06,0x06,
  0x17,0x13,0x16,0x16,0x15,0x14,0x06,0x06,0x23,0x22,0x24,0x26,0x35,0x34,0x36,0x36,0x37,0x13,0x36,0x26,0x27,0x27,0x26,0x35,
  0x34,0x36,0x33,0x21,0x32,0x16,0x15,0x14,0x06,0x07,0x07,0x06,0x06,0x07,0x03,0x06,0x06,0x15,0x14,0x16,0x33,0x32,0x36,0x36,
  0x35,0x34,0x26,0x04,0x95,0x24,0x05,0x4D,0x4D,0x14,0x07,0x05,0x05,0x05,0x01,0x80,0x05,0x05,0x06,0x06,0x15,0x49,0x58,0x05,
  0x24,0x04,0x06,0x57,0xCB,0xAE,0xCE,0xFE,0xF7,0x7F,0x06,0x08,0x02,0x2E,0x01,0x18,0x17,0x38,0x10,0x06,0x06,0x02,0x80,0x06,
  0x06,0x07,0x09,0x3E,0x16,0x17,0x01,0x2E,0x05,0x01,0x8D,0x69,0x66,0xA2,0x5E,0x05,0x02,0x70,0x02,0x23,0x53,0x63,0x17,0x06,
  0x02,0x04,0x04,0x03,0x05,0x05,0x03,0x04,0x04,0x02,0x06,0x15,0x69,0x4A,0xFD,0xE2,0x36,0x6A,0x38,0x79,0xC7,0x76,0x6B,0xBC,
  0x79,0x1C,0x5A,0x5B,0x1F,0x02,0xC2,0x0C,0x0E,0x04,0x0A,0x03,0x07,0x03,0x05,0x05,0x03,0x04,0x04,0x02,0x0A,0x04,0x0E,0x0C,
  0xFD,0x46,0x4E,0x83,0x2D,0xCC,0xAC,0x5C,0xAE,0x7A,0x4E,0x63,0x00,0x01,0xFF,0xF3,0x00,0x00,0x05,0x1F,0x05,0x78,0x00,0x3C,
  0x00,0x00,0x41,0x34,0x36,0x33,0x21,0x32,0x16,0x15,0x14,0x06,0x07,0x07,0x06,0x06,0x07,0x01,0x06,0x06,0x15,0x15,0x14,0x06,
  0x23,0x21,0x22,0x26,0x35,0x35,0x34,0x26,0x27,0x01,0x26,0x26,0x27,0x27,0x26,0x35,0x34,0x36,0x33,0x21,0x32,0x16,0x15,0x14,
  0x06,0x07,0x07,0x06,0x06,0x17,0x01,0x07,0x01,0x36,0x26,0x27,0x27,0x26,0x26,0x03,0xB3,0x05,0x05,0x01,0x58,0x05,0x05,0x06,
  0x06,0x14,0x2F,0x59,0x17,0xFE,0xF3,0x07,0x03,0x04,0x06,0xFE,0x7C,0x06,0x06,0x0C,0x08,0xFE,0xA4,0x07,0x0E,0x0B,0x1C,0x10,
  0x06,0x06,0x02,0x4B,0x06,0x06,0x07,0x09,0x22,0x1C,0x0B,0x09,0x01,0x43,0x20,0x01,0x1E,0x13,0x30,0x57,0x14,0x07,0x05,0x05,
  0x70,0x03,0x05,0x05,0x03,0x04,0x04,0x02,0x08,0x13,0x64,0x53,0xFC,0x31,0x1C,0x2E,0x19,0x56,0x06,0x06,0x06,0x06,0x55,0x0E,
  0x2D,0x1A,0x04,0x74,0x15,0x15,0x04,0x0C,0x07,0x05,0x03,0x05,0x05,0x03,0x04,0x03,0x03,0x0A,0x08,0x1C,0x1E,0xFB,0xB8,0x4A,
  0x04,0x08,0x43,0x73,0x1A,0x06,0x02,0x04,0x00,0x02,0x00,0x17,0x00,0x00,0x07,0xD8,0x05,0x78,0x00,0x28,0x00,0x66,0x00,0x00,
  0x41,0x17,0x03,0x06,0x06,0x15,0x15,0x14,0x06,0x23,0x21,0x22,0x26,0x35,0x35,0x34,0x26,0x27,0x01,0x26,0x26,0x27,0x27,0x26,
  0x26,0x35,0x34,0x36,0x33,0x21,0x32,0x16,0x15,0x14,0x23,0x07,0x06,0x06,0x17,0x01,0x07,0x01,0x34,0x36,0x33,0x21,0x32,0x16,
  0x15,0x14,0x06,0x07,0x07,0x06,0x06,0x07,0x03,0x06,0x06,0x15,0x15,0x14,0x06,0x23,0x21,0x22,0x26,0x35,0x35,0x34,0x26,0x27,
  0x01,0x26,0x26,0x27,0x27,0x26,0x26,0x35,0x34,0x36,0x33,0x21,0x32,0x16,0x15,0x14,0x06,0x07,0x07,0x06,0x06,0x17,0x01,0x07,
  0x13,0x36,0x26,0x27,0x27,0x26,0x26,0x03,0xFD,0x14,0xE7,0x01,0x03,0x03,0x05,0xFE,0x64,0x04,0x04,0x04,0x02,0xFE,0xF7,0x03,
  0x0A,0x0B,0x36,0x03,0x03,0x04,0x02,0x02,0x5C,0x03,0x04,0x06,0x4A,0x0F,0x08,0x03,0x01,0x03,0x19,0x03,0x66,0x05,0x05,0x01,
  0x58,0x05,0x05,0x06,0x06,0x14,0x31,0x5A,0x0E,0xCD,0x01,0x03,0x03,0x05,0xFE,0x64,0x04,0x04,0x03,0x02,0xFE,0xE2,0x04,0x0A,
  0x0B,0x32,0x05,0x05,0x05,0x03,0x02,0x58,0x03,0x04,0x05,0x04,0x3D,0x0F,0x08,0x03,0x01,0x13,0x19,0xD7,0x0C,0x3E,0x4A,0x14,
  0x07,0x05,0x04,0x32,0x0D,0xFC,0x5F,0x04,0x0F,0x0B,0x5C,0x04,0x06,0x06,0x04,0x5C,0x0B,0x0D,0x0A,0x04,0xB8,0x0F,0x0C,0x03,
  0x0E,0x01,0x03,0x02,0x02,0x04,0x04,0x02,0x06,0x0E,0x03,0x11,0x0E,0xFB,0x4B,0x2F,0x05,0x18,0x03,0x05,0x05,0x03,0x04,0x04,
  0x02,0x08,0x13,0x61,0x44,0xFB,0xDE,0x04,0x0F,0x0B,0x5C,0x04,0x06,0x06,0x04,0x5C,0x0B,0x0E,0x0A,0x04,0xB6,0x0E,0x0C,0x03,
  0x0E,0x02,0x03,0x02,0x03,0x04,0x04,0x03,0x02,0x04,0x01,0x0E,0x04,0x10,0x0E,0xFB,0x44,0x26,0x04,0x53,0x3D,0x62,0x16,0x06,
  0x02,0x04,0x00,0x03,0x00,0x17,0x00,0x00,0x05,0x49,0x05,0x78,0x00,0x2B,0x00,0x41,0x00,0x59,0x00,0x00,0x65,0x1E,0x02,0x17,
  0x16,0x16,0x15,0x14,0x06,0x23,0x21,0x22,0x26,0x35,0x34,0x36,0x37,0x3E,0x02,0x27,0x01,0x2E,0x02,0x27,0x26,0x26,0x35,0x34,
  0x36,0x33,0x21,0x32,0x16,0x15,0x14,0x06,0x07,0x07,0x06,0x06,0x17,0x13,0x27,0x01,0x36,0x26,0x27,0x27,0x26,0x26,0x35,0x34,
  0x36,0x33,0x21,0x32,0x15,0x14,0x06,0x07,0x06,0x06,0x07,0x01,0x17,0x01,0x06,0x16,0x17,0x17,0x16,0x16,0x15,0x14,0x06,0x23,
  0x21,0x22,0x26,0x35,0x34,0x36,0x37,0x3E,0x02,0x37,0x04,0xD8,0x0C,0x1C,0x23,0x16,0x09,0x07,0x06,0x06,0xFD,0x6E,0x06,0x06,
  0x07,0x09,0x27,0x22,0x02,0x0B,0xFD,0x92,0x0C,0x1A,0x1E,0x14,0x07,0x04,0x08,0x04,0x02,0x8D,0x06,0x06,0x07,0x09,0x38,0x18,
  0x09,0x0A,0xC3,0x17,0x01,0x08,0x31,0x33,0x3E,0x14,0x07,0x05,0x05,0x05,0x01,0x58,0x0A,0x06,0x06,0x52,0x66,0x2F,0xFE,0x2A,
  0x16,0xFE,0xB7,0x23,0x2B,0x3F,0x14,0x07,0x05,0x05,0x05,0xFE,0x9C,0x05,0x05,0x06,0x06,0x40,0x52,0x3F,0x21,0x58,0x17,0x1C,
  0x0F,0x04,0x01,0x04,0x05,0x03,0x05,0x05,0x03,0x05,0x04,0x01,0x07,0x13,0x1D,0x15,0x04,0xC8,0x18,0x1A,0x0C,0x03,0x02,0x04,
  0x03,0x04,0x04,0x04,0x04,0x04,0x04,0x02,0x0A,0x04,0x18,0x14,0xFD,0xB6,0x06,0x01,0xA8,0x4F,0x6E,0x13,0x06,0x02,0x04,0x04,
  0x03,0x05,0x08,0x04,0x04,0x02,0x23,0x6D,0x4B,0xFE,0x53,0x0C,0xFD,0xF2,0x37,0x62,0x13,0x06,0x02,0x04,0x04,0x03,0x05,0x05,
  0x03,0x04,0x04,0x02,0x18,0x30,0x44,0x35,0x00,0x02,0x00,0x14,0x00,0x00,0x05,0x02,0x05,0x78,0x00,0x2F,0x00,0x45,0x00,0x00,
  0x41,0x05,0x01,0x26,0x26,0x27,0x27,0x26,0x26,0x35,0x34,0x36,0x33,0x21,0x32,0x16,0x15,0x14,0x07,0x07,0x06,0x06,0x17,0x01,
  0x07,0x13,0x36,0x26,0x27,0x27,0x26,0x26,0x35,0x34,0x36,0x33,0x21,0x32,0x16,0x15,0x14,0x06,0x07,0x07,0x0E,0x02,0x07,0x01,
  0x25,0x11,0x14,0x16,0x17,0x17,0x16,0x15,0x14,0x06,0x23,0x21,0x22,0x26,0x35,0x34,0x37,0x37,0x36,0x36,0x35,0x03,0x5F,0xFE,
  0x62,0xFE,0xA9,0x07,0x18,0x11,0x16,0x08,0x08,0x06,0x06,0x02,0x5D,0x06,0x06,0x10,0x38,0x18,0x05,0x03,0x01,0x36,0x14,0xE1,
  0x14,0x3A,0x4E,0x14,0x07,0x05,0x05,0x05,0x01,0x58,0x05,0x05,0x06,0x06,0x14,0x1F,0x3A,0x33,0x13,0xFD,0x75,0x01,0xAC,0x18,
  0x16,0x38,0x10,0x06,0x06,0xFD,0x80,0x06,0x06,0x10,0x38,0x17,0x17,0x01,0xE8,0x2F,0x03,0x85,0x11,0x10,0x03,0x04,0x02,0x04,
  0x04,0x03,0x05,0x04,0x03,0x08,0x03,0x0A,0x04,0x0B,0x09,0xFC,0xC3,0x15,0x02,0xA3,0x3C,0x78,0x17,0x06,0x02,0x04,0x04,0x03,
  0x05,0x04,0x03,0x04,0x05,0x02,0x08,0x0C,0x34,0x51,0x39,0xFD,0x5B,0x0B,0xFE,0x40,0x0C,0x0E,0x04,0x0A,0x03,0x07,0x03,0x05,
  0x05,0x03,0x07,0x03,0x0A,0x04,0x0E,0x0C,0x00,0x01,0x00,0x00,0xFF,0xEA,0x04,0xA6,0x05,0x8E,0x00,0x3A,0x00,0x00,0x41,0x01,
  0x27,0x33,0x32,0x3E,0x02,0x37,0x37,0x36,0x36,0x17,0x16,0x16,0x07,0x03,0x06,0x06,0x23,0x22,0x26,0x26,0x23,0x21,0x22,0x26,
  0x35,0x34,0x36,0x37,0x01,0x17,0x23,0x22,0x06,0x06,0x07,0x07,0x06,0x06,0x27,0x26,0x26,0x37,0x13,0x36,0x36,0x33,0x32,0x16,
  0x16,0x33,0x21,0x32,0x16,0x15,0x14,0x14,0x04,0xA4,0xFD,0x2A,0x06,0xF2,0x41,0x65,0x5C,0x66,0x43,0x12,0x03,0x06,0x04,0x04,
  0x02,0x01,0x38,0x01,0x04,0x05,0x04,0x1D,0x2A,0x19,0xFC,0x23,0x03,0x03,0x02,0x01,0x02,0xD8,0x03,0xF0,0x56,0x7E,0x74,0x48,
  0x1B,0x04,0x06,0x03,0x03,0x03,0x01,0x3A,0x02,0x04,0x04,0x04,0x1D,0x2A,0x19,0x03,0xC9,0x02,0x02,0x05,0x70,0xFA,0x96,0x12,
  0x20,0x57,0xA1,0x82,0x23,0x06,0x05,0x02,0x01,0x06,0x05,0xFE,0x30,0x0D,0x0B,0x0B,0x0B,0x03,0x02,0x02,0x04,0x01,0x05,0x65,
  0x11,0x39,0x94,0x8A,0x34,0x07,0x03,0x01,0x01,0x06,0x05,0x01,0x9E,0x0D,0x0B,0x0B,0x0B,0x01,0x02,0x01,0x02,0x00,0x00,0x02,
  0x00,0x16,0xFF,0xEC,0x03,0xDA,0x03,0x94,0x00,0x2A,0x00,0x44,0x00,0x00,0x65,0x35,0x07,0x11,0x34,0x26,0x23,0x22,0x06,0x15,
  0x15,0x14,0x06,0x23,0x22,0x26,0x35,0x34,0x36,0x36,0x33,0x32,0x16,0x15,0x11,0x14,0x16,0x33,0x32,0x36,0x37,0x36,0x36,0x33,
  0x32,0x16,0x15,0x14,0x06,0x06,0x23,0x22,0x26,0x25,0x34,0x36,0x33,0x32,0x16,0x17,0x07,0x26,0x26,0x23,0x22,0x06,0x15,0x14,
  0x16,0x33,0x32,0x36,0x37,0x17,0x06,0x06,0x23,0x22,0x26,0x02,0x20,0x12,0x25,0x1B,0x22,0x28,0x66,0x52,0x37,0x47,0x60,0xBF,
  0x8E,0xC0,0xBF,0x15,0x0F,0x0F,0x1D,0x04,0x01,0x03,0x02,0x03,0x03,0x2F,0x6D,0x5E,0x68,0x58,0xFD,0xF6,0xC9,0xED,0x2D,0x33,
  0x16,0x0A,0x18,0x2A,0x1C,0x2C,0x34,0x36,0x2A,0x17,0x30,0x0E,0x0E,0x28,0x9B,0x5A,0x73,0x97,0x5D,0x0E,0x11,0x02,0xDA,0x24,
  0x2A,0x2A,0x24,0x6A,0x43,0x65,0x3E,0x40,0x37,0x71,0x4C,0x94,0x8C,0xFE,0x12,0x18,0x18,0x17,0x1F,0x05,0x03,0x03,0x05,0x17,
  0x4C,0x3D,0x43,0x99,0x79,0x89,0x13,0x11,0x08,0x0E,0x0A,0x5C,0x60,0x5A,0x50,0x21,0x19,0x08,0x49,0x4D,0x7C,0x00,0x00,0x02,
  0x00,0x0C,0xFF,0xEC,0x04,0x24,0x05,0xE6,0x00,0x19,0x00,0x37,0x00,0x00,0x41,0x11,0x05,0x06,0x06,0x23,0x22,0x26,0x35,0x11,
  0x34,0x26,0x23,0x23,0x22,0x26,0x35,0x34,0x36,0x37,0x25,0x36,0x36,0x33,0x32,0x16,0x03,0x27,0x36,0x36,0x33,0x32,0x16,0x16,
  0x15,0x14,0x06,0x06,0x23,0x22,0x26,0x27,0x37,0x16,0x16,0x33,0x32,0x36,0x36,0x35,0x34,0x26,0x26,0x23,0x22,0x06,0x01,0xBA,
  0xFE,0xBC,0x06,0x0D,0x05,0x06,0x08,0x08,0x09,0x27,0x07,0x05,0x06,0x04,0x01,0x7B,0x0C,0x09,0x06,0x07,0x07,0x16,0x10,0x39,
  0x83,0x58,0x74,0xAB,0x5D,0x6F,0xC4,0x7F,0x5C,0x68,0x20,0x1A,0x10,0x35,0x27,0x30,0x48,0x28,0x20,0x3A,0x28,0x28,0x49,0x05,
  0xD8,0xFA,0x59,0x3F,0x01,0x03,0x07,0x05,0x05,0x5C,0x08,0x08,0x05,0x04,0x04,0x04,0x01,0x69,0x03,0x02,0x08,0xFD,0x0A,0x12,
  0x4E,0x4C,0x67,0xC3,0x8B,0x96,0xE1,0x7C,0x37,0x3D,0x0C,0x2A,0x28,0x45,0xB8,0xAA,0x96,0xAD,0x4A,0x32,0x00,0x01,0x00,0x16,
  0xFF,0xEC,0x03,0x71,0x03,0x94,0x00,0x2A,0x00,0x00,0x41,0x14,0x06,0x23,0x22,0x26,0x35,0x35,0x34,0x26,0x23,0x22,0x06,0x06,
  0x15,0x14,0x16,0x16,0x33,0x32,0x36,0x37,0x36,0x36,0x17,0x16,0x16,0x07,0x0E,0x02,0x23,0x22,0x26,0x26,0x35,0x34,0x36,0x36,
  0x33,0x32,0x16,0x16,0x03,0x71,0x55,0x4D,0x4E,0x58,0x28,0x21,0x23,0x34,0x1B,0x43,0x77,0x4E,0x59,0x78,0x10,0x01,0x05,0x03,
  0x03,0x03,0x01,0x11,0x70,0xB1,0x74,0x7B,0xC0,0x6E,0x7C,0xD9,0x8D,0x7E,0xA7,0x54,0x02,0x8C,0x4B,0x59,0x5D,0x59,0x64,0x3C,
  0x3E,0x45,0x85,0x60,0x80,0xB0,0x5A,0x3F,0x47,0x05,0x04,0x01,0x01,0x06,0x05,0x6E,0x9C,0x54,0x63,0xC5,0x92,0x91,0xDE,0x7F,
  0x45,0x77,0x00,0x02,0x00,0x23,0xFF,0xEC,0x04,0x41,0x05,0xE6,0x00,0x22,0x00,0x40,0x00,0x00,0x65,0x35,0x11,0x34,0x26,0x23,
  0x23,0x22,0x26,0x35,0x34,0x36,0x37,0x25,0x36,0x36,0x33,0x32,0x16,0x15,0x11,0x14,0x16,0x17,0x17,0x16,0x16,0x15,0x14,0x06,
  0x23,0x21,0x22,0x26,0x35,0x01,0x34,0x36,0x36,0x33,0x32,0x16,0x17,0x07,0x26,0x26,0x23,0x22,0x06,0x06,0x15,0x14,0x16,0x16,
  0x33,0x32,0x36,0x37,0x17,0x06,0x06,0x23,0x22,0x26,0x26,0x02,0x8D,0x08,0x09,0x27,0x07,0x05,0x06,0x04,0x01,0x7B,0x0C,0x09,
  0x06,0x07,0x07,0x0B,0x0D,0x26,0x07,0x05,0x05,0x05,0xFE,0x6E,0x0C,0x0C,0xFD,0x96,0x6F,0xC4,0x7F,0x5C,0x68,0x20,0x1A,0x10,
  0x35,0x27,0x30,0x48,0x28,0x20,0x3A,0x28,0x29,0x48,0x1D,0x10,0x39,0x83,0x58,0x74,0xAB,0x5D,0x63,0x06,0x04,0xED,0x08,0x08,
  0x05,0x04,0x04,0x04,0x01,0x69,0x03,0x02,0x08,0x06,0xFA,0x68,0x10,0x13,0x03,0x09,0x01,0x05,0x03,0x04,0x04,0x0C,0x0A,0x01,
  0x8B,0x97,0xE0,0x7C,0x37,0x3D,0x0C,0x2A,0x28,0x45,0xB7,0xAB,0x95,0xAE,0x4A,0x32,0x34,0x12,0x4E,0x4C,0x67,0xC4,0x00,0x01,
  0x00,0x14,0xFF,0xEC,0x03,0xA0,0x03,0x94,0x00,0x2A,0x00,0x00,0x41,0x14,0x06,0x23,0x21,0x35,0x21,0x32,0x35,0x34,0x26,0x23,
  0x22,0x06,0x06,0x15,0x14,0x16,0x33,0x32,0x36,0x35,0x34,0x36,0x33,0x32,0x16,0x15,0x14,0x06,0x06,0x23,0x22,0x26,0x26,0x35,
  0x34,0x36,0x36,0x33,0x32,0x16,0x16,0x03,0xA0,0x0D,0x0F,0xFD,0x8E,0x01,0x16,0x12,0x49,0x27,0x1B,0x2E,0x1D,0xA6,0x8A,0x6F,
  0x8B,0x05,0x01,0x03,0x05,0x73,0xC6,0x7D,0x88,0xD2,0x78,0x76,0xD9,0x93,0x83,0xBF,0x68,0x01,0xF0,0x0A,0x0E,0x18,0x16,0xC9,
  0xAF,0x39,0x8C,0x7B,0xCF,0xBD,0x6F,0x5D,0x05,0x03,0x04,0x06,0x72,0xB5,0x69,0x74,0xCE,0x86,0x96,0xD7,0x73,0x6E,0xBE,0x00,
  0x00,0x01,0x00,0x10,0x00,0x00,0x02,0x7C,0x05,0x96,0x00,0x4B,0x00,0x00,0x65,0x14,0x16,0x17,0x17,0x16,0x16,0x15,0x14,0x23,
  0x21,0x22,0x26,0x35,0x34,0x36,0x37,0x37,0x36,0x36,0x35,0x11,0x34,0x26,0x27,0x27,0x26,0x26,0x35,0x34,0x36,0x33,0x33,0x07,
  0x35,0x34,0x2E,0x02,0x35,0x34,0x36,0x33,0x32,0x16,0x16,0x15,0x14,0x06,0x23,0x22,0x26,0x35,0x35,0x34,0x26,0x23,0x22,0x06,
  0x15,0x14,0x1E,0x03,0x15,0x15,0x27,0x33,0x32,0x16,0x15,0x14,0x06,0x23,0x23,0x01,0xE6,0x0B,0x0D,0x64,0x06,0x08,0x0A,0xFD,
  0xC4,0x03,0x05,0x04,0x06,0x46,0x0B,0x09,0x06,0x06,0x62,0x04,0x04,0x06,0x04,0x7C,0x10,0x1C,0x24,0x1C,0xA6,0x94,0x61,0x7C,
  0x3B,0x52,0x42,0x43,0x59,0x15,0x19,0x28,0x2C,0x39,0x54,0x54,0x39,0x10,0x96,0x08,0x06,0x13,0x0F,0x70,0x42,0x0C,0x0F,0x03,
  0x12,0x01,0x04,0x05,0x08,0x03,0x03,0x03,0x04,0x01,0x12,0x03,0x0C,0x09,0x03,0x08,0x06,0x0B,0x01,0x1E,0x02,0x03,0x03,0x03,
  0x05,0x0C,0x04,0x17,0x30,0x38,0x48,0x2F,0x8F,0x99,0x40,0x6B,0x41,0x52,0x4E,0x5D,0x4B,0x8C,0x23,0x1D,0x3B,0x3B,0x41,0x69,
  0x56,0x47,0x3E,0x1D,0x06,0x20,0x03,0x05,0x09,0x09,0x00,0x04,0x00,0x11,0xFE,0x16,0x04,0x41,0x04,0x74,0x00,0x2C,0x00,0x3F,
  0x00,0x4F,0x00,0x5D,0x00,0x00,0x65,0x2E,0x02,0x35,0x34,0x36,0x33,0x27,0x0E,0x02,0x15,0x14,0x16,0x16,0x17,0x1E,0x02,0x15,
  0x14,0x06,0x06,0x23,0x22,0x26,0x35,0x34,0x36,0x37,0x35,0x06,0x06,0x15,0x14,0x16,0x16,0x33,0x32,0x24,0x35,0x34,0x26,0x26,
  0x03,0x37,0x36,0x36,0x33,0x32,0x1E,0x02,0x33,0x32,0x36,0x35,0x34,0x26,0x23,0x22,0x06,0x07,0x01,0x34,0x26,0x26,0x23,0x22,
  0x06,0x06,0x15,0x14,0x16,0x16,0x33,0x32,0x36,0x36,0x01,0x36,0x16,0x17,0x16,0x06,0x07,0x06,0x26,0x26,0x27,0x26,0x36,0x36,
  0x02,0x7D,0x5E,0x62,0x24,0x16,0x0A,0x02,0x72,0x88,0x3C,0x42,0x92,0x78,0x74,0x80,0x32,0x2F,0x5F,0x48,0x85,0x8F,0x08,0x04,
  0x8B,0x79,0x65,0xE2,0xBB,0xF6,0x01,0x0A,0x47,0xB1,0x88,0x14,0x0E,0x28,0x1F,0x1C,0x29,0x28,0x32,0x25,0x3E,0x43,0x52,0x53,
  0x61,0x7B,0x25,0x01,0x40,0x69,0xCB,0x92,0x97,0xDC,0x77,0x75,0xD9,0x96,0x84,0xD0,0x78,0xFD,0xF6,0x29,0x54,0x16,0x16,0x25,
  0x2A,0x1C,0x3A,0x2F,0x0F,0x0E,0x07,0x24,0x62,0x0B,0x17,0x1C,0x14,0x14,0x18,0x06,0x08,0x37,0x56,0x37,0x3C,0x47,0x2A,0x11,
  0x10,0x2B,0x3E,0x2B,0x31,0x3C,0x1B,0x9C,0x82,0x14,0x20,0x06,0x0A,0x0D,0x4F,0x54,0x3D,0x5C,0x33,0xB4,0x90,0x4F,0x68,0x3F,
  0x03,0x16,0x08,0x2F,0x2F,0x29,0x36,0x29,0x49,0x41,0x4A,0x5C,0x88,0x6E,0xFE,0xC0,0x58,0x9C,0x62,0x62,0xA7,0x69,0x59,0x97,
  0x5C,0x60,0xA3,0x01,0xA1,0x06,0x9F,0x9B,0x9D,0xAF,0x06,0x04,0x45,0x8D,0x68,0x67,0x94,0x51,0x00,0x02,0x00,0x1A,0x00,0x00,
  0x04,0x70,0x05,0xE6,0x00,0x25,0x00,0x49,0x00,0x00,0x41,0x11,0x14,0x16,0x17,0x17,0x16,0x15,0x14,0x23,0x21,0x22,0x26,0x35,
  0x34,0x36,0x37,0x37,0x36,0x36,0x35,0x11,0x34,0x26,0x23,0x23,0x22,0x26,0x35,0x34,0x36,0x37,0x25,0x36,0x36,0x33,0x32,0x16,
  0x03,0x27,0x37,0x36,0x36,0x33,0x32,0x16,0x17,0x13,0x16,0x16,0x17,0x17,0x16,0x16,0x15,0x14,0x06,0x23,0x21,0x22,0x35,0x34,
  0x37,0x37,0x36,0x36,0x27,0x03,0x26,0x26,0x23,0x22,0x06,0x07,0x01,0xCE,0x0B,0x0D,0x26,0x0C,0x0A,0xFE,0x16,0x04,0x06,0x05,
  0x07,0x26,0x0E,0x0A,0x08,0x09,0x27,0x07,0x05,0x06,0x04,0x01,0x7B,0x0C,0x09,0x06,0x07,0x07,0x1E,0x0E,0x28,0x69,0xA6,0x41,
  0x59,0x63,0x0C,0x44,0x02,0x09,0x0D,0x26,0x07,0x05,0x05,0x05,0xFE,0x0D,0x0A,0x0C,0x26,0x0E,0x0C,0x02,0x35,0x04,0x20,0x24,
  0x19,0x2F,0x18,0x05,0xD8,0xFA,0x68,0x10,0x13,0x03,0x09,0x03,0x06,0x08,0x04,0x04,0x03,0x05,0x01,0x09,0x03,0x13,0x10,0x05,
  0x16,0x08,0x08,0x05,0x04,0x04,0x04,0x01,0x69,0x03,0x02,0x08,0xFC,0xC9,0x0F,0x23,0x5C,0x5F,0x65,0x71,0xFD,0x82,0x10,0x13,
  0x03,0x09,0x01,0x05,0x03,0x04,0x04,0x08,0x06,0x03,0x09,0x03,0x13,0x10,0x02,0x58,0x31,0x2D,0x19,0x15,0x00,0x02,0x00,0x1A,
  0x00,0x00,0x02,0x18,0x05,0x61,0x00,0x27,0x00,0x33,0x00,0x00,0x41,0x11,0x14,0x16,0x17,0x17,0x16,0x16,0x15,0x14,0x06,0x23,
  0x21,0x22,0x26,0x35,0x34,0x36,0x37,0x37,0x36,0x36,0x35,0x11,0x34,0x26,0x23,0x23,0x22,0x26,0x35,0x34,0x36,0x37,0x25,0x36,
  0x36,0x33,0x32,0x16,0x27,0x22,0x26,0x35,0x34,0x36,0x33,0x32,0x16,0x15,0x14,0x06,0x01,0xCE,0x0B,0x0D,0x26,0x07,0x05,0x05,
  0x05,0xFE,0x16,0x04,0x06,0x05,0x07,0x26,0x0E,0x0A,0x08,0x09,0x27,0x07,0x05,0x06,0x04,0x01,0x7B,0x0C,0x09,0x06,0x07,0x07,
  0xB9,0x5B,0x72,0x72,0x5B,0x5C,0x75,0x75,0x03,0x8A,0xFC,0xB6,0x10,0x13,0x03,0x09,0x01,0x05,0x03,0x04,0x04,0x04,0x04,0x03,
  0x05,0x01,0x09,0x03,0x13,0x10,0x02,0xC8,0x08,0x08,0x05,0x04,0x04,0x04,0x01,0x69,0x03,0x02,0x08,0x41,0x74,0x54,0x54,0x74,
  0x74,0x54,0x54,0x74,0x00,0x02,0xFF,0xCD,0xFE,0x30,0x02,0x29,0x05,0x61,0x00,0x31,0x00,0x3D,0x00,0x00,0x65,0x14,0x1E,0x02,
  0x15,0x14,0x06,0x23,0x22,0x26,0x26,0x35,0x34,0x36,0x33,0x32,0x16,0x15,0x15,0x14,0x16,0x33,0x32,0x36,0x35,0x34,0x2E,0x03,
  0x35,0x11,0x34,0x26,0x23,0x23,0x22,0x26,0x35,0x34,0x36,0x37,0x25,0x36,0x36,0x33,0x32,0x16,0x15,0x27,0x22,0x26,0x35,0x34,
  0x36,0x33,0x32,0x16,0x15,0x14,0x06,0x01,0xCE,0x1B,0x25,0x1B,0x93,0x84,0x6B,0x91,0x49,0x52,0x42,0x44,0x58,0x15,0x19,0x29,
  0x2B,0x39,0x54,0x55,0x39,0x08,0x09,0x27,0x07,0x05,0x06,0x04,0x01,0x7B,0x0C,0x09,0x06,0x07,0x07,0xB9,0x5B,0x72,0x72,0x5B,
  0x5C,0x75,0x75,0xE4,0x4E,0x73,0x5E,0x5D,0x38,0x79,0x87,0x40,0x6B,0x41,0x53,0x4D,0x5D,0x4B,0x8C,0x23,0x1D,0x37,0x3A,0x3F,
  0x70,0x65,0x5F,0x5D,0x31,0x02,0x4E,0x08,0x08,0x05,0x04,0x04,0x04,0x01,0x69,0x03,0x02,0x08,0x06,0x47,0x74,0x54,0x54,0x74,
  0x74,0x54,0x54,0x74,0x00,0x03,0x00,0x1A,0x00,0x00,0x04,0x87,0x05,0xE6,0x00,0x25,0x00,0x3C,0x00,0x53,0x00,0x00,0x73,0x22,
  0x26,0x35,0x34,0x36,0x37,0x37,0x36,0x36,0x35,0x11,0x34,0x26,0x23,0x23,0x22,0x26,0x35,0x34,0x36,0x37,0x25,0x36,0x36,0x33,
  0x32,0x16,0x15,0x11,0x14,0x16,0x17,0x17,0x16,0x15,0x14,0x23,0x03,0x01,0x36,0x26,0x27,0x27,0x26,0x26,0x35,0x34,0x36,0x33,
  0x21,0x32,0x16,0x15,0x14,0x06,0x07,0x06,0x06,0x07,0x09,0x02,0x16,0x16,0x17,0x16,0x16,0x15,0x14,0x06,0x23,0x21,0x22,0x26,
  0x35,0x34,0x36,0x37,0x37,0x36,0x36,0x27,0x03,0x24,0x04,0x06,0x05,0x07,0x26,0x0E,0x0A,0x08,0x09,0x27,0x07,0x05,0x06,0x04,
  0x01,0x7B,0x0C,0x09,0x06,0x07,0x07,0x0B,0x0D,0x26,0x0C,0x0A,0x74,0x01,0x6F,0x35,0x25,0x46,0x26,0x07,0x05,0x06,0x04,0x01,
  0xB6,0x05,0x05,0x05,0x07,0x5E,0x9C,0x46,0xFE,0x8B,0x01,0x49,0x01,0x5F,0x09,0x13,0x0D,0x08,0x04,0x05,0x05,0xFD,0xDF,0x04,
  0x06,0x05,0x07,0x26,0x16,0x0B,0x08,0xAF,0x04,0x04,0x03,0x05,0x01,0x09,0x03,0x13,0x10,0x05,0x16,0x08,0x08,0x05,0x04,0x04,
  0x04,0x01,0x69,0x03,0x02,0x08,0x06,0xFA,0x68,0x10,0x13,0x03,0x09,0x03,0x06,0x08,0x01,0x53,0x01,0x6E,0x34,0x61,0x10,0x09,
  0x02,0x05,0x02,0x05,0x03,0x03,0x05,0x03,0x04,0x02,0x16,0x59,0x46,0xFE,0x88,0x01,0x5D,0xFD,0x9A,0x10,0x10,0x08,0x04,0x04,
  0x03,0x03,0x03,0x04,0x04,0x03,0x05,0x01,0x09,0x05,0x11,0x10,0x01,0x54,0x00,0x01,0x00,0x24,0x00,0x00,0x02,0x22,0x05,0xE6,
  0x00,0x27,0x00,0x00,0x41,0x11,0x14,0x16,0x17,0x17,0x16,0x16,0x15,0x14,0x06,0x23,0x21,0x22,0x26,0x35,0x34,0x36,0x37,0x37,
  0x36,0x36,0x35,0x11,0x34,0x26,0x23,0x23,0x22,0x26,0x35,0x34,0x36,0x37,0x25,0x36,0x36,0x33,0x32,0x16,0x01,0xD8,0x0B,0x0D,
  0x26,0x07,0x05,0x05,0x05,0xFE,0x16,0x04,0x06,0x05,0x07,0x26,0x0E,0x0A,0x08,0x09,0x27,0x07,0x05,0x06,0x04,0x01,0x7B,0x0C,
  0x09,0x06,0x07,0x07,0x05,0xD8,0xFA,0x68,0x10,0x13,0x03,0x09,0x01,0x05,0x03,0x04,0x04,0x04,0x04,0x03,0x05,0x01,0x09,0x03,
  0x13,0x10,0x05,0x16,0x08,0x08,0x05,0x04,0x04,0x04,0x01,0x69,0x03,0x02,0x08,0x00,0x00,0x03,0x00,0x1A,0x00,0x00,0x06,0x9E,
  0x03,0x98,0x00,0x25,0x00,0x47,0x00,0x6B,0x00,0x00,0x41,0x11,0x14,0x16,0x17,0x17,0x16,0x15,0x14,0x23,0x21,0x22,0x26,0x35,
  0x34,0x36,0x37,0x37,0x36,0x36,0x35,0x11,0x34,0x26,0x23,0x23,0x22,0x26,0x35,0x34,0x36,0x37,0x25,0x36,0x36,0x33,0x32,0x16,
  0x07,0x27,0x37,0x36,0x36,0x33,0x32,0x16,0x15,0x11,0x14,0x16,0x17,0x17,0x16,0x15,0x14,0x23,0x21,0x22,0x35,0x34,0x37,0x37,
  0x36,0x36,0x35,0x11,0x34,0x26,0x23,0x22,0x06,0x07,0x05,0x27,0x37,0x36,0x36,0x33,0x32,0x16,0x17,0x13,0x16,0x16,0x17,0x17,
  0x16,0x16,0x15,0x14,0x06,0x23,0x21,0x22,0x35,0x34,0x37,0x37,0x36,0x36,0x27,0x03,0x26,0x26,0x23,0x22,0x06,0x07,0x01,0xCE,
  0x0E,0x0C,0x26,0x0A,0x0C,0xFE,0x1A,0x06,0x06,0x08,0x06,0x24,0x0E,0x0A,0x07,0x09,0x2C,0x04,0x06,0x06,0x06,0x01,0x7C,0x09,
  0x0B,0x06,0x08,0x06,0x1C,0x0E,0x26,0x6C,0xBF,0x49,0x5C,0x72,0x09,0x09,0x18,0x0C,0x10,0xFE,0x3C,0x08,0x0A,0x1A,0x12,0x0C,
  0x36,0x2A,0x24,0x36,0x18,0x02,0x1C,0x0E,0x20,0x44,0x9F,0x55,0x5A,0x81,0x0D,0x44,0x02,0x0B,0x09,0x16,0x05,0x05,0x05,0x05,
  0xFE,0x24,0x08,0x0A,0x1A,0x12,0x0E,0x02,0x32,0x04,0x34,0x2C,0x18,0x26,0x0E,0x03,0x88,0xFC,0xB6,0x0D,0x16,0x03,0x08,0x02,
  0x06,0x08,0x05,0x03,0x03,0x06,0x01,0x08,0x03,0x11,0x0C,0x02,0xCA,0x09,0x0B,0x05,0x03,0x03,0x06,0x01,0x6A,0x03,0x01,0x0A,
  0xE8,0x0C,0x24,0x66,0x58,0x70,0x7E,0xFD,0x8C,0x0C,0x0C,0x02,0x06,0x04,0x06,0x08,0x08,0x06,0x02,0x06,0x05,0x1A,0x13,0x02,
  0x36,0x35,0x43,0x17,0x17,0x22,0x0C,0x2A,0x5A,0x5E,0x70,0x80,0xFD,0x92,0x0F,0x0E,0x03,0x06,0x01,0x04,0x03,0x04,0x04,0x08,
  0x06,0x02,0x06,0x05,0x1C,0x15,0x02,0x32,0x35,0x43,0x16,0x12,0x00,0x02,0x00,0x1A,0x00,0x00,0x04,0x70,0x03,0x98,0x00,0x25,
  0x00,0x49,0x00,0x00,0x41,0x11,0x14,0x16,0x17,0x17,0x16,0x15,0x14,0x23,0x21,0x22,0x26,0x35,0x34,0x36,0x37,0x37,0x36,0x36,
  0x35,0x11,0x34,0x26,0x23,0x23,0x22,0x26,0x35,0x34,0x36,0x37,0x25,0x36,0x36,0x33,0x32,0x16,0x07,0x27,0x37,0x36,0x36,0x33,
  0x32,0x16,0x17,0x13,0x16,0x16,0x17,0x17,0x16,0x16,0x15,0x14,0x06,0x23,0x21,0x22,0x35,0x34,0x37,0x37,0x36,0x36,0x27,0x03,
  0x26,0x26,0x23,0x22,0x06,0x07,0x01,0xCE,0x0B,0x0D,0x26,0x0C,0x0A,0xFE,0x16,0x04,0x06,0x05,0x07,0x26,0x0E,0x0A,0x08,0x09,
  0x27,0x07,0x05,0x06,0x04,0x01,0x7B,0x0C,0x09,0x06,0x07,0x07,0x1E,0x0E,0x28,0x69,0xA6,0x41,0x59,0x63,0x0C,0x44,0x02,0x09,
  0x0D,0x26,0x07,0x05,0x05,0x05,0xFE,0x0D,0x0A,0x0C,0x26,0x0E,0x0C,0x02,0x35,0x04,0x20,0x24,0x19,0x2F,0x18,0x03,0x8A,0xFC,
  0xB6,0x10,0x13,0x03,0x09,0x03,0x06,0x08,0x04,0x04,0x03,0x05,0x01,0x09,0x03,0x13,0x10,0x02,0xC8,0x08,0x08,0x05,0x04,0x04,
  0x04,0x01,0x69,0x03,0x02,0x08,0xE9,0x0F,0x23,0x5C,0x5F,0x65,0x71,0xFD,0x82,0x10,0x13,0x03,0x09,0x01,0x05,0x03,0x04,0x04,
  0x08,0x06,0x03,0x09,0x03,0x13,0x10,0x02,0x58,0x31,0x2D,0x19,0x15,0x00,0x00,0x02,0x00,0x1E,0xFF,0xEC,0x03,0xFA,0x03,0x94,
  0x00,0x0F,0x00,0x1F,0x00,0x00,0x41,0x32,0x16,0x16,0x15,0x14,0x06,0x06,0x23,0x22,0x26,0x26,0x35,0x34,0x36,0x36,0x13,0x36,
  0x36,0x26,0x27,0x2E,0x02,0x07,0x06,0x06,0x16,0x17,0x1E,0x02,0x02,0x14,0x8F,0xDB,0x7C,0x81,0xE2,0x93,0x8F,0xDB,0x7C,0x83,
  0xE3,0xC9,0x24,0x23,0x02,0x16,0x16,0x35,0x3E,0x25,0x23,0x23,0x04,0x15,0x16,0x34,0x3E,0x03,0x94,0x78,0xD5,0x8B,0x88,0xD1,
  0x77,0x76,0xD1,0x89,0x88,0xD5,0x7B,0xFC,0x6C,0x05,0x66,0xCA,0x99,0x99,0xC3,0x59,0x06,0x06,0x66,0xC8,0x99,0x99,0xC3,0x59,
  0x00,0x02,0x00,0x10,0xFE,0x2E,0x04,0x2E,0x03,0x98,0x00,0x29,0x00,0x47,0x00,0x00,0x41,0x15,0x15,0x11,0x14,0x16,0x17,0x17,
  0x16,0x16,0x15,0x14,0x06,0x23,0x21,0x22,0x26,0x35,0x34,0x36,0x37,0x37,0x36,0x36,0x35,0x11,0x34,0x26,0x23,0x23,0x22,0x26,
  0x35,0x34,0x36,0x37,0x25,0x36,0x36,0x33,0x32,0x16,0x07,0x27,0x36,0x36,0x33,0x32,0x16,0x16,0x15,0x14,0x06,0x06,0x23,0x22,
  0x26,0x27,0x37,0x16,0x16,0x33,0x32,0x36,0x36,0x35,0x34,0x26,0x26,0x23,0x22,0x06,0x01,0xC4,0x0B,0x0D,0x26,0x07,0x05,0x05,
  0x05,0xFE,0x16,0x04,0x06,0x05,0x07,0x26,0x0E,0x0A,0x08,0x09,0x27,0x07,0x05,0x06,0x04,0x01,0x7B,0x0C,0x09,0x06,0x07,0x07,
  0x16,0x10,0x39,0x83,0x58,0x74,0xAB,0x5D,0x6F,0xC4,0x7F,0x5C,0x68,0x20,0x1A,0x10,0x35,0x27,0x30,0x48,0x28,0x20,0x3A,0x28,
  0x28,0x49,0x03,0x8A,0x6C,0x0B,0xFB,0x5B,0x10,0x13,0x03,0x09,0x01,0x05,0x03,0x04,0x04,0x04,0x04,0x03,0x05,0x01,0x09,0x03,
  0x13,0x10,0x04,0x9A,0x08,0x08,0x05,0x04,0x04,0x04,0x01,0x69,0x03,0x02,0x08,0xA8,0x12,0x4E,0x4C,0x67,0xC3,0x8B,0x96,0xE1,
  0x7C,0x37,0x3D,0x0C,0x2A,0x28,0x45,0xB8,0xAA,0x96,0xAD,0x4A,0x32,0x00,0x00,0x02,0x00,0x23,0xFE,0x2E,0x04,0x41,0x03,0x94,
  0x00,0x1D,0x00,0x3B,0x00,0x00,0x41,0x22,0x26,0x35,0x34,0x36,0x37,0x37,0x36,0x36,0x35,0x11,0x25,0x36,0x36,0x33,0x32,0x16,
  0x15,0x11,0x14,0x16,0x17,0x17,0x16,0x16,0x15,0x14,0x06,0x23,0x01,0x06,0x06,0x23,0x22,0x26,0x26,0x35,0x34,0x36,0x36,0x33,
  0x32,0x16,0x17,0x07,0x26,0x26,0x23,0x22,0x06,0x06,0x15,0x14,0x16,0x16,0x33,0x32,0x36,0x37,0x02,0x4D,0x04,0x06,0x05,0x07,
  0x26,0x0E,0x0A,0x01,0x44,0x06,0x0E,0x04,0x06,0x08,0x0B,0x0D,0x26,0x07,0x05,0x05,0x05,0xFE,0x7C,0x39,0x83,0x58,0x74,0xAB,
  0x5D,0x6F,0xC4,0x7F,0x5C,0x68,0x20,0x1A,0x10,0x35,0x27,0x30,0x48,0x28,0x20,0x3A,0x28,0x29,0x48,0x1D,0xFE,0x2E,0x04,0x04,
  0x03,0x05,0x01,0x09,0x03,0x13,0x10,0x04,0xE3,0x3F,0x02,0x02,0x07,0x05,0xFA,0xE6,0x10,0x13,0x03,0x09,0x01,0x05,0x03,0x04,
  0x04,0x02,0x58,0x4E,0x4C,0x68,0xC3,0x8A,0x97,0xE0,0x7C,0x37,0x3D,0x0C,0x2A,0x28,0x45,0xB7,0xAB,0x95,0xAE,0x4A,0x32,0x34,
  0x00,0x02,0x00,0x1C,0x00,0x00,0x03,0x76,0x03,0x94,0x00,0x15,0x00,0x3E,0x00,0x00,0x41,0x34,0x36,0x36,0x33,0x32,0x16,0x15,
  0x14,0x06,0x23,0x22,0x26,0x27,0x27,0x26,0x26,0x23,0x22,0x06,0x06,0x15,0x19,0x02,0x14,0x16,0x17,0x17,0x16,0x16,0x15,0x14,
  0x06,0x23,0x21,0x22,0x26,0x35,0x34,0x36,0x37,0x37,0x36,0x36,0x35,0x11,0x34,0x26,0x23,0x23,0x22,0x26,0x35,0x34,0x36,0x37,
  0x25,0x36,0x36,0x33,0x32,0x16,0x01,0xC0,0x4F,0x7C,0x43,0x52,0x56,0x66,0x4D,0x47,0x40,0x04,0x02,0x01,0x10,0x15,0x13,0x1D,
  0x10,0x0E,0x0C,0x62,0x06,0x04,0x06,0x06,0xFD,0xDE,0x06,0x06,0x08,0x06,0x24,0x0E,0x0A,0x07,0x09,0x2C,0x04,0x06,0x06,0x06,
  0x01,0x7C,0x09,0x0B,0x06,0x08,0x06,0x02,0x1C,0x7C,0xA7,0x55,0x6C,0x6E,0x6C,0x68,0x4D,0x49,0x26,0x16,0x1C,0x28,0x56,0x44,
  0x01,0x6C,0xFE,0xCC,0xFE,0x00,0x0D,0x16,0x03,0x14,0x01,0x04,0x03,0x04,0x04,0x05,0x03,0x03,0x06,0x01,0x08,0x03,0x11,0x0C,
  0x02,0xD4,0x09,0x0B,0x05,0x03,0x03,0x06,0x01,0x56,0x02,0x02,0x0A,0x00,0x00,0x01,0x00,0x1C,0xFF,0xEC,0x03,0x24,0x03,0x94,
  0x00,0x47,0x00,0x00,0x65,0x32,0x36,0x35,0x34,0x26,0x26,0x27,0x2E,0x02,0x35,0x34,0x36,0x33,0x32,0x16,0x16,0x33,0x32,0x36,
  0x36,0x33,0x32,0x16,0x17,0x13,0x16,0x06,0x07,0x06,0x26,0x27,0x2E,0x02,0x23,0x22,0x06,0x15,0x14,0x16,0x16,0x17,0x1E,0x02,
  0x15,0x14,0x06,0x06,0x23,0x22,0x26,0x26,0x23,0x22,0x06,0x06,0x23,0x22,0x26,0x27,0x03,0x26,0x36,0x37,0x36,0x16,0x17,0x16,
  0x16,0x01,0xB0,0x36,0x3C,0x1F,0x4E,0x45,0x84,0x94,0x3C,0xBE,0xA0,0x3F,0x51,0x2B,0x07,0x0C,0x44,0x43,0x0B,0x05,0x0A,0x01,
  0x2A,0x02,0x03,0x03,0x03,0x06,0x03,0x4C,0x7B,0x73,0x40,0x39,0x39,0x24,0x5D,0x57,0x73,0x87,0x3A,0x5D,0x9A,0x5D,0x38,0x52,
  0x31,0x05,0x08,0x3F,0x42,0x0B,0x07,0x0D,0x02,0x22,0x01,0x03,0x04,0x02,0x06,0x04,0x62,0xA4,0x08,0x35,0x2B,0x21,0x37,0x31,
  0x17,0x2D,0x6A,0x82,0x51,0x8D,0x95,0x17,0x17,0x17,0x17,0x05,0x09,0xFE,0xC2,0x0A,0x0C,0x02,0x01,0x03,0x04,0x7E,0x8E,0x3A,
  0x3A,0x30,0x25,0x3D,0x34,0x18,0x21,0x63,0x7D,0x49,0x5E,0x87,0x49,0x1C,0x1C,0x19,0x19,0x0D,0x0F,0x01,0x06,0x0E,0x0B,0x03,
  0x02,0x05,0x05,0x99,0x87,0x00,0x00,0x02,0xFF,0xFA,0xFF,0xEC,0x02,0xAC,0x04,0x62,0x00,0x28,0x00,0x31,0x00,0x00,0x53,0x27,
  0x26,0x26,0x35,0x34,0x36,0x33,0x33,0x32,0x36,0x37,0x25,0x36,0x36,0x33,0x32,0x16,0x15,0x11,0x14,0x16,0x33,0x32,0x3E,0x02,
  0x37,0x36,0x32,0x07,0x0E,0x02,0x23,0x22,0x26,0x35,0x11,0x34,0x26,0x37,0x37,0x21,0x32,0x16,0x15,0x14,0x06,0x23,0x50,0x4A,
  0x07,0x05,0x05,0x03,0x50,0x03,0x07,0x06,0x01,0x24,0x08,0x12,0x06,0x08,0x0A,0x40,0x36,0x12,0x21,0x1C,0x16,0x07,0x02,0x0C,
  0x02,0x0F,0x43,0x73,0x57,0x94,0x9A,0x04,0xF8,0x0C,0x01,0x46,0x05,0x05,0x10,0x0E,0x03,0x5A,0x14,0x02,0x05,0x03,0x03,0x05,
  0x02,0x04,0xCE,0x06,0x08,0x0B,0x0B,0xFC,0xD6,0x59,0x57,0x0C,0x1C,0x30,0x24,0x08,0x08,0x57,0x72,0x39,0x88,0x8E,0x02,0x46,
  0x09,0x08,0x0D,0x1A,0x03,0x05,0x07,0x0B,0x00,0x02,0x00,0x16,0xFF,0xEC,0x04,0x4D,0x03,0x94,0x00,0x22,0x00,0x44,0x00,0x00,
  0x65,0x35,0x35,0x11,0x34,0x26,0x23,0x23,0x22,0x26,0x35,0x34,0x36,0x37,0x25,0x36,0x36,0x33,0x32,0x16,0x15,0x11,0x14,0x16,
  0x17,0x17,0x16,0x16,0x15,0x14,0x06,0x23,0x21,0x22,0x26,0x25,0x11,0x34,0x26,0x23,0x23,0x22,0x26,0x35,0x34,0x36,0x37,0x25,
  0x36,0x36,0x33,0x32,0x16,0x15,0x11,0x14,0x16,0x33,0x32,0x36,0x37,0x37,0x17,0x07,0x06,0x06,0x23,0x22,0x26,0x02,0x99,0x08,
  0x09,0x27,0x07,0x05,0x06,0x04,0x01,0x7B,0x0B,0x0A,0x06,0x07,0x07,0x0B,0x0D,0x26,0x07,0x05,0x05,0x05,0xFE,0x6E,0x0C,0x0C,
  0xFD,0xC1,0x08,0x09,0x27,0x07,0x05,0x06,0x04,0x01,0x7B,0x0C,0x09,0x06,0x07,0x07,0x2F,0x2F,0x1E,0x3D,0x19,0x26,0x0E,0x28,
  0x70,0xBD,0x4A,0x5D,0x74,0x16,0x94,0x07,0x02,0x53,0x08,0x08,0x05,0x04,0x04,0x04,0x01,0x69,0x03,0x02,0x08,0x06,0xFC,0xBA,
  0x10,0x13,0x03,0x09,0x01,0x05,0x03,0x04,0x04,0x0C,0xCE,0x02,0x2A,0x08,0x08,0x05,0x04,0x04,0x04,0x01,0x69,0x03,0x02,0x08,
  0x06,0xFD,0x7A,0x3D,0x39,0x18,0x16,0x21,0x0F,0x23,0x61,0x5A,0x70,0x00,0x00,0x01,0xFF,0xFC,0x00,0x00,0x03,0xC4,0x03,0x80,
  0x00,0x34,0x00,0x00,0x61,0x23,0x22,0x26,0x27,0x01,0x26,0x26,0x27,0x27,0x26,0x26,0x35,0x34,0x36,0x33,0x21,0x32,0x15,0x14,
  0x06,0x07,0x07,0x06,0x06,0x17,0x13,0x07,0x13,0x36,0x26,0x27,0x27,0x26,0x26,0x35,0x34,0x36,0x33,0x33,0x32,0x16,0x15,0x14,
  0x06,0x07,0x07,0x06,0x06,0x07,0x03,0x06,0x06,0x02,0x36,0x9E,0x09,0x0C,0x03,0xFE,0xCA,0x05,0x0D,0x0A,0x26,0x07,0x05,0x06,
  0x04,0x02,0x27,0x0A,0x05,0x07,0x30,0x2D,0x13,0x08,0xD0,0x48,0xE0,0x0E,0x1F,0x24,0x30,0x07,0x05,0x06,0x04,0xF6,0x05,0x05,
  0x05,0x07,0x19,0x22,0x29,0x12,0xF6,0x02,0x0C,0x07,0x09,0x03,0x38,0x0E,0x0E,0x02,0x09,0x02,0x04,0x03,0x05,0x03,0x08,0x03,
  0x04,0x02,0x09,0x08,0x18,0x16,0xFD,0xC5,0x99,0x02,0xA6,0x29,0x34,0x07,0x09,0x02,0x04,0x03,0x05,0x03,0x03,0x05,0x03,0x04,
  0x02,0x06,0x08,0x2D,0x38,0xFD,0x12,0x07,0x07,0x00,0x00,0x02,0xFF,0xFA,0x00,0x00,0x05,0xDA,0x03,0x80,0x00,0x21,0x00,0x55,
  0x00,0x00,0x61,0x23,0x22,0x26,0x27,0x01,0x26,0x26,0x27,0x27,0x26,0x26,0x35,0x34,0x36,0x33,0x21,0x32,0x16,0x15,0x14,0x06,
  0x07,0x07,0x06,0x06,0x17,0x13,0x07,0x13,0x17,0x03,0x06,0x06,0x21,0x23,0x22,0x26,0x27,0x01,0x26,0x26,0x27,0x27,0x26,0x26,
  0x35,0x34,0x33,0x21,0x32,0x15,0x14,0x06,0x07,0x07,0x06,0x06,0x17,0x13,0x07,0x13,0x36,0x26,0x27,0x27,0x26,0x26,0x35,0x34,
  0x36,0x33,0x33,0x32,0x16,0x15,0x14,0x06,0x07,0x07,0x06,0x06,0x07,0x03,0x06,0x06,0x02,0x10,0x99,0x09,0x0C,0x03,0xFE,0xE9,
  0x04,0x0D,0x0B,0x26,0x07,0x05,0x06,0x04,0x02,0x16,0x05,0x05,0x05,0x07,0x30,0x16,0x0A,0x07,0xA6,0x4F,0xCE,0x17,0xE5,0x02,
  0x0C,0x02,0x54,0x99,0x09,0x0C,0x03,0xFE,0xF0,0x06,0x0C,0x07,0x15,0x07,0x05,0x0A,0x02,0x16,0x0A,0x05,0x07,0x33,0x24,0x0E,
  0x07,0xA1,0x51,0xCC,0x0C,0x1A,0x21,0x26,0x07,0x05,0x06,0x04,0xDA,0x05,0x05,0x05,0x07,0x17,0x19,0x2E,0x0C,0xE2,0x02,0x0C,
  0x07,0x09,0x03,0x38,0x0D,0x0E,0x03,0x09,0x02,0x04,0x03,0x05,0x03,0x03,0x05,0x03,0x04,0x02,0x09,0x04,0x1D,0x15,0xFE,0x00,
  0xD4,0x02,0xA6,0x06,0xFD,0x12,0x07,0x07,0x07,0x09,0x03,0x38,0x13,0x0E,0x01,0x05,0x02,0x04,0x03,0x08,0x08,0x03,0x04,0x02,
  0x0C,0x08,0x14,0x17,0xFD,0xFE,0xD2,0x02,0xA6,0x27,0x36,0x07,0x09,0x02,0x04,0x03,0x05,0x03,0x03,0x05,0x03,0x04,0x02,0x09,
  0x0A,0x38,0x28,0xFD,0x12,0x07,0x07,0x00,0x00,0x03,0x00,0x00,0x00,0x00,0x03,0xE3,0x03,0x80,0x00,0x17,0x00,0x45,0x00,0x5C,
  0x00,0x00,0x41,0x17,0x03,0x06,0x16,0x17,0x17,0x16,0x16,0x15,0x14,0x06,0x23,0x23,0x22,0x26,0x35,0x34,0x36,0x37,0x3E,0x02,
  0x37,0x01,0x13,0x17,0x13,0x16,0x16,0x17,0x16,0x16,0x15,0x14,0x06,0x23,0x21,0x22,0x26,0x35,0x34,0x36,0x37,0x37,0x36,0x36,
  0x27,0x03,0x27,0x03,0x26,0x26,0x27,0x22,0x26,0x35,0x34,0x36,0x33,0x21,0x32,0x16,0x15,0x14,0x06,0x07,0x07,0x06,0x06,0x13,
  0x27,0x37,0x36,0x26,0x27,0x27,0x26,0x26,0x35,0x34,0x36,0x33,0x33,0x32,0x16,0x15,0x14,0x06,0x07,0x06,0x06,0x07,0x01,0x59,
  0x11,0xA8,0x23,0x11,0x29,0x27,0x08,0x08,0x07,0x05,0xF8,0x05,0x07,0x07,0x07,0x2A,0x31,0x29,0x1C,0x01,0x30,0xBB,0x04,0xE0,
  0x1E,0x2D,0x11,0x06,0x04,0x08,0x09,0xFD,0xC6,0x0A,0x0B,0x06,0x0A,0x43,0x23,0x13,0x1F,0x9D,0x03,0xFA,0x0D,0x22,0x0D,0x0A,
  0x0C,0x0C,0x06,0x02,0x19,0x06,0x07,0x04,0x08,0x33,0x16,0x15,0xC2,0x0C,0x85,0x24,0x1A,0x26,0x1A,0x06,0x05,0x07,0x07,0xEF,
  0x06,0x07,0x06,0x08,0x43,0x3C,0x2B,0x01,0xB2,0x05,0xFE,0xF2,0x39,0x31,0x10,0x0F,0x03,0x03,0x05,0x04,0x05,0x04,0x04,0x03,
  0x06,0x01,0x07,0x22,0x3C,0x2C,0x02,0x7F,0xFE,0xCD,0x06,0xFE,0x94,0x31,0x34,0x02,0x01,0x06,0x05,0x06,0x06,0x07,0x07,0x04,
  0x07,0x01,0x07,0x04,0x31,0x33,0x01,0x06,0x06,0x01,0x9D,0x17,0x18,0x01,0x0B,0x06,0x08,0x05,0x05,0x05,0x03,0x04,0x02,0x0B,
  0x04,0x21,0xFE,0x93,0x0C,0xF0,0x41,0x5A,0x04,0x03,0x01,0x05,0x03,0x05,0x04,0x05,0x04,0x03,0x04,0x02,0x0D,0x4C,0x4D,0x00,
  0x00,0x02,0x00,0x04,0xFE,0x16,0x03,0xEF,0x03,0x80,0x00,0x16,0x00,0x43,0x00,0x00,0x41,0x03,0x01,0x26,0x26,0x27,0x26,0x26,
  0x35,0x34,0x36,0x33,0x21,0x32,0x16,0x15,0x14,0x06,0x07,0x07,0x06,0x06,0x17,0x13,0x37,0x37,0x13,0x36,0x26,0x27,0x27,0x26,
  0x26,0x35,0x34,0x36,0x33,0x33,0x32,0x16,0x15,0x14,0x06,0x07,0x06,0x06,0x07,0x01,0x0E,0x02,0x23,0x22,0x26,0x35,0x34,0x36,
  0x33,0x32,0x16,0x17,0x17,0x16,0x16,0x33,0x32,0x36,0x36,0x02,0xB4,0xAF,0xFE,0x8D,0x1E,0x3B,0x21,0x0E,0x06,0x06,0x04,0x02,
  0x26,0x05,0x05,0x05,0x07,0x30,0x19,0x0B,0x13,0x1A,0x34,0x11,0xFD,0x12,0x18,0x24,0x30,0x07,0x05,0x06,0x04,0xF4,0x05,0x05,
  0x05,0x07,0x3D,0x35,0x14,0xFE,0xB7,0x2F,0x3C,0x52,0x54,0x63,0x7A,0x4A,0x35,0x2F,0x3F,0x15,0x13,0x0D,0x22,0x1B,0x13,0x24,
  0x2E,0x01,0x3C,0xFE,0x35,0x03,0x53,0x46,0x5C,0x07,0x03,0x05,0x03,0x05,0x03,0x03,0x05,0x04,0x03,0x02,0x09,0x04,0x30,0x2C,
  0xFC,0x91,0x8A,0x2D,0x02,0xAD,0x32,0x2A,0x0A,0x0E,0x02,0x04,0x03,0x05,0x03,0x03,0x05,0x03,0x04,0x02,0x0D,0x31,0x37,0xFC,
  0x88,0x80,0xA1,0x4B,0x7C,0x55,0x47,0x4C,0x39,0x3A,0x34,0x22,0x40,0x4A,0x85,0x00,0x00,0x01,0x00,0x20,0xFF,0xEA,0x03,0x83,
  0x03,0x96,0x00,0x37,0x00,0x00,0x41,0x01,0x27,0x33,0x32,0x36,0x36,0x37,0x37,0x36,0x36,0x17,0x16,0x16,0x07,0x03,0x06,0x06,
  0x23,0x22,0x26,0x23,0x21,0x22,0x26,0x35,0x34,0x36,0x37,0x01,0x17,0x23,0x22,0x06,0x06,0x07,0x07,0x06,0x06,0x27,0x26,0x26,
  0x37,0x13,0x36,0x36,0x33,0x32,0x16,0x33,0x21,0x32,0x16,0x15,0x14,0x06,0x03,0x5A,0xFE,0x43,0x40,0xD5,0x28,0x49,0x5A,0x3F,
  0x33,0x03,0x07,0x04,0x02,0x04,0x02,0x3A,0x02,0x05,0x03,0x09,0x31,0x2A,0xFD,0x52,0x05,0x06,0x05,0x07,0x01,0xC1,0x45,0xDF,
  0x26,0x3A,0x43,0x34,0x49,0x04,0x07,0x03,0x03,0x02,0x01,0x3A,0x02,0x05,0x03,0x0A,0x31,0x29,0x02,0x92,0x05,0x06,0x05,0x03,
  0x58,0xFC,0xB6,0x0A,0x2C,0x72,0x68,0x54,0x05,0x05,0x02,0x01,0x06,0x0B,0xFE,0x9A,0x0F,0x09,0x16,0x04,0x04,0x05,0x0E,0x0D,
  0x03,0x49,0x09,0x20,0x59,0x55,0x78,0x06,0x03,0x01,0x02,0x07,0x09,0x01,0x52,0x0F,0x09,0x16,0x03,0x05,0x05,0x0D,0x00,0x03,
  0x00,0x48,0xFF,0xEA,0x07,0x44,0x05,0xCF,0x00,0x4D,0x00,0x5F,0x00,0x76,0x00,0x00,0x45,0x32,0x36,0x36,0x35,0x34,0x02,0x27,
  0x26,0x24,0x23,0x22,0x04,0x06,0x15,0x14,0x16,0x33,0x32,0x36,0x35,0x34,0x2E,0x02,0x35,0x34,0x36,0x36,0x33,0x32,0x04,0x17,
  0x16,0x12,0x15,0x14,0x06,0x06,0x23,0x22,0x26,0x26,0x27,0x2E,0x02,0x35,0x34,0x36,0x33,0x32,0x16,0x15,0x14,0x06,0x06,0x23,
  0x17,0x32,0x36,0x36,0x35,0x34,0x26,0x26,0x23,0x22,0x06,0x06,0x15,0x14,0x16,0x16,0x17,0x1E,0x02,0x37,0x17,0x36,0x36,0x35,
  0x34,0x26,0x23,0x22,0x06,0x15,0x14,0x16,0x16,0x15,0x14,0x06,0x06,0x01,0x27,0x22,0x06,0x06,0x15,0x14,0x16,0x33,0x32,0x36,
  0x36,0x37,0x27,0x06,0x06,0x23,0x22,0x26,0x35,0x34,0x36,0x36,0x05,0x21,0xB3,0xF4,0x7C,0x8E,0x7D,0x8D,0xFE,0x73,0xE6,0xEA,
  0xFE,0xB6,0xAD,0x62,0x58,0x46,0x5B,0x0B,0x0D,0x0B,0x5B,0xBA,0x8E,0xE5,0x01,0x85,0x8A,0x7F,0x8E,0x4D,0x89,0x5C,0x53,0x85,
  0x8A,0x5C,0x42,0x58,0x2B,0x36,0x23,0x20,0x16,0x27,0x43,0x2A,0x03,0x92,0xCF,0x6F,0x58,0x9C,0x66,0x93,0xD4,0x71,0x1C,0x47,
  0x42,0x48,0xC0,0xE1,0x30,0x04,0xC7,0xDB,0x6E,0x4A,0x55,0x70,0x0F,0x0E,0x0B,0x1E,0xFD,0x50,0x02,0xA0,0xE4,0x78,0xC1,0xAF,
  0x72,0x9C,0x6F,0x2D,0x09,0x18,0x41,0x26,0x76,0x84,0x1B,0x2E,0x16,0x73,0xE7,0xAE,0xA7,0x01,0x4E,0x88,0x9B,0xC5,0x86,0xE5,
  0x91,0x6F,0x72,0x5E,0x48,0x2C,0x4B,0x46,0x4D,0x2F,0x4E,0x6A,0x37,0xC1,0x97,0x89,0xFE,0xB5,0xA2,0x8E,0xBB,0x5B,0x3D,0x93,
  0x80,0x5D,0xB6,0xCE,0x82,0x5F,0x8A,0x86,0x6A,0x65,0x8F,0x4B,0x0E,0x4D,0x8D,0x5F,0x55,0x83,0x4B,0x78,0xD7,0x8F,0x4D,0xB7,
  0xC5,0x64,0x6B,0x78,0x31,0xE0,0x0B,0x29,0xD4,0x88,0x68,0x6E,0x68,0x43,0x2A,0x42,0x4B,0x37,0x1A,0x4E,0x43,0x01,0xB8,0x0D,
  0x53,0x9E,0x73,0x97,0xB6,0x25,0x3F,0x26,0x1E,0x0F,0x0F,0x9F,0x94,0x42,0x69,0x3C,0x00,0x02,0x00,0x2D,0xFF,0xEC,0x04,0x73,
  0x05,0xA0,0x00,0x29,0x00,0x39,0x00,0x00,0x41,0x17,0x16,0x16,0x33,0x32,0x36,0x37,0x37,0x36,0x36,0x37,0x37,0x36,0x36,0x35,
  0x34,0x24,0x21,0x22,0x06,0x06,0x15,0x14,0x16,0x33,0x32,0x36,0x27,0x27,0x26,0x36,0x33,0x32,0x16,0x15,0x14,0x06,0x07,0x07,
  0x06,0x06,0x13,0x22,0x26,0x26,0x35,0x34,0x36,0x36,0x33,0x32,0x16,0x16,0x15,0x14,0x06,0x06,0x01,0xFB,0x0B,0x01,0x06,0x07,
  0x05,0x09,0x01,0x09,0x02,0x1F,0x1F,0x59,0xD0,0xDE,0xFE,0xD9,0xFE,0xF3,0x9A,0xF0,0x88,0x66,0x55,0x65,0x6C,0x01,0x01,0x01,
  0x43,0x3C,0x3E,0x3C,0x3A,0x3B,0x20,0x10,0x10,0x12,0x39,0x5C,0x37,0x37,0x5C,0x39,0x3B,0x5E,0x37,0x37,0x5E,0x02,0x72,0x94,
  0x08,0x0C,0x08,0x0B,0x6D,0x20,0x22,0x03,0x09,0x15,0xD0,0x97,0xBF,0xCD,0x60,0x9F,0x60,0x68,0x73,0x87,0x7C,0x7C,0x52,0x56,
  0x8D,0x92,0xC6,0xBF,0x23,0x13,0x0A,0x20,0xFD,0x63,0x39,0x60,0x39,0x38,0x5E,0x38,0x38,0x5E,0x38,0x39,0x60,0x39,0x00,0x02,
  0x00,0x46,0xFF,0xEC,0x02,0x1E,0x05,0xC6,0x00,0x13,0x00,0x23,0x00,0x00,0x41,0x32,0x16,0x15,0x14,0x06,0x07,0x03,0x06,0x06,
  0x23,0x22,0x26,0x27,0x03,0x26,0x26,0x35,0x34,0x36,0x13,0x22,0x26,0x26,0x35,0x34,0x36,0x36,0x33,0x32,0x16,0x16,0x15,0x14,
  0x06,0x06,0x01,0x39,0x77,0x6E,0x0D,0x0C,0xD0,0x01,0x03,0x05,0x04,0x02,0x02,0xC6,0x10,0x08,0x7B,0x65,0x39,0x5C,0x37,0x37,
  0x5C,0x39,0x3B,0x5E,0x37,0x37,0x5E,0x05,0xC6,0x68,0x50,0x22,0x5C,0x28,0xFD,0x59,0x04,0x05,0x05,0x04,0x02,0xAD,0x39,0x44,
  0x24,0x4F,0x68,0xFA,0x26,0x39,0x60,0x39,0x38,0x5E,0x38,0x38,0x5E,0x38,0x39,0x60,0x39,0x00,0x00,0x01,0x00,0x32,0xFF,0xEC,
  0x01,0xCE,0x01,0x8C,0x00,0x0F,0x00,0x00,0x57,0x22,0x26,0x26,0x35,0x34,0x36,0x36,0x33,0x32,0x16,0x16,0x15,0x14,0x06,0x06,
  0xFE,0x39,0x5D,0x36,0x36,0x5D,0x39,0x3B,0x5E,0x37,0x37,0x5E,0x14,0x39,0x60,0x39,0x38,0x5E,0x38,0x38,0x5E,0x38,0x39,0x60,
  0x39,0x00,0x00,0x01,0x00,0x3C,0xFE,0x8E,0x01,0xE0,0x01,0x8B,0x00,0x1B,0x00,0x00,0x61,0x22,0x26,0x35,0x34,0x36,0x33,0x32,
  0x16,0x15,0x14,0x0E,0x02,0x07,0x06,0x26,0x35,0x34,0x36,0x37,0x3E,0x02,0x35,0x34,0x26,0x23,0x01,0x20,0x72,0x72,0x76,0x5B,
  0x53,0x80,0x29,0x52,0x7D,0x53,0x07,0x0C,0x08,0x09,0x63,0x6F,0x2D,0x10,0x1B,0x68,0x5D,0x55,0x71,0x81,0x80,0x67,0xA4,0x7D,
  0x57,0x1B,0x02,0x07,0x05,0x07,0x07,0x03,0x24,0x65,0x6C,0x2C,0x18,0x1C,0xFF,0xFF,0x00,0x32,0xFF,0xEC,0x01,0xCE,0x03,0xB6,
  0x06,0x26,0x00,0x39,0x00,0x00,0x00,0x07,0x00,0x39,0x00,0x00,0x02,0x2A,0xFF,0xFF,0x00,0x3C,0xFE,0x8D,0x01,0xE2,0x03,0xAC,
  0x04,0x27,0x00,0x39,0x00,0x14,0x02,0x20,0x02,0x06,0x00,0x3A,0x00,0xFF,0x00,0x02,0x00,0x17,0x03,0xE2,0x03,0x46,0x06,0x7D,
  0x00,0x1A,0x00,0x35,0x00,0x00,0x53,0x32,0x16,0x15,0x14,0x06,0x23,0x22,0x26,0x35,0x34,0x36,0x36,0x37,0x36,0x16,0x15,0x14,
  0x06,0x07,0x0E,0x02,0x15,0x14,0x16,0x33,0x25,0x32,0x16,0x15,0x14,0x06,0x23,0x22,0x26,0x35,0x34,0x36,0x36,0x37,0x36,0x16,
  0x15,0x14,0x06,0x07,0x0E,0x02,0x15,0x14,0x16,0x33,0xCA,0x6B,0x6B,0x6F,0x54,0x4E,0x78,0x45,0x8B,0x68,0x08,0x0B,0x07,0x08,
  0x5B,0x68,0x2B,0x12,0x16,0x01,0xE3,0x6B,0x6B,0x6F,0x54,0x4E,0x78,0x45,0x8B,0x68,0x08,0x0B,0x07,0x08,0x5B,0x68,0x2B,0x12,
  0x16,0x05,0x54,0x62,0x57,0x4F,0x6A,0x78,0x78,0x73,0xB0,0x70,0x14,0x02,0x05,0x05,0x06,0x07,0x02,0x14,0x54,0x60,0x24,0x10,
  0x12,0x02,0x62,0x57,0x4F,0x6A,0x78,0x78,0x73,0xB0,0x70,0x14,0x02,0x05,0x05,0x06,0x07,0x02,0x14,0x54,0x60,0x24,0x10,0x12,
  0x00,0x02,0x00,0x33,0x03,0x7B,0x03,0x62,0x06,0x16,0x00,0x1A,0x00,0x35,0x00,0x00,0x41,0x22,0x26,0x35,0x34,0x36,0x33,0x32,
  0x16,0x15,0x14,0x06,0x06,0x07,0x06,0x26,0x35,0x34,0x36,0x37,0x3E,0x02,0x35,0x34,0x26,0x23,0x05,0x22,0x26,0x35,0x34,0x36,
  0x33,0x32,0x16,0x15,0x14,0x06,0x06,0x07,0x06,0x26,0x35,0x34,0x36,0x37,0x3E,0x02,0x35,0x34,0x26,0x23,0x02,0xAF,0x6B,0x6B,
  0x6F,0x54,0x4E,0x78,0x45,0x8B,0x68,0x07,0x0C,0x07,0x08,0x5B,0x68,0x2B,0x12,0x16,0xFE,0x1D,0x6B,0x6B,0x6F,0x54,0x4E,0x78,
  0x45,0x8B,0x68,0x07,0x0C,0x07,0x08,0x5B,0x68,0x2B,0x12,0x16,0x04,0xA4,0x62,0x57,0x50,0x69,0x78,0x78,0x73,0xB0,0x70,0x14,
  0x02,0x06,0x04,0x06,0x07,0x02,0x14,0x54,0x60,0x24,0x10,0x12,0x02,0x62,0x57,0x50,0x69,0x78,0x78,0x73,0xB0,0x70,0x14,0x02,
  0x06,0x04,0x06,0x07,0x02,0x14,0x54,0x60,0x24,0x10,0x12,0x00,0x00,0x01,0x00,0x17,0x03,0xE2,0x01,0xA0,0x06,0x7B,0x00,0x1A,
  0x00,0x00,0x53,0x32,0x16,0x15,0x14,0x06,0x23,0x22,0x26,0x35,0x34,0x36,0x36,0x37,0x36,0x16,0x15,0x14,0x06,0x07,0x0E,0x02,
  0x15,0x14,0x16,0x33,0xCA,0x6B,0x6B,0x6F,0x54,0x4E,0x78,0x45,0x8B,0x68,0x08,0x0B,0x07,0x08,0x5B,0x68,0x2B,0x12,0x16,0x05,
  0x54,0x62,0x57,0x4F,0x6A,0x78,0x78,0x73,0xB0,0x70,0x14,0x02,0x05,0x05,0x06,0x07,0x02,0x14,0x54,0x60,0x24,0x10,0x12,0x00,
  0x00,0x01,0x00,0x34,0x03,0x7D,0x01,0xBD,0x06,0x16,0x00,0x1A,0x00,0x00,0x41,0x22,0x26,0x35,0x34,0x36,0x33,0x32,0x16,0x15,
  0x14,0x06,0x06,0x07,0x06,0x26,0x35,0x34,0x36,0x37,0x3E,0x02,0x35,0x34,0x26,0x23,0x01,0x0A,0x6B,0x6B,0x6F,0x54,0x4E,0x78,
  0x45,0x8B,0x68,0x07,0x0C,0x07,0x08,0x5B,0x68,0x2B,0x12,0x16,0x04,0xA4,0x62,0x57,0x50,0x69,0x78,0x78,0x73,0xB0,0x70,0x14,
  0x02,0x06,0x04,0x06,0x07,0x02,0x14,0x54,0x60,0x24,0x10,0x12,0x00,0x01,0x00,0x78,0xFF,0x1E,0x02,0x93,0x05,0xAA,0x00,0x19,
  0x00,0x00,0x53,0x34,0x12,0x36,0x37,0x36,0x17,0x16,0x06,0x07,0x06,0x06,0x02,0x15,0x14,0x12,0x16,0x17,0x16,0x16,0x07,0x06,
  0x27,0x26,0x26,0x02,0x78,0x7B,0xDD,0x92,0x2B,0x04,0x02,0x08,0x11,0x3C,0x5C,0x34,0x34,0x5C,0x3C,0x11,0x08,0x02,0x04,0x2B,
  0x92,0xDD,0x7B,0x02,0x64,0xC2,0x01,0x3C,0xEB,0x48,0x15,0x03,0x02,0x0F,0x1A,0x58,0xEF,0xFE,0xDA,0xAB,0xAB,0xFE,0xDA,0xEF,
  0x58,0x19,0x10,0x02,0x03,0x15,0x49,0xEA,0x01,0x3C,0xFF,0xFF,0xFF,0xFF,0xFF,0x16,0x02,0x1A,0x05,0xA2,0x04,0x0F,0x00,0x41,
  0x02,0x92,0x04,0xC0,0xC0,0x00,0x00,0x01,0x00,0x96,0xFF,0x20,0x02,0xBA,0x05,0xA8,0x00,0x1B,0x00,0x00,0x41,0x11,0x14,0x16,
  0x33,0x33,0x32,0x15,0x14,0x06,0x23,0x21,0x22,0x26,0x35,0x11,0x34,0x36,0x33,0x21,0x32,0x16,0x15,0x14,0x23,0x23,0x22,0x06,
  0x01,0xCC,0x09,0x0A,0xCB,0x10,0x08,0x08,0xFE,0x0A,0x10,0x0E,0x0E,0x10,0x01,0xF6,0x08,0x08,0x10,0xCB,0x0A,0x09,0x05,0x7A,
  0xF9,0xD4,0x0A,0x0A,0x0D,0x05,0x08,0x0E,0x10,0x06,0x4C,0x10,0x0E,0x08,0x05,0x0D,0x09,0x00,0xFF,0xFF,0x00,0x14,0xFF,0x20,
  0x02,0x38,0x05,0xA8,0x04,0x0F,0x00,0x43,0x02,0xCE,0x04,0xC8,0xC0,0x00,0x00,0x01,0x00,0x46,0xFF,0x20,0x03,0x05,0x05,0xA8,
  0x00,0x4D,0x00,0x00,0x41,0x14,0x33,0x32,0x16,0x15,0x14,0x0E,0x02,0x15,0x14,0x16,0x33,0x33,0x32,0x15,0x14,0x06,0x23,0x23,
  0x22,0x26,0x26,0x35,0x34,0x3E,0x02,0x35,0x34,0x26,0x23,0x22,0x06,0x06,0x23,0x22,0x26,0x35,0x34,0x36,0x33,0x32,0x16,0x16,
  0x33,0x32,0x36,0x35,0x34,0x2E,0x02,0x35,0x34,0x36,0x36,0x33,0x33,0x32,0x16,0x15,0x14,0x23,0x23,0x22,0x06,0x15,0x14,0x1E,
  0x02,0x15,0x14,0x06,0x23,0x22,0x01,0x28,0x19,0xA0,0xA5,0x21,0x2A,0x21,0x74,0x52,0x15,0x10,0x08,0x08,0x8B,0x7A,0xBE,0x6C,
  0x23,0x2E,0x23,0x2D,0x21,0x11,0x1E,0x21,0x16,0x1C,0x24,0x24,0x1C,0x16,0x21,0x1E,0x11,0x21,0x2D,0x23,0x2E,0x23,0x6C,0xBE,
  0x7A,0x8B,0x08,0x08,0x10,0x15,0x52,0x74,0x21,0x2A,0x21,0xA5,0xA0,0x19,0x02,0x64,0x10,0x70,0x50,0x31,0x60,0x61,0x61,0x32,
  0x61,0x74,0x0D,0x05,0x08,0x4C,0x86,0x55,0x45,0x71,0x64,0x5E,0x30,0x26,0x2E,0x0D,0x0D,0x22,0x19,0x1A,0x21,0x0D,0x0D,0x2F,
  0x25,0x30,0x5E,0x64,0x71,0x45,0x56,0x85,0x4C,0x08,0x05,0x0D,0x74,0x61,0x32,0x61,0x61,0x60,0x31,0x4F,0x71,0x00,0xFF,0xFF,
  0x00,0x14,0xFF,0x20,0x02,0xD3,0x05,0xA8,0x04,0x0F,0x00,0x45,0x03,0x19,0x04,0xC8,0xC0,0x00,0x00,0x01,0x00,0x1C,0xFF,0x1F,
  0x02,0x9A,0x05,0xAC,0x00,0x27,0x00,0x00,0x41,0x0E,0x05,0x07,0x06,0x06,0x27,0x26,0x26,0x37,0x3E,0x05,0x37,0x3E,0x05,0x37,
  0x36,0x36,0x17,0x16,0x16,0x07,0x0E,0x05,0x01,0x62,0x10,0x2B,0x31,0x35,0x34,0x2F,0x14,0x05,0x0F,0x0B,0x0A,0x05,0x04,0x11,
  0x30,0x38,0x3B,0x39,0x30,0x11,0x12,0x2E,0x35,0x37,0x34,0x2D,0x11,0x05,0x10,0x0A,0x0A,0x05,0x04,0x14,0x34,0x3A,0x3B,0x38,
  0x2F,0x02,0x5C,0x2C,0x7B,0x91,0x9A,0x97,0x88,0x36,0x0B,0x0B,0x04,0x04,0x11,0x0D,0x2E,0x7F,0x93,0x9A,0x95,0x80,0x2F,0x30,
  0x84,0x98,0x9F,0x98,0x82,0x2E,0x0B,0x0B,0x04,0x04,0x11,0x0D,0x37,0x89,0x98,0x9A,0x91,0x7B,0xFF,0xFF,0xFF,0xE0,0xFF,0x1F,
  0x02,0x5E,0x05,0xAC,0x04,0x47,0x00,0x47,0x02,0x7A,0x00,0x00,0xC0,0x00,0x40,0x00,0x00,0x01,0x00,0xC8,0xFF,0x20,0x00,0xF4,
  0x05,0xA8,0x00,0x21,0x00,0x00,0x53,0x34,0x2E,0x02,0x35,0x34,0x36,0x33,0x32,0x16,0x15,0x14,0x0E,0x03,0x15,0x14,0x1E,0x02,
  0x15,0x14,0x06,0x23,0x22,0x26,0x35,0x34,0x3E,0x03,0xD4,0x04,0x04,0x04,0x0C,0x0A,0x0B,0x0B,0x02,0x03,0x03,0x02,0x03,0x04,
  0x03,0x0B,0x0B,0x0A,0x0C,0x02,0x04,0x04,0x02,0x02,0x64,0x42,0xCE,0xEA,0xDD,0x51,0x0D,0x0F,0x0F,0x0D,0x37,0xA1,0xBA,0xBA,
  0xA3,0x39,0x47,0xD8,0xEE,0xD6,0x45,0x0D,0x0F,0x0F,0x0D,0x41,0xA9,0xBA,0xB4,0x9B,0x00,0x01,0x00,0x28,0x01,0xAB,0x01,0xCF,
  0x02,0x5A,0x00,0x0D,0x00,0x00,0x41,0x32,0x15,0x07,0x06,0x06,0x23,0x21,0x22,0x35,0x37,0x36,0x36,0x33,0x01,0xC9,0x06,0x0D,
  0x01,0x04,0x05,0xFE,0x76,0x06,0x0D,0x01,0x04,0x05,0x02,0x5A,0x07,0xA1,0x05,0x02,0x07,0xA1,0x05,0x02,0x00,0x01,0x00,0x1E,
  0x01,0xEA,0x03,0x93,0x02,0x08,0x00,0x0D,0x00,0x00,0x53,0x34,0x36,0x33,0x21,0x32,0x16,0x15,0x14,0x06,0x23,0x21,0x22,0x26,
  0x1E,0x07,0x09,0x03,0x55,0x08,0x08,0x08,0x08,0xFC,0xAB,0x09,0x07,0x01,0xF9,0x09,0x06,0x06,0x09,0x0A,0x05,0x05,0x00,0x01,
  0x00,0x1E,0x01,0xEA,0x05,0x96,0x02,0x08,0x00,0x0D,0x00,0x00,0x53,0x34,0x36,0x33,0x21,0x32,0x16,0x15,0x14,0x06,0x23,0x21,
  0x22,0x26,0x1E,0x07,0x09,0x05,0x58,0x08,0x08,0x08,0x08,0xFA,0xA8,0x09,0x07,0x01,0xF9,0x09,0x06,0x06,0x09,0x0A,0x05,0x05,
  0x00,0x01,0x00,0x00,0xFE,0xC9,0x03,0x1B,0xFE,0xE7,0x00,0x0D,0x00,0x00,0x51,0x34,0x36,0x33,0x21,0x32,0x16,0x15,0x14,0x06,
  0x23,0x21,0x22,0x26,0x07,0x09,0x02,0xFB,0x08,0x08,0x08,0x08,0xFD,0x05,0x09,0x07,0xFE,0xD8,0x09,0x06,0x06,0x09,0x0A,0x05,
  0x05,0x00,0xFF,0xFF,0x00,0x64,0x01,0x86,0x02,0x00,0x03,0x26,0x06,0x07,0x00,0x39,0x00,0x32,0x01,0x9A,0x00,0x02,0x00,0x14,
  0xFF,0x13,0x05,0xC3,0x05,0x4D,0x00,0x19,0x00,0x6A,0x00,0x00,0x41,0x26,0x26,0x23,0x22,0x06,0x15,0x14,0x16,0x33,0x32,0x36,
  0x37,0x17,0x06,0x06,0x23,0x22,0x26,0x35,0x34,0x36,0x33,0x32,0x16,0x17,0x01,0x32,0x3E,0x02,0x35,0x34,0x02,0x24,0x23,0x22,
  0x04,0x06,0x02,0x15,0x14,0x12,0x04,0x33,0x32,0x24,0x37,0x36,0x36,0x17,0x16,0x16,0x07,0x0E,0x02,0x23,0x22,0x24,0x26,0x02,
  0x35,0x34,0x12,0x36,0x24,0x33,0x32,0x04,0x16,0x12,0x15,0x14,0x06,0x06,0x23,0x22,0x26,0x26,0x27,0x27,0x11,0x34,0x26,0x23,
  0x22,0x06,0x15,0x15,0x14,0x06,0x23,0x22,0x26,0x35,0x34,0x36,0x36,0x33,0x32,0x16,0x16,0x15,0x11,0x14,0x16,0x03,0x5B,0x17,
  0x26,0x1A,0x2A,0x31,0x33,0x28,0x14,0x2D,0x0D,0x0E,0x26,0x90,0x54,0x6C,0x8C,0xBC,0xDC,0x2A,0x30,0x14,0x01,0x42,0x1E,0x58,
  0x57,0x3A,0xB8,0xFE,0xC9,0xC1,0x9F,0xFE,0xF7,0xC1,0x6A,0xBF,0x01,0x52,0xDD,0xC6,0x01,0x58,0x72,0x06,0x09,0x05,0x02,0x01,
  0x03,0x4F,0xD3,0xF9,0x89,0xA6,0xFE,0xE6,0xD1,0x73,0x6E,0xC7,0x01,0x11,0xA3,0x95,0x01,0x02,0xC2,0x6D,0x7B,0xD3,0x85,0x33,
  0x47,0x2E,0x0D,0x07,0x23,0x19,0x20,0x25,0x5E,0x4D,0x34,0x42,0x59,0xB2,0x85,0x77,0x9F,0x4F,0x0E,0x02,0x20,0x0D,0x09,0x55,
  0x59,0x54,0x4B,0x20,0x16,0x07,0x45,0x47,0x73,0x5A,0x71,0x7F,0x11,0x10,0xFE,0xA9,0x35,0x6A,0x9B,0x66,0xE1,0x01,0x3E,0xA9,
  0x75,0xD3,0xFE,0xE7,0xA4,0xEA,0xFE,0xA0,0xC3,0xAF,0x9E,0x08,0x04,0x04,0x02,0x0E,0x04,0x6C,0x99,0x50,0x6E,0xD1,0x01,0x28,
  0xBA,0xAB,0x01,0x21,0xD7,0x76,0x62,0xBC,0xFE,0xF0,0xAE,0x97,0xD9,0x75,0x16,0x2B,0x21,0x05,0x02,0xA7,0x22,0x27,0x27,0x22,
  0x63,0x3D,0x5F,0x3A,0x3B,0x34,0x68,0x47,0x3D,0x77,0x57,0xFE,0x09,0x10,0x10,0x00,0x00,0x05,0x00,0x0E,0x02,0x02,0x04,0x22,
  0x05,0xF9,0x00,0x0F,0x00,0x1F,0x00,0x2F,0x00,0x3F,0x00,0x4F,0x00,0x00,0x41,0x23,0x34,0x2E,0x02,0x35,0x34,0x33,0x32,0x16,
  0x15,0x14,0x0E,0x02,0x07,0x07,0x26,0x0E,0x02,0x27,0x26,0x37,0x36,0x36,0x17,0x1E,0x03,0x17,0x17,0x06,0x06,0x16,0x06,0x07,
  0x06,0x27,0x26,0x26,0x37,0x3E,0x03,0x37,0x37,0x1E,0x03,0x17,0x16,0x07,0x06,0x26,0x27,0x26,0x26,0x36,0x26,0x27,0x3E,0x03,
  0x37,0x36,0x17,0x16,0x06,0x07,0x06,0x2E,0x02,0x07,0x02,0x28,0x08,0x2D,0x3A,0x2D,0x99,0x49,0x4E,0x2D,0x3A,0x2D,0x03,0x02,
  0x44,0x6D,0x5A,0x52,0x2A,0x8E,0x2F,0x17,0x60,0x46,0x2A,0x37,0x36,0x50,0x40,0x06,0x2A,0x16,0x03,0x06,0x1A,0x58,0x7C,0x3A,
  0x13,0x2B,0x1A,0x4E,0x5C,0x5F,0x2A,0x06,0x2A,0x5F,0x5C,0x4E,0x1A,0x57,0x7B,0x3A,0x6C,0x2C,0x1A,0x06,0x03,0x16,0x28,0x44,
  0x50,0x37,0x36,0x2A,0x8E,0x2F,0x17,0x30,0x46,0x2A,0x53,0x5A,0x6C,0x44,0x03,0xF9,0x48,0x63,0x4C,0x48,0x2C,0x95,0x4B,0x4A,
  0x2D,0x48,0x4B,0x63,0x44,0x08,0x16,0x0C,0x20,0x14,0x0E,0x2E,0x91,0x45,0x34,0x17,0x0E,0x41,0x4F,0x49,0x18,0x04,0x3A,0x6B,
  0x60,0x54,0x24,0x78,0x59,0x2B,0x6B,0x3C,0x24,0x20,0x1B,0x35,0x36,0x04,0x3A,0x36,0x1B,0x1F,0x24,0x79,0x5A,0x2B,0x10,0x3B,
  0x24,0x54,0x60,0x6B,0x40,0x16,0x49,0x4F,0x41,0x0E,0x2E,0x92,0x45,0x61,0x17,0x0E,0x14,0x20,0x0C,0x16,0x00,0x02,0x00,0x28,
  0xFF,0xEC,0x04,0xFF,0x05,0x8A,0x00,0x0F,0x00,0x1F,0x00,0x00,0x41,0x32,0x04,0x12,0x15,0x14,0x02,0x04,0x23,0x22,0x24,0x02,
  0x35,0x34,0x12,0x24,0x01,0x10,0x02,0x26,0x23,0x22,0x06,0x02,0x15,0x10,0x12,0x16,0x33,0x32,0x36,0x12,0x02,0x8A,0xC7,0x01,
  0x19,0x95,0x9B,0xFE,0xE6,0xC0,0xC4,0xFE,0xF0,0x8E,0x96,0x01,0x12,0x01,0x77,0x26,0x57,0x4A,0x39,0x47,0x21,0x26,0x58,0x49,
  0x39,0x47,0x21,0x05,0x8A,0xA7,0xFE,0xBE,0xEA,0xE7,0xFE,0xC1,0xA5,0xAC,0x01,0x4A,0xEE,0xD6,0x01,0x39,0xAB,0xFC,0xD3,0x01,
  0x1C,0x01,0x5D,0xA0,0x6F,0xFE,0xF8,0xE6,0xFE,0xE9,0xFE,0xA2,0xA4,0x6C,0x01,0x08,0x00,0x01,0x00,0x1A,0x00,0x00,0x03,0x1D,
  0x05,0xB0,0x00,0x27,0x00,0x00,0x53,0x33,0x32,0x16,0x15,0x11,0x14,0x06,0x07,0x07,0x06,0x15,0x14,0x16,0x33,0x21,0x32,0x36,
  0x35,0x34,0x27,0x27,0x26,0x26,0x35,0x11,0x34,0x23,0x22,0x06,0x07,0x06,0x06,0x23,0x23,0x22,0x06,0x15,0x14,0x16,0x3C,0x68,
  0x11,0x13,0x2C,0x24,0x4C,0x12,0x09,0x07,0x02,0xE4,0x07,0x08,0x0F,0x56,0x20,0x24,0x0D,0x06,0x08,0x05,0x32,0xC4,0xB6,0x6D,
  0x07,0x08,0x07,0x05,0x30,0x15,0x16,0xFB,0x7C,0x2B,0x28,0x08,0x11,0x04,0x06,0x05,0x06,0x06,0x04,0x07,0x03,0x12,0x07,0x2C,
  0x28,0x05,0x1D,0x12,0x07,0x05,0x36,0x27,0x06,0x05,0x05,0x07,0x00,0x02,0x00,0x24,0xFF,0xEC,0x04,0x8D,0x05,0x8C,0x00,0x20,
  0x00,0x46,0x00,0x00,0x53,0x27,0x37,0x3E,0x02,0x35,0x34,0x26,0x26,0x23,0x22,0x06,0x15,0x15,0x14,0x06,0x23,0x22,0x26,0x35,
  0x34,0x36,0x24,0x33,0x32,0x16,0x16,0x15,0x14,0x06,0x06,0x07,0x01,0x34,0x36,0x33,0x32,0x1E,0x02,0x33,0x32,0x36,0x37,0x36,
  0x36,0x17,0x16,0x16,0x15,0x0E,0x02,0x23,0x22,0x26,0x26,0x27,0x26,0x26,0x23,0x22,0x06,0x07,0x0E,0x02,0x23,0x22,0x26,0xC5,
  0x06,0xA4,0x61,0x93,0x52,0x23,0x3A,0x23,0x3B,0x3F,0x6D,0x4C,0x55,0x62,0x7D,0x01,0x02,0xC7,0x99,0xD4,0x6D,0x75,0xF6,0xC2,
  0xFD,0xF2,0xD7,0xD3,0x42,0x84,0x7E,0x75,0x33,0x54,0x57,0x1A,0x02,0x05,0x02,0x03,0x02,0x0C,0x5E,0x99,0x63,0x56,0x7A,0x64,
  0x35,0x0E,0x0F,0x0A,0x0A,0x0F,0x05,0x09,0x36,0x56,0x39,0x3F,0x48,0x01,0x7A,0x0B,0x4C,0x2D,0x9F,0xE4,0x92,0x8A,0x9D,0x42,
  0x56,0x5E,0xAA,0x63,0x73,0x5D,0x56,0x64,0xB8,0x75,0x5A,0xA1,0x6B,0x69,0xB3,0xA2,0x53,0xFE,0x7D,0x8B,0x99,0x15,0x1A,0x15,
  0x42,0x4E,0x05,0x05,0x01,0x01,0x05,0x05,0xCE,0xE8,0x5E,0x3E,0xA3,0x97,0x29,0x19,0x2E,0x44,0x84,0x8E,0x36,0x5F,0x00,0x01,
  0x00,0x24,0xFF,0xEC,0x04,0x68,0x05,0x78,0x00,0x41,0x00,0x00,0x41,0x27,0x3A,0x02,0x33,0x32,0x04,0x16,0x15,0x14,0x06,0x06,
  0x23,0x22,0x26,0x26,0x35,0x34,0x36,0x33,0x32,0x16,0x15,0x15,0x14,0x16,0x33,0x32,0x36,0x36,0x35,0x34,0x26,0x23,0x23,0x22,
  0x26,0x35,0x34,0x36,0x37,0x01,0x15,0x21,0x22,0x06,0x07,0x07,0x06,0x06,0x23,0x22,0x26,0x37,0x13,0x36,0x36,0x33,0x21,0x32,
  0x16,0x15,0x14,0x06,0x07,0x01,0xC4,0x07,0x05,0x1C,0x1B,0x03,0xB1,0x01,0x02,0x8D,0x8A,0xF6,0xA4,0x9F,0xDF,0x76,0x6F,0x4E,
  0x44,0x61,0x53,0x42,0x31,0x45,0x26,0x6E,0x57,0x35,0x07,0x0A,0x0B,0x07,0x01,0x56,0xFD,0xD0,0x13,0x1A,0x07,0x2E,0x01,0x06,
  0x05,0x05,0x05,0x01,0x37,0x02,0x11,0x0E,0x03,0x95,0x06,0x08,0x05,0x06,0x02,0xDE,0x0D,0x4A,0x97,0x75,0x82,0xBF,0x68,0x57,
  0x92,0x5A,0x5D,0x7E,0x65,0x50,0x97,0x51,0x72,0x3B,0x97,0x89,0xBC,0xBD,0x07,0x05,0x06,0x09,0x07,0x01,0x48,0x0B,0x15,0x14,
  0x8E,0x04,0x05,0x09,0x04,0x01,0xD4,0x13,0x16,0x07,0x06,0x04,0x0A,0x06,0x00,0x02,0x00,0x02,0x00,0x00,0x04,0xAB,0x05,0xB3,
  0x00,0x1E,0x00,0x41,0x00,0x00,0x41,0x34,0x36,0x37,0x01,0x36,0x36,0x33,0x32,0x16,0x15,0x11,0x14,0x16,0x17,0x17,0x16,0x16,
  0x15,0x14,0x06,0x23,0x21,0x22,0x35,0x34,0x37,0x37,0x36,0x36,0x35,0x03,0x36,0x36,0x35,0x34,0x2E,0x02,0x35,0x34,0x36,0x36,
  0x33,0x32,0x16,0x15,0x14,0x06,0x06,0x07,0x01,0x37,0x21,0x32,0x16,0x15,0x14,0x23,0x21,0x22,0x26,0x35,0x34,0x36,0x37,0x02,
  0x33,0x08,0x06,0x01,0x7A,0x09,0x0B,0x05,0x05,0x06,0x15,0x14,0x5E,0x05,0x06,0x06,0x05,0xFD,0x3E,0x0C,0x0A,0x6F,0x13,0x0F,
  0x9A,0x25,0x24,0x36,0x48,0x36,0x45,0x80,0x5B,0x7C,0x90,0x2F,0x73,0x67,0xFD,0xC6,0x02,0x04,0x84,0x06,0x08,0x14,0xFB,0x78,
  0x06,0x07,0x05,0x03,0x02,0x6D,0x08,0x0C,0x05,0x01,0x46,0x08,0x04,0x06,0x08,0xFC,0x85,0x12,0x11,0x05,0x16,0x01,0x03,0x04,
  0x04,0x05,0x08,0x06,0x02,0x16,0x04,0x11,0x10,0x02,0x5E,0x21,0x43,0x31,0x29,0x51,0x58,0x66,0x3D,0x44,0x75,0x47,0x8F,0x62,
  0x3F,0x70,0x85,0x5D,0xFD,0xFC,0x0E,0x04,0x05,0x0D,0x06,0x06,0x05,0x08,0x02,0x00,0x00,0x01,0x00,0x3F,0xFF,0xEC,0x04,0x41,
  0x05,0xB8,0x00,0x48,0x00,0x00,0x53,0x34,0x36,0x33,0x32,0x16,0x15,0x15,0x14,0x16,0x33,0x32,0x36,0x35,0x34,0x26,0x23,0x22,
  0x06,0x06,0x07,0x06,0x06,0x23,0x22,0x26,0x35,0x11,0x34,0x36,0x33,0x32,0x16,0x17,0x1E,0x02,0x33,0x32,0x36,0x37,0x36,0x36,
  0x33,0x32,0x16,0x15,0x0E,0x02,0x23,0x22,0x26,0x26,0x27,0x37,0x11,0x27,0x3E,0x02,0x33,0x32,0x16,0x16,0x15,0x14,0x06,0x06,
  0x23,0x22,0x26,0x26,0x3F,0x72,0x52,0x44,0x61,0x3A,0x33,0x38,0x48,0x5F,0x59,0x2D,0x5A,0x59,0x2B,0x09,0x0E,0x09,0x07,0x0B,
  0x0B,0x0B,0x0A,0x14,0x0B,0x44,0x93,0xA4,0x5B,0x89,0xC9,0x12,0x02,0x09,0x05,0x04,0x06,0x0A,0x67,0xD1,0xA9,0x4F,0x95,0x82,
  0x32,0x0E,0x0B,0x3C,0x6F,0x8B,0x62,0x97,0xE1,0x7E,0x88,0xFF,0xB1,0x8C,0xCE,0x70,0x01,0x32,0x54,0x70,0x6C,0x58,0xCF,0x29,
  0x43,0xD0,0xBC,0xCE,0xCA,0x21,0x41,0x32,0x0A,0x0A,0x0E,0x08,0x02,0xEF,0x0B,0x0B,0x07,0x04,0x16,0x1E,0x0E,0x3F,0x2E,0x05,
  0x05,0x05,0x05,0xBA,0xD5,0x59,0x12,0x22,0x16,0x09,0xFE,0x68,0x03,0x44,0x51,0x23,0x63,0xB5,0x7D,0x86,0xC8,0x6D,0x57,0x94,
  0x00,0x01,0x00,0x30,0xFF,0xEC,0x04,0xA3,0x05,0x8C,0x00,0x35,0x00,0x00,0x41,0x32,0x16,0x16,0x15,0x14,0x06,0x23,0x22,0x26,
  0x35,0x35,0x34,0x26,0x23,0x22,0x06,0x06,0x02,0x15,0x14,0x12,0x16,0x33,0x32,0x36,0x35,0x34,0x26,0x23,0x22,0x06,0x06,0x15,
  0x27,0x34,0x36,0x36,0x33,0x32,0x16,0x16,0x07,0x0E,0x02,0x23,0x22,0x24,0x02,0x35,0x10,0x12,0x24,0x02,0xB2,0xA8,0xD6,0x66,
  0x79,0x63,0x5B,0x86,0x23,0x24,0x24,0x44,0x36,0x1F,0x2E,0x4B,0x2D,0x45,0x50,0x74,0x53,0x2C,0x46,0x28,0x12,0x56,0xA0,0x70,
  0x83,0xBB,0x62,0x05,0x05,0x8B,0xF8,0xAA,0xA3,0xFE,0xFD,0x96,0xAC,0x01,0x24,0x05,0x8C,0x51,0x8B,0x58,0x66,0x71,0x7C,0x6A,
  0x9F,0x38,0x41,0x51,0xB9,0xFE,0xCA,0xE5,0xEB,0xFE,0xF5,0x6E,0xC2,0xD6,0xB9,0xBB,0x29,0x4B,0x32,0x0A,0x3D,0x68,0x41,0x61,
  0xB6,0x82,0x8F,0xCC,0x6C,0x94,0x01,0x27,0xDC,0x01,0x03,0x01,0x59,0xAD,0x00,0x01,0x00,0x47,0xFF,0xE2,0x04,0x46,0x05,0x78,
  0x00,0x2C,0x00,0x00,0x41,0x17,0x21,0x22,0x06,0x07,0x07,0x06,0x06,0x23,0x22,0x26,0x37,0x13,0x36,0x36,0x33,0x21,0x32,0x16,
  0x15,0x14,0x06,0x07,0x01,0x0E,0x03,0x15,0x14,0x1E,0x02,0x15,0x14,0x06,0x23,0x22,0x26,0x35,0x34,0x36,0x36,0x37,0x03,0x56,
  0x01,0xFD,0x66,0x10,0x17,0x07,0x2F,0x02,0x08,0x05,0x04,0x06,0x01,0x3E,0x02,0x0D,0x0D,0x03,0x90,0x09,0x0B,0x09,0x0B,0xFE,
  0xD2,0x28,0x3E,0x2B,0x16,0x29,0x35,0x29,0x7E,0x71,0x6A,0x73,0x26,0x4C,0x39,0x04,0x3E,0x0F,0x0E,0x17,0x98,0x06,0x07,0x08,
  0x07,0x01,0xE5,0x0E,0x11,0x0A,0x07,0x09,0x15,0x0E,0xFE,0x7C,0x33,0x59,0x51,0x4F,0x29,0x44,0x67,0x5B,0x60,0x3E,0x58,0x84,
  0x7C,0x69,0x39,0x80,0x89,0x46,0x00,0x01,0x00,0x2C,0xFF,0xEC,0x04,0x75,0x05,0x8C,0x00,0x3C,0x00,0x00,0x45,0x22,0x26,0x26,
  0x35,0x34,0x36,0x36,0x37,0x17,0x06,0x06,0x15,0x14,0x16,0x33,0x32,0x36,0x35,0x34,0x26,0x26,0x27,0x26,0x02,0x35,0x34,0x36,
  0x36,0x33,0x32,0x16,0x16,0x15,0x14,0x06,0x06,0x07,0x27,0x3E,0x02,0x35,0x34,0x26,0x26,0x23,0x22,0x06,0x06,0x15,0x14,0x16,
  0x16,0x17,0x16,0x16,0x15,0x14,0x06,0x04,0x02,0x2E,0xAA,0xE3,0x71,0x4B,0xB0,0x98,0x07,0x0D,0x19,0x5B,0x47,0x52,0x4C,0x29,
  0x5C,0x4B,0xFC,0xEC,0x81,0xF6,0xB1,0xB7,0xEE,0x73,0x60,0xB8,0x86,0x04,0x0F,0x15,0x0B,0x2B,0x4F,0x37,0x31,0x47,0x26,0x3A,
  0x7A,0x60,0xF2,0xC5,0x8B,0xFE,0xFB,0x14,0x50,0x90,0x5F,0x51,0x7D,0x58,0x19,0x07,0x31,0x8C,0x41,0xC2,0xA6,0x74,0x66,0x3F,
  0x64,0x4E,0x1C,0x61,0x01,0x01,0xA2,0x78,0xBE,0x6E,0x54,0xA3,0x75,0x60,0x9A,0x65,0x10,0x09,0x1D,0x60,0x77,0x3D,0x8D,0xB3,
  0x55,0x38,0x64,0x41,0x5D,0x96,0x6E,0x21,0x52,0xD4,0x71,0x7E,0xBA,0x66,0x00,0x01,0x00,0x33,0xFF,0xEC,0x04,0xAB,0x05,0x8C,
  0x00,0x34,0x00,0x00,0x45,0x22,0x26,0x26,0x35,0x34,0x36,0x33,0x32,0x16,0x15,0x15,0x14,0x16,0x33,0x32,0x36,0x12,0x11,0x34,
  0x02,0x26,0x23,0x22,0x06,0x15,0x14,0x16,0x33,0x32,0x36,0x36,0x35,0x17,0x14,0x06,0x06,0x23,0x22,0x26,0x26,0x35,0x34,0x36,
  0x24,0x33,0x32,0x04,0x12,0x15,0x10,0x02,0x04,0x02,0x1F,0xA7,0xD7,0x66,0x76,0x66,0x64,0x7D,0x25,0x22,0x34,0x5A,0x39,0x2C,
  0x48,0x2C,0x4C,0x59,0x6C,0x4C,0x34,0x50,0x2F,0x12,0x4C,0xA1,0x81,0x83,0xB9,0x61,0x92,0x01,0x02,0xA8,0xA4,0x01,0x03,0x95,
  0xAE,0xFE,0xD8,0x14,0x51,0x8C,0x57,0x63,0x74,0x80,0x77,0x8E,0x2C,0x4B,0x94,0x01,0x5F,0x01,0x30,0xEA,0x01,0x09,0x6D,0xC7,
  0xCD,0xB9,0xBB,0x29,0x4B,0x32,0x0A,0x3C,0x69,0x41,0x61,0xB7,0x81,0x86,0xCD,0x74,0x94,0xFE,0xD9,0xDC,0xFE,0xFD,0xFE,0xA7,
  0xAD,0x00,0x00,0x01,0x00,0x0D,0x03,0x2A,0x01,0x85,0x06,0x57,0x00,0x0D,0x00,0x00,0x53,0x22,0x26,0x27,0x03,0x26,0x36,0x33,
  0x32,0x16,0x07,0x03,0x06,0x06,0xBE,0x06,0x09,0x03,0x84,0x1B,0x56,0x68,0x69,0x51,0x1E,0x97,0x04,0x08,0x03,0x2A,0x0B,0x0B,
  0x02,0x26,0x72,0x7F,0x83,0x6D,0xFD,0xD9,0x0D,0x09,0xFF,0xFF,0x00,0x0D,0x03,0x28,0x03,0x03,0x06,0x57,0x04,0x27,0x00,0x5B,
  0x01,0x7E,0x00,0x00,0x00,0x06,0x00,0x5B,0x00,0xFE,0x00,0x01,0x00,0x16,0x03,0x36,0x02,0x3E,0x05,0x8C,0x00,0x16,0x00,0x00,
  0x41,0x23,0x13,0x16,0x16,0x33,0x32,0x36,0x27,0x03,0x26,0x26,0x23,0x22,0x06,0x07,0x01,0x06,0x16,0x33,0x32,0x36,0x37,0x01,
  0x42,0x18,0xFC,0x03,0x09,0x04,0x05,0x03,0x03,0xEB,0x07,0x0B,0x08,0x07,0x0C,0x07,0xFE,0xFE,0x04,0x02,0x06,0x05,0x07,0x04,
  0x05,0x82,0xFD,0xC0,0x07,0x05,0x09,0x07,0x02,0x2E,0x0F,0x09,0x09,0x0F,0xFD,0xD9,0x09,0x0B,0x05,0x09,0x00,0x01,0x00,0x47,
  0x02,0x3C,0x03,0x7A,0x03,0x39,0x00,0x21,0x00,0x00,0x41,0x22,0x2E,0x02,0x23,0x22,0x06,0x07,0x14,0x06,0x23,0x22,0x35,0x34,
  0x36,0x36,0x33,0x32,0x1E,0x02,0x33,0x32,0x36,0x35,0x34,0x36,0x33,0x32,0x15,0x14,0x06,0x06,0x02,0xB2,0x3D,0x68,0x61,0x64,
  0x39,0x53,0x5C,0x05,0x05,0x05,0x0A,0x32,0x59,0x3D,0x3C,0x66,0x5F,0x66,0x3C,0x4B,0x69,0x06,0x04,0x0A,0x35,0x5A,0x02,0x4C,
  0x3F,0x51,0x3F,0x75,0x5F,0x05,0x06,0x0B,0x40,0x69,0x3F,0x3F,0x51,0x3F,0x63,0x69,0x07,0x06,0x0D,0x4B,0x63,0x32,0xFF,0xFF,
  0x00,0x5E,0x01,0x37,0x03,0x30,0x04,0x09,0x06,0x26,0x00,0x60,0x00,0x00,0x00,0x87,0x00,0x60,0x04,0x71,0x00,0xD9,0x00,0x00,
  0x40,0x00,0xC0,0x00,0x00,0x00,0x00,0x01,0x00,0x5E,0x02,0x9F,0x03,0x30,0x02,0xB4,0x00,0x0D,0x00,0x00,0x53,0x34,0x36,0x33,
  0x21,0x32,0x16,0x15,0x14,0x06,0x23,0x21,0x22,0x26,0x5E,0x07,0x06,0x02,0xB9,0x05,0x07,0x07,0x05,0xFD,0x47,0x06,0x07,0x02,
  0xAA,0x05,0x05,0x05,0x05,0x05,0x06,0x06,0xFF,0xFF,0x00,0x5E,0x02,0x0E,0x03,0x30,0x03,0x4F,0x04,0x27,0x00,0x60,0x00,0x00,
  0x00,0x9B,0x00,0x07,0x00,0x60,0x00,0x00,0xFF,0x6F,0x00,0x01,0x00,0x2F,0x01,0x02,0x03,0x00,0x04,0x51,0x00,0x1C,0x00,0x00,
  0x53,0x15,0x01,0x36,0x36,0x35,0x34,0x26,0x23,0x22,0x06,0x07,0x01,0x06,0x06,0x15,0x14,0x16,0x17,0x01,0x16,0x16,0x33,0x32,
  0x36,0x35,0x34,0x26,0x27,0x3F,0x02,0xAC,0x05,0x05,0x03,0x05,0x01,0x06,0x05,0xFD,0x5C,0x07,0x07,0x07,0x07,0x02,0xB1,0x03,
  0x06,0x03,0x03,0x03,0x05,0x03,0x02,0xAD,0x02,0x01,0x96,0x03,0x04,0x03,0x03,0x03,0x01,0x03,0xFE,0x70,0x04,0x08,0x06,0x06,
  0x07,0x05,0xFE,0x6D,0x01,0x03,0x03,0x03,0x03,0x08,0x01,0x00,0xFF,0xFF,0x00,0x5F,0x01,0x07,0x03,0x30,0x04,0x56,0x04,0x0F,
  0x00,0x62,0x03,0x5F,0x05,0x58,0xC0,0x00,0x00,0x04,0x00,0x32,0xFF,0xF8,0x04,0x99,0x05,0x85,0x00,0x25,0x00,0x49,0x00,0x6D,
  0x00,0x93,0x00,0x00,0x41,0x0E,0x05,0x07,0x06,0x27,0x26,0x26,0x37,0x3E,0x05,0x37,0x3E,0x05,0x37,0x36,0x17,0x16,0x16,0x07,
  0x0E,0x05,0x37,0x32,0x3E,0x03,0x33,0x32,0x16,0x15,0x14,0x06,0x23,0x22,0x2E,0x03,0x23,0x22,0x0E,0x03,0x23,0x22,0x26,0x35,
  0x34,0x36,0x33,0x32,0x1E,0x03,0x03,0x22,0x0E,0x03,0x23,0x22,0x26,0x35,0x34,0x36,0x33,0x32,0x1E,0x03,0x33,0x32,0x3E,0x03,
  0x33,0x32,0x16,0x15,0x14,0x06,0x23,0x22,0x2E,0x03,0x13,0x06,0x27,0x26,0x26,0x37,0x3E,0x05,0x37,0x3E,0x05,0x37,0x36,0x17,
  0x16,0x16,0x07,0x0E,0x05,0x07,0x0E,0x05,0x01,0xC3,0x0A,0x1B,0x21,0x22,0x21,0x1F,0x0C,0x06,0x16,0x0A,0x07,0x03,0x0B,0x1F,
  0x26,0x28,0x26,0x20,0x0B,0x0B,0x1C,0x1F,0x21,0x20,0x1C,0x0A,0x07,0x15,0x0A,0x07,0x02,0x0C,0x21,0x25,0x26,0x23,0x1E,0xB9,
  0x23,0x66,0x75,0x75,0x65,0x23,0x0B,0x0D,0x0D,0x0B,0x29,0x6A,0x75,0x71,0x61,0x21,0x21,0x61,0x71,0x74,0x6B,0x29,0x0B,0x0E,
  0x0E,0x0B,0x23,0x65,0x74,0x75,0x66,0x1D,0x21,0x61,0x71,0x75,0x69,0x29,0x0B,0x0E,0x0E,0x0B,0x22,0x65,0x75,0x75,0x66,0x23,
  0x24,0x66,0x75,0x75,0x65,0x22,0x0B,0x0E,0x0E,0x0B,0x29,0x6B,0x74,0x71,0x61,0x13,0x07,0x14,0x0A,0x08,0x03,0x0B,0x1F,0x26,
  0x28,0x26,0x20,0x0B,0x0B,0x1C,0x1F,0x21,0x20,0x1C,0x0A,0x07,0x15,0x0A,0x07,0x03,0x0C,0x21,0x25,0x25,0x24,0x1D,0x0A,0x0A,
  0x1B,0x21,0x22,0x21,0x1F,0x02,0xB5,0x23,0x67,0x7B,0x84,0x80,0x72,0x2C,0x16,0x06,0x03,0x0F,0x0A,0x25,0x6B,0x7D,0x84,0x7F,
  0x6B,0x26,0x26,0x6E,0x82,0x89,0x82,0x6E,0x25,0x16,0x06,0x03,0x0F,0x0A,0x2C,0x73,0x82,0x85,0x7C,0x68,0xD5,0x02,0x03,0x03,
  0x02,0x0B,0x0B,0x0A,0x0C,0x02,0x04,0x04,0x02,0x02,0x04,0x04,0x02,0x0C,0x0A,0x0B,0x0B,0x02,0x03,0x03,0x02,0xFE,0x31,0x02,
  0x04,0x04,0x02,0x0C,0x0A,0x0B,0x0B,0x02,0x03,0x03,0x02,0x02,0x03,0x03,0x02,0x0B,0x0B,0x0A,0x0C,0x02,0x04,0x04,0x02,0xFE,
  0x2F,0x16,0x06,0x03,0x0F,0x0A,0x25,0x6A,0x7E,0x84,0x7E,0x6C,0x26,0x26,0x6F,0x82,0x89,0x81,0x6D,0x25,0x17,0x06,0x03,0x10,
  0x0A,0x2B,0x73,0x82,0x85,0x7D,0x68,0x23,0x23,0x67,0x7C,0x83,0x81,0x72,0x00,0x03,0x00,0x0A,0xFF,0x50,0x04,0x6B,0x06,0x48,
  0x00,0x39,0x00,0x4A,0x00,0x5B,0x00,0x00,0x41,0x32,0x16,0x16,0x15,0x14,0x06,0x23,0x22,0x26,0x35,0x35,0x34,0x26,0x23,0x22,
  0x06,0x06,0x15,0x14,0x16,0x16,0x17,0x1E,0x02,0x15,0x14,0x06,0x06,0x23,0x22,0x26,0x26,0x35,0x34,0x36,0x33,0x32,0x16,0x15,
  0x15,0x14,0x16,0x33,0x32,0x36,0x35,0x34,0x26,0x27,0x2E,0x02,0x35,0x34,0x36,0x36,0x13,0x23,0x34,0x2E,0x02,0x35,0x34,0x36,
  0x33,0x32,0x16,0x15,0x14,0x0E,0x02,0x07,0x33,0x14,0x1E,0x02,0x15,0x14,0x06,0x23,0x22,0x26,0x35,0x34,0x3E,0x02,0x02,0x58,
  0xA8,0xEE,0x7D,0x4D,0x5E,0x5E,0x61,0x5B,0x4E,0x3B,0x58,0x31,0x33,0x76,0x64,0xA1,0xC3,0x58,0x87,0xF8,0xA9,0xBD,0xF6,0x78,
  0x5F,0x54,0x4A,0x6B,0x66,0x5C,0x5B,0x61,0x6C,0x8C,0xA8,0xC5,0x54,0x82,0xF4,0xB4,0x16,0x04,0x05,0x03,0x0C,0x0A,0x0B,0x0B,
  0x03,0x03,0x04,0x37,0x16,0x04,0x03,0x03,0x0B,0x0B,0x0A,0x0C,0x03,0x05,0x04,0x05,0x72,0x57,0x9A,0x63,0x48,0x6C,0x61,0x4E,
  0x61,0x6C,0x75,0x29,0x56,0x44,0x43,0x69,0x51,0x21,0x36,0x8A,0xAC,0x6B,0x7A,0xBC,0x69,0x56,0x92,0x59,0x4F,0x65,0x65,0x54,
  0x74,0x51,0x61,0x73,0x5B,0x68,0x8B,0x30,0x3A,0x85,0xA3,0x66,0x74,0xBC,0x6F,0xFD,0x6D,0x4A,0xD9,0xF2,0xE4,0x54,0x0D,0x0F,
  0x0F,0x0D,0x48,0xDC,0xF6,0xE4,0x75,0x4F,0xE3,0xF7,0xDC,0x48,0x0D,0x0F,0x0F,0x0D,0x54,0xE4,0xF2,0xD9,0xFF,0xFF,0x00,0x14,
  0xFF,0xE8,0x04,0xE0,0x05,0x8D,0x04,0x26,0x00,0x68,0x00,0x0B,0x00,0x27,0x00,0x69,0x00,0x91,0x00,0x00,0x00,0x07,0x00,0x68,
  0x02,0x12,0xFD,0x41,0x00,0x02,0x00,0x5A,0x03,0xA0,0x02,0x33,0x05,0x8C,0x00,0x0F,0x00,0x1B,0x00,0x00,0x41,0x32,0x16,0x16,
  0x15,0x14,0x06,0x06,0x23,0x22,0x26,0x26,0x35,0x34,0x36,0x36,0x17,0x22,0x06,0x15,0x14,0x16,0x33,0x32,0x36,0x35,0x34,0x26,
  0x01,0x46,0x45,0x6B,0x3D,0x3E,0x6C,0x43,0x44,0x6B,0x3D,0x3B,0x6B,0x46,0x61,0x75,0x7A,0x5C,0x5B,0x7C,0x79,0x05,0x8C,0x40,
  0x70,0x4A,0x48,0x6D,0x3D,0x3F,0x6E,0x47,0x46,0x70,0x42,0x14,0x84,0x60,0x64,0x7C,0x7B,0x62,0x65,0x82,0x00,0x02,0x00,0x14,
  0x02,0xA7,0x02,0xCE,0x05,0x82,0x00,0x0C,0x00,0x19,0x00,0x00,0x41,0x32,0x16,0x15,0x14,0x06,0x06,0x23,0x22,0x26,0x35,0x34,
  0x36,0x13,0x34,0x26,0x23,0x22,0x06,0x15,0x14,0x16,0x33,0x32,0x36,0x36,0x01,0x74,0x9A,0xC0,0x5C,0x9D,0x61,0xA7,0xB9,0xBF,
  0xF1,0x2B,0x25,0x28,0x2E,0x2E,0x28,0x16,0x24,0x16,0x05,0x82,0xC0,0xA8,0x76,0xA6,0x57,0xBF,0xB4,0xA1,0xC7,0xFE,0x91,0xBD,
  0x9C,0xA4,0xA7,0xC4,0xA0,0x3E,0x95,0x00,0x00,0x02,0xFF,0xC7,0xFF,0xF1,0x04,0x06,0x05,0x8B,0x00,0x19,0x00,0x33,0x00,0x00,
  0x41,0x06,0x06,0x27,0x26,0x26,0x37,0x3E,0x05,0x37,0x36,0x36,0x17,0x16,0x14,0x07,0x0E,0x05,0x07,0x36,0x36,0x17,0x16,0x06,
  0x07,0x0E,0x05,0x07,0x06,0x06,0x27,0x26,0x34,0x37,0x3E,0x05,0x02,0x04,0x02,0x06,0x02,0x03,0x01,0x04,0x07,0x49,0x6B,0x76,
  0x67,0x43,0x02,0x08,0x16,0x09,0x08,0x08,0x02,0x47,0x6E,0x7D,0x71,0x4E,0x42,0x02,0x09,0x02,0x03,0x02,0x05,0x06,0x4A,0x6B,
  0x75,0x68,0x44,0x02,0x07,0x16,0x08,0x08,0x09,0x02,0x47,0x6F,0x7C,0x71,0x4D,0x02,0xDB,0x04,0x03,0x03,0x02,0x06,0x04,0x09,
  0x66,0x94,0xA4,0x90,0x5E,0x03,0x0B,0x05,0x08,0x06,0x18,0x08,0x02,0x5A,0x8C,0x9E,0x90,0x63,0x41,0x05,0x03,0x02,0x01,0x08,
  0x05,0x08,0x66,0x97,0xA5,0x92,0x5F,0x03,0x09,0x03,0x05,0x06,0x17,0x0B,0x03,0x5B,0x8D,0x9F,0x90,0x63,0xFF,0xFF,0x00,0x37,
  0x03,0xD3,0x01,0x8B,0x05,0x76,0x04,0x06,0x00,0x6B,0x00,0x00,0x00,0x01,0x00,0x37,0x03,0xD3,0x01,0x8B,0x05,0x76,0x00,0x10,
  0x00,0x00,0x41,0x13,0x16,0x16,0x07,0x06,0x22,0x27,0x27,0x26,0x26,0x35,0x34,0x36,0x33,0x32,0x16,0x01,0x3F,0x49,0x01,0x02,
  0x03,0x02,0x07,0x03,0xD8,0x2C,0x41,0x3B,0x3D,0x35,0x48,0x04,0xE7,0xFE,0xFA,0x04,0x05,0x03,0x02,0x01,0x8F,0x1D,0x50,0x3A,
  0x24,0x48,0x49,0x00,0xFF,0xFF,0x00,0x10,0x00,0x00,0x04,0xF8,0x05,0x96,0x04,0x26,0x00,0x21,0x00,0x00,0x00,0x07,0x00,0x21,
  0x02,0x7C,0x00,0x00,0xFF,0xFF,0x00,0x10,0x00,0x00,0x04,0x94,0x05,0x96,0x04,0x26,0x00,0x21,0x00,0x00,0x00,0x07,0x00,0x24,
  0x02,0x7C,0x00,0x00,0xFF,0xFF,0x00,0x10,0x00,0x00,0x04,0x9E,0x05,0xE6,0x04,0x26,0x00,0x21,0x00,0x00,0x00,0x07,0x00,0x27,
  0x02,0x7C,0x00,0x00,0xFF,0xFF,0x00,0x10,0x00,0x00,0x07,0x10,0x05,0x96,0x04,0x26,0x00,0x21,0x00,0x00,0x00,0x27,0x00,0x21,
  0x02,0x7C,0x00,0x00,0x00,0x07,0x00,0x24,0x04,0xF8,0x00,0x00,0xFF,0xFF,0x00,0x10,0x00,0x00,0x07,0x1A,0x05,0xE6,0x04,0x26,
  0x00,0x21,0x00,0x00,0x00,0x27,0x00,0x21,0x02,0x7C,0x00,0x00,0x00,0x07,0x00,0x27,0x04,0xF8,0x00,0x00,0x00,0x00,0x00,0x0B,
  0x00,0x8A,0x00,0x03,0x00,0x01,0x04,0x09,0x00,0x02,0x00,0x0E,0x00,0x00,0x00,0x03,0x00,0x01,0x04,0x09,0x01,0x00,0x00,0x18,
  0x00,0x0E,0x00,0x03,0x00,0x01,0x04,0x09,0x01,0x01,0x00,0x0C,0x00,0x26,0x00,0x03,0x00,0x01,0x04,0x09,0x01,0x02,0x00,0x10,
  0x00,0x32,0x00,0x03,0x00,0x01,0x04,0x09,0x01,0x03,0x00,0x0A,0x00,0x42,0x00,0x03,0x00,0x01,0x04,0x09,0x01,0x0E,0x00,0x0A,
  0x00,0x4C,0x00,0x03,0x00,0x01,0x04,0x09,0x01,0x12,0x00,0x0A,0x00,0x56,0x00,0x03,0x00,0x01,0x04,0x09,0x01,0x13,0x00,0x0A,
  0x00,0x60,0x00,0x03,0x00,0x01,0x04,0x09,0x01,0x16,0x00,0x10,0x00,0x6A,0x00,0x03,0x00,0x01,0x04,0x09,0x01,0x17,0x00,0x0C,
  0x00,0x7A,0x00,0x03,0x00,0x01,0x04,0x09,0x01,0x18,0x00,0x0A,0x00,0x86,0x00,0x52,0x00,0x65,0x00,0x67,0x00,0x75,0x00,0x6C,
  0x00,0x61,0x00,0x72,0x00,0x4F,0x00,0x70,0x00,0x74,0x00,0x69,0x00,0x63,0x00,0x61,0x00,0x6C,0x00,0x20,0x00,0x53,0x00,0x69,
  0x00,0x7A,0x00,0x65,0x00,0x57,0x00,0x65,0x00,0x69,0x00,0x67,0x00,0x68,0x00,0x74,0x00,0x53,0x00,0x6F,0x00,0x66,0x00,0x74,
  0x00,0x6E,0x00,0x65,0x00,0x73,0x00,0x73,0x00,0x57,0x00,0x6F,0x00,0x6E,0x00,0x6B,0x00,0x79,0x00,0x42,0x00,0x6C,0x00,0x61,
  0x00,0x63,0x00,0x6B,0x00,0x31,0x00,0x34,0x00,0x34,0x00,0x70,0x00,0x74,0x00,0x53,0x00,0x68,0x00,0x61,0x00,0x72,0x00,0x70,
  0x00,0x4E,0x00,0x6F,0x00,0x6E,0x00,0x57,0x00,0x6F,0x00,0x6E,0x00,0x6B,0x00,0x79,0x00,0x49,0x00,0x74,0x00,0x61,0x00,0x6C,
  0x00,0x69,0x00,0x63,0x00,0x52,0x00,0x6F,0x00,0x6D,0x00,0x61,0x00,0x6E,0x00,0x00,0x00,0x03,0x00,0x00,0x00,0x00,0x00,0x00,
  0xFE,0xD4,0x00,0x32,0x00,0x00,0x00,0x00,0x00,0x00,0x00,0x00,0x00,0x00,0x00,0x00,0x00,0x00,0x00,0x00,0x00,0x00,0x00,0x00,
  0x00,0x01,0x00,0x01,0xFF,0xFF,0x00,0x0F,0x00,0x01,0x00,0x00,0x00,0x0A,0x00,0x24,0x00,0x32,0x00,0x02,0x44,0x46,0x4C,0x54,
  0x00,0x0E,0x6C,0x61,0x74,0x6E,0x00,0x0E,0x00,0x04,0x00,0x00,0x00,0x00,0xFF,0xFF,0x00,0x01,0x00,0x00,0x00,0x01,0x6B,0x65,
  0x72,0x6E,0x00,0x08,0x00,0x00,0x00,0x01,0x00,0x00,0x00,0x01,0x00,0x04,0x00,0x02,0x00,0x00,0x00,0x02,0x00,0x0A,0x00,0xA2,
  0x00,0x01,0x00,0x20,0x00,0x04,0x00,0x00,0x00,0x0B,0x00,0x5A,0x00,0x3A,0x00,0x4C,0x00,0x5A,0x00,0x60,0x00,0x60,0x00,0x66,
  0x00,0x6C,0x00,0x72,0x00,0x78,0x00,0x92,0x00,0x01,0x00,0x0B,0x00,0x03,0x00,0x07,0x00,0x0E,0x00,0x11,0x00,0x17,0x00,0x18,
  0x00,0x19,0x00,0x36,0x00,0x55,0x00,0x58,0x00,0x5A,0x00,0x04,0x00,0x19,0x00,0x00,0x00,0x2B,0x00,0x00,0x00,0x33,0x00,0x00,
  0x00,0x36,0x00,0x00,0x00,0x03,0x00,0x31,0xFF,0xCE,0x00,0x32,0xFF,0xCE,0x00,0x34,0xFF,0xCE,0x00,0x01,0x00,0x19,0xFF,0xEC,
  0x00,0x01,0x00,0x34,0xFF,0x9C,0x00,0x01,0x00,0x36,0x00,0x00,0x00,0x01,0x00,0x19,0x00,0x00,0x00,0x01,0x00,0x58,0xFF,0xB5,
  0x00,0x06,0x00,0x51,0xFF,0xCE,0x00,0x53,0x00,0x00,0x00,0x55,0xFF,0x83,0x00,0x57,0x00,0x00,0x00,0x59,0xFF,0xE7,0x00,0x5A,
  0xFF,0xE7,0x00,0x01,0x00,0x58,0x00,0x00,0x00,0x02,0x09,0x34,0x00,0x04,0x00,0x00,0x09,0x50,0x0A,0x34,0x00,0x27,0x00,0x1E,
  0x00,0x00,0x00,0x00,0x00,0x00,0x00,0x00,0x00,0x00,0x00,0x00,0x00,0x00,0x00,0x00,0x00,0x00,0x00,0x00,0x00,0x00,0x00,0x00,
  0x00,0x00,0x00,0x00,0x00,0x00,0x00,0x00,0x00,0x00,0x00,0x00,0x00,0x00,0x00,0x00,0x00,0x00,0x00,0x00,0x00,0x00,0xFF,0xE2,
  0x00,0x00,0xFF,0xBA,0x00,0x00,0x00,0x00,0x00,0x00,0x00,0x00,0x00,0x00,0x00,0x00,0x00,0x00,0x00,0x00,0x00,0x00,0x00,0x00,
  0x00,0x00,0x00,0x00,0x00,0x00,0x00,0x00,0x00,0x00,0x00,0x00,0x00,0x00,0xFF,0x9C,0x00,0x00,0x00,0x00,0x00,0x00,0x00,0x00,
  0x00,0x00,0xFF,0xCE,0x00,0x00,0x00,0x00,0x00,0x00,0x00,0x00,0x00,0x00,0xFF,0xD8,0x00,0x00,0x00,0x00,0x00,0x00,0x00,0x00,
  0x00,0x00,0x00,0x00,0x00,0x00,0x00,0x00,0x00,0x00,0x00,0x00,0x00,0x00,0x00,0x00,0x00,0x00,0x00,0x00,0x00,0x00,0xFF,0xCE,
  0x00,0x00,0xFF,0x9C,0x00,0x00,0x00,0x00,0xFF,0xCE,0x00,0x00,0x00,0x00,0xFF,0xCE,0x00,0x00,0x00,0x00,0x00,0x00,0x00,0x00,
  0x00,0x00,0xFF,0xCE,0xFF,0xCE,0x00,0x00,0x00,0x00,0x00,0x00,0x00,0x00,0x00,0x00,0x00,0x00,0x00,0x00,0x00,0x00,0x00,0x00,
  0x00,0x00,0x00,0x00,0x00,0x00,0x00,0x00,0x00,0x00,0x00,0x00,0x00,0x00,0x00,0x00,0x00,0x00,0x00,0x00,0x00,0x00,0x00,0x00,
  0x00,0x00,0x00,0x00,0x00,0x00,0x00,0x00,0x00,0x00,0x00,0x00,0x00,0x00,0x00,0x00,0x00,0x00,0x00,0x00,0x00,0x00,0x00,0x00,
  0x00,0x00,0x00,0x00,0x00,0x00,0x00,0x00,0x00,0x00,0x00,0x00,0x00,0x00,0x00,0x00,0x00,0x00,0x00,0x00,0x00,0x00,0x00,0x00,
  0x00,0x00,0xFF,0x9C,0x00,0x00,0x00,0x00,0xFF,0xCE,0x00,0x00,0x00,0x00,0x00,0x00,0x00,0x00,0x00,0x00,0x00,0x00,0xFF,0xE2,
  0x00,0x00,0x00,0x00,0x00,0x00,0x00,0x00,0x00,0x00,0x00,0x00,0x00,0x00,0x00,0x00,0x00,0x00,0x00,0x00,0x00,0x00,0x00,0x00,
  0x00,0x00,0x00,0x00,0x00,0x00,0x00,0x00,0x00,0x00,0x00,0x00,0x00,0x00,0x00,0x00,0x00,0x00,0x00,0x00,0x00,0x00,0x00,0x00,
  0x00,0x00,0x00,0x00,0x00,0x00,0x00,0x00,0x00,0x00,0x00,0x00,0x00,0x00,0x00,0x00,0x00,0x00,0x00,0x00,0x00,0x00,0x00,0x00,
  0x00,0x00,0x00,0x00,0x00,0x00,0x00,0x00,0x00,0x00,0x00,0x00,0x00,0x00,0x00,0x00,0x00,0x00,0x00,0x00,0x00,0x00,0xFF,0xCE,
  0x00,0x00,0xFF,0xB5,0x00,0x00,0x00,0x00,0xFF,0xB5,0x00,0x00,0x00,0x00,0xFF,0xB5,0x00,0x00,0x00,0x00,0x00,0x00,0xFF,0x8D,
  0x00,0x00,0xFF,0x9C,0x00,0x00,0x00,0x00,0x00,0x00,0x00,0x00,0x00,0x00,0x00,0x00,0x00,0x00,0x00,0x00,0x00,0x00,0x00,0x00,
  0x00,0x00,0x00,0x00,0x00,0x00,0x00,0x00,0x00,0x00,0xFF,0xCE,0x00,0x00,0xFF,0x9C,0x00,0x00,0x00,0x00,0xFF,0xCE,0x00,0x00,
  0x00,0x00,0xFF,0xCE,0x00,0x00,0x00,0x00,0x00,0x00,0x00,0x00,0x00,0x00,0x00,0x00,0x00,0x00,0x00,0x00,0x00,0x00,0x00,0x00,
  0x00,0x00,0x00,0x00,0x00,0x00,0x00,0x00,0x00,0x00,0x00,0x00,0xFF,0xB5,0x00,0x00,0x00,0x00,0x00,0x00,0x00,0x00,0x00,0x00,
  0x00,0x00,0x00,0x00,0xFF,0xEC,0x00,0x00,0x00,0x00,0x00,0x00,0x00,0x00,0x00,0x00,0x00,0x00,0x00,0x00,0x00,0x00,0x00,0x00,
  0x00,0x00,0x00,0x00,0x00,0x00,0x00,0x00,0x00,0x00,0x00,0x00,0x00,0x00,0x00,0x00,0x00,0x00,0x00,0x00,0x00,0x00,0x00,0x00,
  0x00,0x00,0x00,0x00,0x00,0x00,0x00,0x00,0x00,0x00,0x00,0x00,0x00,0x00,0xFF,0xCE,0x00,0x00,0x00,0x00,0xFF,0xCE,0x00,0x00,
  0x00,0x00,0xFF,0xCE,0x00,0x00,0x00,0x00,0x00,0x00,0x00,0x00,0x00,0x00,0xFF,0xE2,0x00,0x00,0x00,0x00,0x00,0x00,0x00,0x00,
  0x00,0x00,0x00,0x00,0xFF,0xCE,0x00,0x00,0x00,0x00,0xFF,0xCE,0xFF,0xCE,0x00,0x00,0x00,0x00,0x00,0x00,0x00,0x00,0x00,0x00,
  0x00,0x00,0xFF,0xCE,0xFF,0xEC,0x00,0x00,0x00,0x00,0x00,0x00,0x00,0x00,0x00,0x00,0x00,0x00,0x00,0x00,0x00,0x00,0x00,0x00,
  0x00,0x00,0x00,0x00,0x00,0x00,0x00,0x00,0x00,0x00,0x00,0x00,0x00,0x00,0x00,0x00,0x00,0x00,0x00,0x00,0x00,0x00,0x00,0x00,
  0x00,0x00,0x00,0x00,0x00,0x00,0x00,0x00,0x00,0x00,0x00,0x00,0x00,0x00,0x00,0x00,0x00,0x00,0x00,0x00,0x00,0x00,0x00,0x00,
  0x00,0x00,0x00,0x00,0x00,0x00,0x00,0x00,0x00,0x00,0x00,0x00,0x00,0x00,0x00,0x00,0x00,0x00,0x00,0x00,0x00,0x00,0x00,0x00,
  0x00,0x00,0x00,0x00,0x00,0x00,0x00,0x00,0x00,0x00,0x00,0x00,0xFF,0xF1,0x00,0x00,0x00,0x00,0x00,0x00,0x00,0x00,0x00,0x00,
  0x00,0x00,0x00,0x00,0x00,0x00,0x00,0x00,0x00,0x00,0x00,0x00,0x00,0x00,0x00,0x00,0x00,0x00,0x00,0x00,0x00,0x00,0x00,0x00,
  0x00,0x00,0x00,0x00,0x00,0x00,0x00,0x00,0x00,0x00,0x00,0x00,0x00,0x00,0x00,0x00,0x00,0x00,0x00,0x00,0x00,0x00,0x00,0x00,
  0x00,0x00,0x00,0x00,0x00,0x00,0x00,0x00,0x00,0x00,0xFF,0xF6,0x00,0x00,0xFF,0x9C,0x00,0x00,0x00,0x00,0xFF,0xCE,0x00,0x00,
  0x00,0x00,0xFF,0xCE,0x00,0x00,0x00,0x00,0x00,0x00,0x00,0x00,0x00,0x00,0xFF,0x97,0x00,0x00,0x00,0x00,0x00,0x00,0x00,0x00,
  0x00,0x00,0x00,0x00,0x00,0x00,0x00,0x00,0x00,0x00,0x00,0x00,0x00,0x00,0x00,0x00,0x00,0x00,0x00,0x00,0x00,0x00,0x00,0x00,
  0x00,0x00,0x00,0x00,0x00,0x00,0x00,0x00,0x00,0x00,0x00,0x00,0x00,0x00,0x00,0x00,0x00,0x00,0x00,0x00,0x00,0x00,0x00,0x00,
  0x00,0x00,0x00,0x00,0x00,0x00,0x00,0x00,0x00,0x00,0x00,0x00,0x00,0x00,0x00,0x00,0x00,0x00,0x00,0x00,0x00,0x00,0x00,0x00,
  0xFF,0xEC,0x00,0x00,0x00,0x00,0x00,0x00,0x00,0x00,0x00,0x00,0x00,0x00,0x00,0x00,0x00,0x00,0x00,0x00,0x00,0x00,0x00,0x00,
  0x00,0x00,0x00,0x00,0x00,0x00,0x00,0x00,0x00,0x00,0x00,0x00,0x00,0x00,0x00,0x00,0x00,0x00,0x00,0x00,0x00,0x00,0x00,0x00,
  0x00,0x00,0x00,0x00,0xFF,0x9C,0x00,0x00,0xFF,0x9C,0xFF,0x9C,0xFF,0xB5,0xFF,0x9C,0x00,0x00,0x00,0x00,0xFF,0x9C,0xFF,0x9C,
  0x00,0x00,0x00,0x00,0xFF,0x9C,0xFF,0x9C,0x00,0x00,0xFF,0xCE,0x00,0x00,0x00,0x17,0x00,0x00,0xFF,0x9C,0xFF,0x9C,0x00,0x00,
  0x00,0x00,0x00,0x00,0x00,0x00,0xFF,0xCE,0xFF,0x9C,0xFF,0x9C,0x00,0x00,0x00,0x00,0x00,0x00,0x00,0x00,0x00,0x00,0x00,0x00,
  0x00,0x00,0x00,0x00,0x00,0x00,0x00,0x00,0x00,0x00,0xFF,0xEC,0x00,0x00,0xFF,0xCE,0x00,0x00,0x00,0x00,0xFF,0xCE,0x00,0x00,
  0x00,0x00,0xFF,0xCE,0x00,0x00,0x00,0x00,0x00,0x00,0xFF,0x4C,0x00,0x00,0xFF,0x6A,0x00,0x00,0x00,0x00,0x00,0x00,0x00,0x00,
  0x00,0x00,0x00,0x00,0x00,0x00,0x00,0x00,0x00,0x00,0x00,0x00,0x00,0x00,0x00,0x00,0x00,0x00,0x00,0x00,0x00,0x00,0x00,0x00,
  0x00,0x00,0xFF,0xCE,0x00,0x00,0x00,0x00,0x00,0x00,0x00,0x00,0x00,0x00,0x00,0x00,0x00,0x00,0x00,0x00,0x00,0x00,0x00,0x00,
  0x00,0x00,0xFF,0xC9,0x00,0x00,0x00,0x00,0x00,0x00,0x00,0x1E,0x00,0x00,0x00,0x00,0x00,0x00,0x00,0x00,0x00,0x00,0x00,0x00,
  0x00,0x00,0x00,0x00,0x00,0x00,0x00,0x00,0x00,0x00,0x00,0x00,0x00,0x00,0x00,0x00,0x00,0x00,0x00,0x00,0x00,0x14,0x00,0x00,
  0x00,0x00,0x00,0x00,0x00,0x00,0x00,0x00,0x00,0x00,0x00,0x00,0x00,0x00,0x00,0x00,0x00,0x00,0x00,0x00,0x00,0x00,0x00,0x00,
  0x00,0x00,0x00,0x00,0x00,0x00,0x00,0x00,0x00,0x00,0x00,0x00,0xFF,0xCE,0x00,0x00,0x00,0x00,0x00,0x00,0x00,0x00,0xFF,0xE7,
  0x00,0x00,0xFF,0xCE,0x00,0x00,0x00,0x00,0xFF,0xCE,0x00,0x00,0x00,0x00,0x00,0x00,0x00,0x00,0x00,0x00,0x00,0x00,0xFF,0xCE,
  0xFF,0xCE,0xFF,0xEC,0xFF,0xCE,0x00,0x00,0x00,0x00,0x00,0x00,0x00,0x00,0x00,0x00,0xFF,0xE7,0x00,0x00,0x00,0x00,0x00,0x00,
  0x00,0x00,0x00,0x00,0x00,0x00,0x00,0x00,0x00,0x00,0x00,0x00,0x00,0x00,0xFF,0xCE,0x00,0x00,0x00,0x00,0x00,0x00,0x00,0x00,
  0x00,0x00,0x00,0x00,0x00,0x00,0x00,0x00,0x00,0x00,0x00,0x00,0x00,0x00,0xFF,0xF6,0x00,0x00,0x00,0x00,0x00,0x00,0x00,0x00,
  0x00,0x00,0x00,0x00,0xFF,0x6A,0x00,0x00,0xFF,0xB5,0xFF,0x6A,0xFF,0xB5,0xFF,0x9C,0x00,0x00,0x00,0x00,0xFF,0x9C,0xFF,0x6A,
  0x00,0x00,0x00,0x00,0xFF,0x6A,0x00,0x00,0x00,0x00,0xFF,0xCE,0x00,0x00,0x00,0x00,0x00,0x00,0xFF,0x9C,0xFF,0xCE,0x00,0x00,
  0x00,0x00,0x00,0x00,0x00,0x00,0x00,0x00,0xFF,0x9C,0xFF,0xCE,0x00,0x00,0x00,0x00,0x00,0x00,0x00,0x00,0x00,0x00,0x00,0x00,
  0x00,0x00,0x00,0x00,0x00,0x00,0x00,0x00,0x00,0x00,0x00,0x00,0x00,0x00,0xFF,0xCE,0x00,0x00,0x00,0x00,0xFF,0xCE,0x00,0x00,
  0x00,0x00,0xFF,0xCE,0x00,0x00,0x00,0x00,0x00,0x00,0x00,0x00,0x00,0x00,0xFF,0x7E,0x00,0x00,0x00,0x00,0x00,0x00,0x00,0x00,
  0x00,0x00,0x00,0x00,0x00,0x00,0x00,0x00,0x00,0x00,0x00,0x00,0x00,0x00,0x00,0x00,0x00,0x00,0x00,0x00,0x00,0x00,0x00,0x00,
  0x00,0x00,0x00,0x00,0x00,0x00,0x00,0x00,0x00,0x00,0x00,0x00,0x00,0x00,0x00,0x00,0x00,0x00,0x00,0x00,0x00,0x00,0x00,0x00,
  0x00,0x00,0x00,0x00,0x00,0x00,0x00,0x00,0x00,0x00,0x00,0x00,0x00,0x00,0x00,0x00,0xFF,0x9C,0x00,0x00,0xFF,0x9C,0xFF,0x9C,
  0xFF,0x9C,0xFF,0x9C,0x00,0x00,0x00,0x00,0xFF,0x9C,0xFF,0x9C,0x00,0x00,0x00,0x00,0xFF,0x9C,0xFF,0xCE,0x00,0x00,0x00,0x00,
  0x00,0x00,0x00,0x00,0x00,0x00,0xFF,0xCE,0xFF,0xCE,0x00,0x00,0xFF,0xEC,0x00,0x00,0x00,0x00,0x00,0x00,0xFF,0x9C,0xFF,0x9C,
  0x00,0x00,0x00,0x00,0x00,0x00,0x00,0x00,0x00,0x00,0x00,0x00,0x00,0x00,0x00,0x00,0x00,0x00,0x00,0x00,0x00,0x00,0x00,0x00,
  0x00,0x00,0x00,0x00,0x00,0x00,0x00,0x00,0x00,0x00,0x00,0x00,0x00,0x00,0x00,0x00,0x00,0x00,0x00,0x00,0x00,0x00,0x00,0x00,
  0x00,0x00,0x00,0x00,0x00,0x00,0x00,0x00,0x00,0x00,0x00,0x00,0x00,0x00,0x00,0x00,0x00,0x00,0x00,0x00,0x00,0x00,0x00,0x00,
  0xFF,0x5B,0x00,0x00,0x00,0x00,0x00,0x00,0x00,0x00,0x00,0x00,0x00,0x00,0x00,0x00,0x00,0x00,0x00,0x00,0x00,0x00,0x00,0x00,
  0x00,0x00,0x00,0x00,0x00,0x00,0x00,0x00,0x00,0x00,0x00,0x00,0x00,0x00,0x00,0x00,0x00,0x00,0x00,0x00,0x00,0x00,0x00,0x00,
  0x00,0x00,0x00,0x00,0x00,0x00,0x00,0x00,0x00,0x00,0x00,0x00,0x00,0x00,0x00,0x00,0x00,0x00,0x00,0x00,0x00,0x00,0x00,0x00,
  0x00,0x00,0xFF,0x9C,0x00,0x00,0x00,0x00,0xFF,0xCE,0x00,0x00,0x00,0x00,0x00,0x00,0x00,0x00,0x00,0x00,0x00,0x00,0xFF,0xD8,
  0x00,0x00,0xFF,0xCE,0x00,0x00,0x00,0x00,0x00,0x00,0x00,0x00,0x00,0x00,0x00,0x00,0x00,0x00,0xFF,0xE2,0x00,0x00,0x00,0x00,
  0x00,0x00,0xFF,0xEC,0xFF,0xD2,0x00,0x00,0x00,0x00,0xFF,0xCE,0x00,0x00,0xFF,0xD8,0x00,0x00,0x00,0x00,0xFF,0xE7,0x00,0x00,
  0x00,0x00,0x00,0x00,0x00,0x00,0x00,0x00,0x00,0x00,0x00,0x00,0x00,0x00,0xFF,0xDD,0x00,0x00,0x00,0x00,0x00,0x00,0x00,0x00,
  0x00,0x00,0x00,0x00,0x00,0x00,0x00,0x00,0x00,0x00,0x00,0x00,0x00,0x00,0x00,0x00,0x00,0x00,0x00,0x00,0x00,0x00,0x00,0x00,
  0x00,0x00,0x00,0x05,0x00,0x00,0x00,0x00,0x00,0x00,0x00,0x00,0x00,0x00,0x00,0x19,0x00,0x00,0x00,0x00,0x00,0x00,0x00,0x00,
  0x00,0x00,0x00,0x28,0x00,0x00,0x00,0x00,0x00,0x00,0x00,0x00,0x00,0x00,0xFF,0xC4,0xFF,0x8C,0x00,0x00,0xFF,0xBA,0xFF,0x8D,
  0xFF,0x6A,0xFF,0xB0,0xFF,0xD2,0x00,0x00,0xFF,0x9C,0xFF,0xBA,0x00,0x00,0xFF,0xF1,0xFF,0x6F,0xFF,0xD8,0x00,0x00,0xFF,0xCE,
  0x00,0x00,0xFF,0xEC,0x00,0x00,0xFF,0x7E,0xFF,0xAB,0x00,0x00,0xFF,0x88,0x00,0x00,0xFF,0xD8,0x00,0x00,0xFF,0xA6,0xFF,0x9C,
  0x00,0x00,0x00,0x00,0x00,0x00,0x00,0x00,0x00,0x00,0x00,0x00,0x00,0x00,0x00,0x00,0x00,0x00,0x00,0x00,0x00,0x00,0x00,0x00,
  0x00,0x00,0xFF,0xEC,0x00,0x00,0x00,0x00,0x00,0x00,0x00,0x00,0x00,0x00,0xFF,0xEC,0x00,0x00,0x00,0x00,0x00,0x00,0xFF,0xB0,
  0x00,0x00,0xFF,0xE7,0x00,0x00,0x00,0x00,0x00,0x00,0x00,0x00,0x00,0x00,0x00,0x00,0xFF,0xCE,0x00,0x00,0x00,0x00,0xFF,0xCE,
  0xFF,0xB5,0xFF,0xCE,0x00,0x00,0x00,0x00,0x00,0x00,0x00,0x00,0x00,0x00,0x00,0x00,0xFF,0xCE,0x00,0x00,0x00,0x00,0x00,0x00,
  0x00,0x00,0x00,0x00,0x00,0x00,0x00,0x00,0x00,0x00,0x00,0x00,0xFF,0xEC,0x00,0x00,0x00,0x00,0x00,0x00,0x00,0x00,0x00,0x00,
  0x00,0x00,0x00,0x00,0x00,0x00,0x00,0x00,0x00,0x00,0x00,0x00,0xFF,0xCE,0x00,0x00,0x00,0x00,0x00,0x00,0x00,0x00,0x00,0x00,
  0x00,0x00,0x00,0x00,0x00,0x00,0x00,0x00,0x00,0x00,0x00,0x00,0x00,0x00,0x00,0x00,0x00,0x00,0x00,0x00,0x00,0x00,0x00,0x00,
  0x00,0x00,0x00,0x00,0x00,0x00,0x00,0x00,0x00,0x00,0x00,0x00,0x00,0x00,0x00,0x00,0x00,0x00,0x00,0x00,0x00,0x00,0x00,0x00,
  0x00,0x00,0x00,0x00,0x00,0x00,0x00,0x00,0x00,0x00,0xFF,0xCE,0x00,0x00,0x00,0x00,0x00,0x00,0x00,0x00,0x00,0x00,0x00,0x00,
  0x00,0x00,0x00,0x00,0x00,0x00,0x00,0x00,0x00,0x00,0xFF,0xC9,0x00,0x00,0x00,0x00,0x00,0x00,0x00,0x00,0x00,0x00,0x00,0x00,
  0x00,0x00,0x00,0x00,0x00,0x00,0x00,0x00,0x00,0x00,0x00,0x00,0x00,0x00,0x00,0x00,0x00,0x00,0x00,0x00,0x00,0x00,0x00,0x00,
  0x00,0x00,0xFF,0xCE,0x00,0x00,0x00,0x00,0x00,0x00,0x00,0x00,0x00,0x00,0x00,0x00,0x00,0x00,0x00,0x00,0x00,0x00,0x00,0x00,
  0x00,0x00,0x00,0x00,0x00,0x00,0x00,0x00,0x00,0x00,0x00,0x00,0x00,0x00,0x00,0x00,0x00,0x00,0x00,0x00,0x00,0x00,0x00,0x00,
  0x00,0x00,0x00,0x00,0x00,0x00,0x00,0x00,0x00,0x00,0x00,0x00,0x00,0x00,0xFF,0xCE,0x00,0x00,0x00,0x00,0x00,0x00,0x00,0x00,
  0x00,0x00,0xFF,0xCE,0x00,0x00,0x00,0x00,0x00,0x00,0xFF,0xCE,0x00,0x00,0xFF,0xEC,0x00,0x00,0x00,0x00,0x00,0x00,0x00,0x00,
  0x00,0x00,0x00,0x00,0x00,0x00,0x00,0x00,0x00,0x00,0x00,0x00,0x00,0x00,0x00,0x00,0x00,0x00,0x00,0x00,0x00,0x00,0x00,0x00,
  0x00,0x00,0xFF,0xCE,0xFF,0xEC,0x00,0x00,0xFF,0xCE,0x00,0x00,0x00,0x00,0xFF,0xCE,0x00,0x00,0x00,0x00,0x00,0x00,0xFF,0xBA,
  0x00,0x00,0x00,0x00,0x00,0x00,0x00,0x00,0x00,0x00,0x00,0x00,0x00,0x02,0x00,0x04,0x00,0x02,0x00,0x36,0x00,0x00,0x00,0x39,
  0x00,0x40,0x00,0x35,0x00,0x5B,0x00,0x5C,0x00,0x3D,0x00,0x6C,0x00,0x70,0x00,0x3F,0x00,0x01,0x00,0x02,0x00,0x6F,0x00,0x06,
  0x00,0x20,0x00,0x0C,0x00,0x00,0x00,0x05,0x00,0x21,0x00,0x0C,0x00,0x03,0x00,0x03,0x00,0x03,0x00,0x1D,0x00,0x11,0x00,0x03,
  0x00,0x03,0x00,0x00,0x00,0x22,0x00,0x00,0x00,0x12,0x00,0x0F,0x00,0x16,0x00,0x08,0x00,0x19,0x00,0x19,0x00,0x23,0x00,0x10,
  0x00,0x18,0x00,0x07,0x00,0x02,0x00,0x04,0x00,0x0B,0x00,0x04,0x00,0x1E,0x00,0x13,0x00,0x0D,0x00,0x01,0x00,0x0E,0x00,0x1C,
  0x00,0x0B,0x00,0x0D,0x00,0x0D,0x00,0x02,0x00,0x02,0x00,0x25,0x00,0x14,0x00,0x09,0x00,0x15,0x00,0x01,0x00,0x0A,0x00,0x0A,
  0x00,0x26,0x00,0x0A,0x00,0x1A,0x00,0x24,0x00,0x00,0x00,0x00,0x00,0x17,0x00,0x17,0x00,0x17,0x00,0x17,0x00,0x1F,0x00,0x1B,
  0x00,0x1F,0x00,0x1B,0x00,0x00,0x00,0x00,0x00,0x00,0x00,0x00,0x00,0x00,0x00,0x00,0x00,0x00,0x00,0x00,0x00,0x00,0x00,0x00,
  0x00,0x00,0x00,0x00,0x00,0x00,0x00,0x00,0x00,0x00,0x00,0x00,0x00,0x00,0x00,0x00,0x00,0x00,0x00,0x00,0x00,0x00,0x00,0x00,
  0x00,0x00,0x00,0x00,0x00,0x00,0x00,0x00,0x00,0x1B,0x00,0x1B,0x00,0x00,0x00,0x00,0x00,0x00,0x00,0x00,0x00,0x00,0x00,0x00,
  0x00,0x00,0x00,0x00,0x00,0x00,0x00,0x00,0x00,0x00,0x00,0x00,0x00,0x00,0x00,0x00,0x00,0x00,0x00,0x1E,0x00,0x01,0x00,0x0B,
  0x00,0x01,0x00,0x0B,0x00,0x01,0x00,0x02,0x00,0x6F,0x00,0x06,0x00,0x01,0x00,0x03,0x00,0x01,0x00,0x01,0x00,0x01,0x00,0x03,
  0x00,0x01,0x00,0x01,0x00,0x18,0x00,0x01,0x00,0x01,0x00,0x01,0x00,0x01,0x00,0x03,0x00,0x01,0x00,0x03,0x00,0x01,0x00,0x0C,
  0x00,0x10,0x00,0x08,0x00,0x13,0x00,0x13,0x00,0x1A,0x00,0x0D,0x00,0x14,0x00,0x05,0x00,0x09,0x00,0x02,0x00,0x02,0x00,0x02,
  0x00,0x12,0x00,0x0E,0x00,0x09,0x00,0x04,0x00,0x16,0x00,0x09,0x00,0x09,0x00,0x04,0x00,0x04,0x00,0x02,0x00,0x1C,0x00,0x02,
  0x00,0x04,0x00,0x0A,0x00,0x0F,0x00,0x07,0x00,0x0B,0x00,0x0B,0x00,0x1D,0x00,0x0B,0x00,0x15,0x00,0x1B,0x00,0x00,0x00,0x00,
  0x00,0x11,0x00,0x11,0x00,0x11,0x00,0x11,0x00,0x19,0x00,0x17,0x00,0x19,0x00,0x17,0x00,0x00,0x00,0x00,0x00,0x00,0x00,0x00,
  0x00,0x00,0x00,0x00,0x00,0x00,0x00,0x00,0x00,0x00,0x00,0x00,0x00,0x00,0x00,0x00,0x00,0x00,0x00,0x00,0x00,0x00,0x00,0x00,
  0x00,0x00,0x00,0x00,0x00,0x00,0x00,0x00,0x00,0x00,0x00,0x00,0x00,0x00,0x00,0x00,0x00,0x00,0x00,0x00,0x00,0x17,0x00,0x17,
  0x00,0x00,0x00,0x00,0x00,0x00,0x00,0x00,0x00,0x00,0x00,0x00,0x00,0x00,0x00,0x00,0x00,0x00,0x00,0x00,0x00,0x00,0x00,0x00,
  0x00,0x00,0x00,0x00,0x00,0x00,0x00,0x12,0x00,0x12,0x00,0x12,0x00,0x12,0x00,0x12,0x00,0x01,0x00,0x00,0x00,0x0A,0x00,0x24,
  0x00,0x32,0x00,0x02,0x44,0x46,0x4C,0x54,0x00,0x0E,0x6C,0x61,0x74,0x6E,0x00,0x0E,0x00,0x04,0x00,0x00,0x00,0x00,0xFF,0xFF,
  0x00,0x01,0x00,0x00,0x00,0x01,0x6C,0x69,0x67,0x61,0x00,0x08,0x00,0x00,0x00,0x01,0x00,0x00,0x00,0x01,0x00,0x04,0x00,0x04,
  0x00,0x00,0x00,0x01,0x00,0x08,0x00,0x01,0x00,0x36,0x00,0x01,0x00,0x08,0x00,0x05,0x00,0x0C,0x00,0x14,0x00,0x1C,0x00,0x22,
  0x00,0x28,0x00,0x6F,0x00,0x03,0x00,0x21,0x00,0x24,0x00,0x70,0x00,0x03,0x00,0x21,0x00,0x27,0x00,0x6C,0x00,0x02,0x00,0x21,
  0x00,0x6D,0x00,0x02,0x00,0x24,0x00,0x6E,0x00,0x02,0x00,0x27,0x00,0x01,0x00,0x01,0x00,0x21,0x00,0x00,0x00,0x01,0x00,0x01,
  0x00,0x08,0x00,0x05,0x00,0x00,0x00,0x14,0x00,0x05,0x00,0x00,0x00,0x3C,0x00,0x02,0x6F,0x70,0x73,0x7A,0x01,0x00,0x00,0x00,
  0x53,0x4F,0x46,0x54,0x01,0x02,0x00,0x01,0x77,0x67,0x68,0x74,0x01,0x01,0x00,0x02,0x57,0x4F,0x4E,0x4B,0x01,0x03,0x00,0x03,
  0x69,0x74,0x61,0x6C,0x01,0x17,0x00,0x04,0x00,0x0A,0x00,0x1E,0x00,0x32,0x00,0x46,0x00,0x5A,0x00,0x02,0x00,0x00,0x00,0x00,
  0x01,0x12,0x00,0x90,0x00,0x00,0x00,0x6C,0x00,0x00,0x00,0x90,0x00,0x00,0x00,0x02,0x00,0x01,0x00,0x02,0x01,0x13,0x00,0x00,
  0x00,0x00,0x00,0x00,0x00,0x00,0x00,0x19,0x00,0x00,0x00,0x02,0x00,0x02,0x00,0x00,0x01,0x0E,0x03,0x84,0x00,0x00,0x03,0x20,
  0x00,0x00,0x03,0x84,0x00,0x00,0x00,0x02,0x00,0x03,0x00,0x00,0x01,0x16,0x00,0x00,0x00,0x00,0x00,0x00,0x00,0x00,0x00,0x00,
  0x80,0x00,0x00,0x02,0x00,0x04,0x00,0x02,0x01,0x18,0x00,0x00,0x00,0x00,0x80,0x00,0x00,0x00,0x7F,0xFF,0xFF,0xFF,0x00,0x00,
};
static const uint32_t FONT_FRAUNCES_BLACK_LEN = 21456;

// Nunito-Variable.ttf {'wght': 800} -> 17200 bytes
static const uint8_t FONT_NUNITO_EXTRABOLD[] PROGMEM = {
  0x00,0x01,0x00,0x00,0x00,0x0F,0x00,0x80,0x00,0x03,0x00,0x70,0x47,0x44,0x45,0x46,0x03,0x9F,0x00,0xD4,0x00,0x00,0x30,0xEC,
  0x00,0x00,0x00,0x42,0x47,0x50,0x4F,0x53,0x99,0xF5,0xB0,0x31,0x00,0x00,0x31,0x30,0x00,0x00,0x11,0x56,0x47,0x53,0x55,0x42,
  0x90,0x65,0x8C,0x9A,0x00,0x00,0x42,0x88,0x00,0x00,0x00,0x64,0x4F,0x53,0x2F,0x32,0x61,0x09,0xFB,0x7C,0x00,0x00,0x01,0x78,
  0x00,0x00,0x00,0x60,0x53,0x54,0x41,0x54,0xE6,0x36,0xCC,0x34,0x00,0x00,0x42,0xEC,0x00,0x00,0x00,0x44,0x63,0x6D,0x61,0x70,
  0x69,0x61,0x0A,0xCE,0x00,0x00,0x03,0x84,0x00,0x00,0x00,0xCE,0x67,0x61,0x73,0x70,0x00,0x00,0x00,0x10,0x00,0x00,0x30,0xE4,
  0x00,0x00,0x00,0x08,0x67,0x6C,0x79,0x66,0x89,0x04,0x49,0x1E,0x00,0x00,0x05,0x2C,0x00,0x00,0x2B,0x12,0x68,0x65,0x61,0x64,
  0x24,0xA7,0x35,0x4F,0x00,0x00,0x00,0xFC,0x00,0x00,0x00,0x36,0x68,0x68,0x65,0x61,0x07,0x96,0x03,0x4A,0x00,0x00,0x01,0x34,
  0x00,0x00,0x00,0x24,0x68,0x6D,0x74,0x78,0xE5,0x48,0x10,0x45,0x00,0x00,0x01,0xD8,0x00,0x00,0x01,0xAC,0x6C,0x6F,0x63,0x61,
  0x4B,0x59,0x55,0x75,0x00,0x00,0x04,0x54,0x00,0x00,0x00,0xD8,0x6D,0x61,0x78,0x70,0x00,0x75,0x00,0x9F,0x00,0x00,0x01,0x58,
  0x00,0x00,0x00,0x20,0x6E,0x61,0x6D,0x65,0x0B,0x2C,0x1B,0x62,0x00,0x00,0x30,0x40,0x00,0x00,0x00,0x84,0x70,0x6F,0x73,0x74,
  0xFF,0xB3,0x00,0x1C,0x00,0x00,0x30,0xC4,0x00,0x00,0x00,0x20,0x00,0x01,0x00,0x00,0x00,0x03,0x9A,0x1D,0x75,0x4E,0x17,0x48,
  0x5F,0x0F,0x3C,0xF5,0x00,0x03,0x03,0xE8,0x00,0x00,0x00,0x00,0xDB,0x17,0xA5,0xD5,0x00,0x00,0x00,0x00,0xE6,0xD5,0xB2,0x0C,
  0xFF,0x5F,0xFF,0x31,0x04,0x41,0x03,0x3D,0x00,0x00,0x00,0x06,0x00,0x02,0x00,0x00,0x00,0x00,0x00,0x00,0x00,0x01,0x00,0x00,
  0x03,0xF3,0xFE,0x9F,0x00,0x00,0x04,0x60,0xFF,0x5F,0xFF,0xDF,0x04,0x41,0x00,0x01,0x00,0x00,0x00,0x00,0x00,0x00,0x00,0x00,
  0x00,0x00,0x00,0x00,0x00,0x00,0x00,0x6B,0x00,0x01,0x00,0x00,0x00,0x6B,0x00,0x5A,0x00,0x05,0x00,0x43,0x00,0x02,0x00,0x01,
  0x00,0x00,0x00,0x00,0x00,0x00,0x00,0x00,0x00,0x00,0x00,0x00,0x00,0x02,0x00,0x01,0x00,0x04,0x02,0x60,0x03,0x20,0x00,0x05,
  0x00,0x00,0x02,0x8A,0x02,0x58,0x00,0x00,0x00,0x4B,0x02,0x8A,0x02,0x58,0x00,0x00,0x01,0x5E,0x00,0x1C,0x01,0x22,0x00,0x00,
  0x00,0x00,0x00,0x00,0x00,0x00,0x00,0x00,0x00,0x00,0x80,0x00,0x00,0x03,0x00,0x00,0x00,0x00,0x00,0x00,0x00,0x00,0x00,0x00,
  0x00,0x00,0x4E,0x4F,0x4E,0x45,0x00,0xC0,0x00,0x20,0x20,0x1D,0x03,0xF3,0xFE,0x9F,0x00,0x00,0x04,0x35,0x01,0x2C,0x00,0x00,
  0x00,0x01,0x00,0x00,0x00,0x00,0x01,0xE4,0x02,0xC1,0x00,0x00,0x00,0x20,0x00,0x03,0x01,0xF4,0x00,0x32,0x02,0xF1,0x00,0x13,
  0x02,0xB7,0x00,0x47,0x02,0xAC,0x00,0x32,0x03,0x06,0x00,0x47,0x02,0x5D,0x00,0x47,0x02,0x3A,0x00,0x47,0x02,0xE6,0x00,0x32,
  0x03,0x0C,0x00,0x47,0x01,0x29,0x00,0x47,0x01,0x74,0xFF,0xF1,0x02,0xB0,0x00,0x47,0x02,0x3D,0x00,0x47,0x03,0x6C,0x00,0x49,
  0x02,0xF1,0x00,0x47,0x03,0x1C,0x00,0x32,0x02,0x98,0x00,0x47,0x03,0x1C,0x00,0x32,0x02,0xB8,0x00,0x47,0x02,0x81,0x00,0x2C,
  0x02,0x78,0xFF,0xFD,0x02,0xE7,0x00,0x42,0x02,0xD7,0x00,0x0C,0x04,0x60,0x00,0x21,0x02,0xAD,0x00,0x28,0x02,0x77,0x00,0x14,
  0x02,0x67,0x00,0x24,0x02,0x2D,0x00,0x24,0x02,0x62,0x00,0x3A,0x01,0xDE,0x00,0x22,0x02,0x62,0x00,0x22,0x02,0x25,0x00,0x22,
  0x01,0x7E,0x00,0x01,0x02,0x67,0x00,0x22,0x02,0x53,0x00,0x3A,0x01,0x0C,0x00,0x2F,0x01,0x11,0xFF,0xC7,0x02,0x2E,0x00,0x3A,
  0x01,0x4D,0x00,0x3A,0x03,0x79,0x00,0x3C,0x02,0x53,0x00,0x3A,0x02,0x4D,0x00,0x22,0x02,0x62,0x00,0x3A,0x02,0x62,0x00,0x22,
  0x01,0x9C,0x00,0x3A,0x01,0xEC,0x00,0x22,0x01,0x94,0xFF,0xF7,0x02,0x4E,0x00,0x38,0x02,0x16,0x00,0x12,0x03,0x5D,0x00,0x17,
  0x02,0x2F,0x00,0x2F,0x02,0x15,0x00,0x11,0x01,0xE0,0x00,0x25,0x02,0x82,0x00,0x01,0x02,0xCC,0x00,0x01,0x02,0x58,0x00,0x25,
  0x02,0x58,0x00,0x56,0x02,0x58,0x00,0x2F,0x02,0x58,0x00,0x24,0x02,0x58,0x00,0x1C,0x02,0x58,0x00,0x39,0x02,0x58,0x00,0x2D,
  0x02,0x58,0x00,0x27,0x02,0x58,0x00,0x20,0x02,0x58,0x00,0x23,0x01,0x17,0x00,0x00,0x01,0x04,0x00,0x2C,0x01,0x04,0x00,0x2C,
  0x01,0x04,0x00,0x2C,0x01,0x04,0x00,0x2C,0x01,0x04,0x00,0x2A,0x01,0xD4,0x00,0x05,0x01,0x04,0x00,0x2C,0x01,0xC6,0x00,0x1B,
  0x02,0x58,0x00,0x2B,0x01,0x4B,0xFF,0xF5,0x01,0x4B,0xFF,0xF5,0x01,0xB8,0x00,0x39,0x01,0xF4,0xFF,0xF7,0x03,0xE8,0xFF,0xF7,
  0x01,0xF4,0x00,0x0B,0x01,0x7E,0x00,0x63,0x01,0x7E,0x00,0x2D,0x01,0x9E,0x00,0x1F,0x01,0x9E,0x00,0x06,0x01,0x79,0x00,0x68,
  0x01,0x79,0x00,0x06,0x01,0xD8,0x00,0x2C,0x01,0xD8,0x00,0x2C,0x01,0x04,0x00,0x2C,0x01,0x04,0x00,0x2C,0x01,0xE1,0x00,0x2F,
  0x01,0x00,0x00,0x2F,0x03,0xB8,0x00,0x32,0x02,0xE9,0x00,0x36,0x01,0x80,0x00,0x1E,0x01,0x2E,0x00,0x4C,0x02,0x58,0x00,0x21,
  0x02,0x58,0x00,0x2F,0x02,0x58,0x00,0x2F,0x02,0x58,0x00,0x27,0x02,0x58,0x00,0x32,0x02,0x58,0x00,0x3D,0x02,0x58,0x00,0x3A,
  0x03,0xBA,0x00,0x25,0x00,0x00,0xFF,0x5F,0x01,0x84,0x00,0x62,0x00,0x00,0x00,0x02,0x00,0x00,0x00,0x03,0x00,0x00,0x00,0x14,
  0x00,0x03,0x00,0x01,0x00,0x00,0x00,0x14,0x00,0x04,0x00,0xBA,0x00,0x00,0x00,0x1A,0x00,0x10,0x00,0x03,0x00,0x0A,0x00,0x2F,
  0x00,0x39,0x00,0x40,0x00,0x5A,0x00,0x60,0x00,0x7A,0x00,0x7E,0x00,0xB0,0x00,0xB7,0x20,0x14,0x20,0x19,0x20,0x1D,0xFF,0xFF,
  0x00,0x00,0x00,0x20,0x00,0x30,0x00,0x3A,0x00,0x41,0x00,0x5B,0x00,0x61,0x00,0x7B,0x00,0xB0,0x00,0xB7,0x20,0x13,0x20,0x18,
  0x20,0x1C,0xFF,0xFF,0x00,0x00,0x00,0x07,0x00,0x00,0xFF,0xC0,0x00,0x00,0xFF,0xBA,0x00,0x00,0xFF,0xAF,0xFF,0x91,0xE0,0x3B,
  0xE0,0x41,0xE0,0x3B,0x00,0x01,0x00,0x1A,0x00,0x00,0x00,0x36,0x00,0x00,0x00,0x40,0x00,0x00,0x00,0x48,0x00,0x00,0x00,0x00,
  0x00,0x00,0x00,0x00,0x00,0x00,0x00,0x00,0x00,0x41,0x00,0x46,0x00,0x5B,0x00,0x4A,0x00,0x61,0x00,0x68,0x00,0x5E,0x00,0x5C,
  0x00,0x51,0x00,0x52,0x00,0x49,0x00,0x62,0x00,0x43,0x00,0x4D,0x00,0x42,0x00,0x4B,0x00,0x44,0x00,0x45,0x00,0x65,0x00,0x63,
  0x00,0x64,0x00,0x47,0x00,0x5D,0x00,0x55,0x00,0x4C,0x00,0x56,0x00,0x67,0x00,0x50,0x00,0x6A,0x00,0x53,0x00,0x60,0x00,0x54,
  0x00,0x66,0x00,0x00,0x00,0x00,0x00,0x00,0x00,0x3B,0x00,0x75,0x00,0xB3,0x00,0xDC,0x01,0x0B,0x01,0x32,0x01,0x7A,0x01,0xA8,
  0x01,0xC1,0x01,0xE7,0x02,0x21,0x02,0x3F,0x02,0x7D,0x02,0xAF,0x02,0xE0,0x03,0x0A,0x03,0x51,0x03,0x93,0x03,0xE5,0x04,0x09,
  0x04,0x37,0x04,0x63,0x04,0xA6,0x04,0xE6,0x05,0x15,0x05,0x45,0x05,0x91,0x05,0xD2,0x06,0x10,0x06,0x50,0x06,0x90,0x06,0xCB,
  0x07,0x1E,0x07,0x50,0x07,0x79,0x07,0xAD,0x07,0xE1,0x08,0x09,0x08,0x54,0x08,0x86,0x08,0xB7,0x08,0xF8,0x09,0x39,0x09,0x66,
  0x09,0xB1,0x09,0xEF,0x0A,0x21,0x0A,0x4D,0x0A,0x93,0x0A,0xD1,0x0B,0x01,0x0B,0x2D,0x0B,0x80,0x0B,0x8C,0x0B,0xB5,0x0B,0xE4,
  0x0C,0x23,0x0C,0x7B,0x0C,0xB2,0x0C,0xFD,0x0D,0x4C,0x0D,0x75,0x0D,0xC7,0x0E,0x16,0x0E,0x16,0x0E,0x2C,0x0E,0x50,0x0E,0x76,
  0x0E,0xAA,0x0E,0xD5,0x0F,0x22,0x0F,0x38,0x0F,0x8E,0x10,0x03,0x10,0x1F,0x10,0x3B,0x10,0x53,0x10,0x6B,0x10,0x83,0x10,0x9B,
  0x10,0xC5,0x10,0xEF,0x11,0x38,0x11,0x80,0x11,0xA4,0x11,0xC8,0x11,0xD4,0x11,0xE0,0x12,0x05,0x12,0x2A,0x12,0x36,0x12,0x53,
  0x12,0xD0,0x13,0x4B,0x13,0x77,0x13,0x8E,0x13,0xF8,0x14,0x24,0x14,0x4F,0x14,0x76,0x14,0x9E,0x14,0xD5,0x14,0xFC,0x15,0x65,
  0x15,0x80,0x15,0x89,0x00,0x02,0x00,0x13,0xFF,0xF7,0x02,0xE0,0x02,0xCA,0x00,0x1A,0x00,0x20,0x00,0x00,0x57,0x22,0x26,0x26,
  0x37,0x01,0x36,0x36,0x33,0x32,0x16,0x17,0x01,0x16,0x06,0x06,0x23,0x22,0x26,0x27,0x27,0x17,0x21,0x37,0x07,0x06,0x06,0x13,
  0x03,0x27,0x21,0x07,0x03,0x5B,0x1C,0x23,0x09,0x0D,0x01,0x00,0x10,0x2C,0x1D,0x1D,0x2C,0x0F,0x01,0x02,0x0D,0x07,0x22,0x1B,
  0x22,0x25,0x0E,0x3C,0x3E,0xFE,0x5F,0x3E,0x3B,0x0F,0x21,0xFC,0x80,0x1B,0x01,0x39,0x1B,0x81,0x09,0x1A,0x2C,0x1B,0x02,0x31,
  0x22,0x1F,0x1F,0x22,0xFD,0xCF,0x1B,0x2D,0x19,0x20,0x22,0x8B,0x2B,0x2B,0x8B,0x23,0x1F,0x02,0x25,0xFE,0xCF,0x27,0x27,0x01,
  0x31,0x00,0x00,0x03,0x00,0x47,0x00,0x00,0x02,0x89,0x02,0xC1,0x00,0x16,0x00,0x1F,0x00,0x28,0x00,0x00,0x73,0x22,0x26,0x35,
  0x11,0x34,0x36,0x33,0x33,0x32,0x16,0x16,0x15,0x14,0x06,0x07,0x35,0x16,0x16,0x15,0x14,0x06,0x23,0x27,0x33,0x32,0x36,0x35,
  0x34,0x26,0x23,0x23,0x35,0x33,0x32,0x36,0x35,0x34,0x26,0x23,0x23,0x98,0x27,0x2A,0x2A,0x27,0xF2,0x4B,0x6A,0x37,0x48,0x3F,
  0x49,0x51,0x82,0x72,0xBA,0xA5,0x3C,0x38,0x38,0x3C,0xA5,0x94,0x3A,0x38,0x38,0x3A,0x94,0x2A,0x27,0x02,0x1F,0x27,0x2A,0x2C,
  0x52,0x39,0x3F,0x58,0x0F,0x10,0x0D,0x59,0x47,0x5E,0x69,0x73,0x2F,0x2E,0x2E,0x2E,0x73,0x2C,0x2C,0x2B,0x2C,0x00,0x00,0x01,
  0x00,0x32,0xFF,0xF5,0x02,0x89,0x02,0xCC,0x00,0x28,0x00,0x00,0x45,0x22,0x26,0x26,0x35,0x34,0x3E,0x02,0x33,0x32,0x16,0x17,
  0x16,0x16,0x0E,0x02,0x27,0x26,0x26,0x23,0x22,0x06,0x06,0x15,0x14,0x16,0x16,0x33,0x32,0x36,0x37,0x36,0x1E,0x02,0x06,0x07,
  0x06,0x06,0x01,0x9D,0x72,0xA2,0x57,0x31,0x5E,0x87,0x55,0x32,0x67,0x26,0x19,0x12,0x07,0x1B,0x28,0x19,0x1E,0x42,0x22,0x43,
  0x5B,0x2E,0x2E,0x5B,0x43,0x20,0x43,0x1F,0x1A,0x29,0x1B,0x07,0x10,0x16,0x25,0x6C,0x0B,0x5A,0xA3,0x6F,0x53,0x85,0x5F,0x34,
  0x19,0x17,0x0E,0x2A,0x2A,0x1E,0x08,0x0D,0x12,0x10,0x35,0x64,0x49,0x48,0x66,0x35,0x10,0x11,0x0D,0x07,0x1D,0x28,0x28,0x0E,
  0x19,0x1C,0x00,0x02,0x00,0x47,0x00,0x00,0x02,0xD5,0x02,0xC1,0x00,0x10,0x00,0x1B,0x00,0x00,0x73,0x22,0x26,0x35,0x11,0x34,
  0x36,0x33,0x33,0x32,0x16,0x15,0x14,0x0E,0x02,0x23,0x27,0x33,0x32,0x3E,0x02,0x35,0x34,0x26,0x23,0x23,0x98,0x27,0x2A,0x2A,
  0x27,0xC3,0xB5,0xC5,0x33,0x60,0x8C,0x5B,0x79,0x70,0x39,0x54,0x38,0x1C,0x71,0x70,0x70,0x2A,0x27,0x02,0x1F,0x27,0x2A,0xB7,
  0xA9,0x55,0x83,0x5A,0x2F,0x7F,0x1C,0x38,0x55,0x39,0x72,0x6F,0x00,0x01,0x00,0x47,0x00,0x00,0x02,0x32,0x02,0xC1,0x00,0x20,
  0x00,0x00,0x73,0x22,0x26,0x35,0x11,0x34,0x36,0x33,0x21,0x32,0x16,0x15,0x14,0x06,0x23,0x21,0x15,0x21,0x32,0x16,0x15,0x14,
  0x06,0x23,0x21,0x15,0x21,0x32,0x16,0x15,0x14,0x06,0x23,0x98,0x27,0x2A,0x2A,0x27,0x01,0x5D,0x1E,0x1F,0x1F,0x1E,0xFE,0xE6,
  0x01,0x03,0x1F,0x1F,0x1F,0x1F,0xFE,0xFD,0x01,0x1A,0x1E,0x1F,0x1F,0x1E,0x2A,0x27,0x02,0x1F,0x27,0x2A,0x1F,0x1D,0x1E,0x1F,
  0xA5,0x1F,0x1E,0x1E,0x1F,0xB0,0x1F,0x1D,0x1E,0x1F,0x00,0x01,0x00,0x47,0xFF,0xF7,0x02,0x2B,0x02,0xC1,0x00,0x1A,0x00,0x00,
  0x57,0x22,0x26,0x35,0x11,0x34,0x36,0x33,0x21,0x32,0x16,0x15,0x14,0x06,0x23,0x21,0x15,0x33,0x32,0x16,0x15,0x14,0x06,0x23,
  0x23,0x15,0x14,0x96,0x26,0x29,0x2A,0x27,0x01,0x56,0x1E,0x1F,0x1F,0x1E,0xFE,0xF4,0xF6,0x1E,0x20,0x20,0x1E,0xF6,0x09,0x2A,
  0x28,0x02,0x27,0x27,0x2A,0x1F,0x1D,0x1E,0x1F,0xAC,0x1F,0x1D,0x1D,0x20,0xDA,0x52,0x00,0x01,0x00,0x32,0xFF,0xF5,0x02,0xA4,
  0x02,0xCC,0x00,0x32,0x00,0x00,0x45,0x22,0x26,0x26,0x35,0x34,0x3E,0x02,0x33,0x32,0x16,0x17,0x16,0x16,0x0E,0x02,0x27,0x26,
  0x26,0x23,0x22,0x06,0x06,0x15,0x14,0x16,0x33,0x32,0x36,0x37,0x07,0x35,0x23,0x22,0x26,0x35,0x34,0x36,0x33,0x33,0x32,0x16,
  0x15,0x15,0x14,0x06,0x07,0x06,0x06,0x01,0xA4,0x77,0xA5,0x56,0x33,0x61,0x8B,0x58,0x36,0x6C,0x32,0x15,0x0F,0x07,0x19,0x27,
  0x19,0x21,0x4A,0x2C,0x47,0x60,0x2F,0x6D,0x6B,0x24,0x4C,0x25,0x1D,0x5A,0x1E,0x20,0x20,0x1E,0x9D,0x1E,0x1F,0x14,0x18,0x2D,
  0x70,0x0B,0x5A,0xA2,0x6D,0x54,0x87,0x5F,0x34,0x18,0x1C,0x0C,0x25,0x29,0x1F,0x09,0x0C,0x12,0x11,0x35,0x67,0x4B,0x71,0x74,
  0x0E,0x0D,0x3F,0xC0,0x1E,0x1A,0x1B,0x1D,0x20,0x1E,0xE8,0x1A,0x24,0x08,0x10,0x14,0x00,0x01,0x00,0x47,0xFF,0xF7,0x02,0xC5,
  0x02,0xCA,0x00,0x1F,0x00,0x00,0x57,0x22,0x26,0x35,0x11,0x34,0x36,0x33,0x32,0x16,0x15,0x15,0x21,0x35,0x34,0x36,0x33,0x32,
  0x16,0x15,0x11,0x14,0x06,0x23,0x22,0x26,0x35,0x35,0x21,0x15,0x14,0x06,0x95,0x26,0x28,0x28,0x26,0x25,0x28,0x01,0x48,0x28,
  0x25,0x26,0x28,0x28,0x26,0x25,0x28,0xFE,0xB8,0x27,0x09,0x2A,0x26,0x02,0x33,0x26,0x2A,0x2A,0x26,0xD4,0xD4,0x26,0x2A,0x2A,
  0x26,0xFD,0xCD,0x26,0x2A,0x2A,0x26,0xDE,0xDE,0x26,0x2A,0x00,0x00,0x01,0x00,0x47,0xFF,0xF7,0x00,0xE2,0x02,0xCA,0x00,0x0D,
  0x00,0x00,0x57,0x22,0x26,0x35,0x11,0x34,0x36,0x33,0x32,0x16,0x15,0x11,0x14,0x06,0x95,0x26,0x28,0x28,0x26,0x25,0x28,0x27,
  0x09,0x2A,0x26,0x02,0x33,0x26,0x2A,0x2A,0x26,0xFD,0xCD,0x26,0x2A,0x00,0x00,0x01,0xFF,0xF1,0xFF,0xF7,0x01,0x2E,0x02,0xCA,
  0x00,0x16,0x00,0x00,0x57,0x06,0x26,0x35,0x34,0x36,0x37,0x37,0x36,0x36,0x35,0x11,0x34,0x36,0x33,0x32,0x16,0x15,0x11,0x14,
  0x06,0x06,0x07,0x39,0x22,0x26,0x1B,0x1A,0x1D,0x28,0x28,0x28,0x25,0x26,0x28,0x2F,0x5E,0x45,0x08,0x01,0x26,0x1E,0x17,0x23,
  0x01,0x02,0x03,0x28,0x29,0x01,0xAF,0x26,0x29,0x29,0x26,0xFE,0x53,0x42,0x5B,0x32,0x05,0x00,0x00,0x01,0x00,0x47,0xFF,0xF7,
  0x02,0x8C,0x02,0xCA,0x00,0x23,0x00,0x00,0x57,0x22,0x26,0x35,0x11,0x34,0x36,0x33,0x32,0x16,0x15,0x15,0x33,0x01,0x36,0x36,
  0x33,0x32,0x16,0x06,0x07,0x01,0x37,0x01,0x16,0x16,0x06,0x23,0x22,0x26,0x27,0x01,0x23,0x15,0x14,0x06,0x95,0x26,0x28,0x28,
  0x26,0x25,0x28,0x02,0x01,0x0A,0x11,0x25,0x18,0x23,0x1F,0x04,0x14,0xFE,0xF5,0x01,0x01,0x18,0x17,0x01,0x23,0x22,0x1D,0x23,
  0x15,0xFE,0xF2,0x02,0x27,0x09,0x2A,0x26,0x02,0x34,0x26,0x29,0x29,0x26,0xED,0x01,0x16,0x12,0x13,0x24,0x30,0x15,0xFE,0xEF,
  0x43,0xFE,0xD5,0x19,0x34,0x23,0x18,0x17,0x01,0x1C,0xFB,0x26,0x2A,0x00,0x00,0x01,0x00,0x47,0x00,0x00,0x02,0x31,0x02,0xC3,
  0x00,0x12,0x00,0x00,0x73,0x22,0x26,0x35,0x11,0x34,0x36,0x33,0x32,0x16,0x15,0x11,0x21,0x32,0x16,0x15,0x14,0x06,0x23,0x96,
  0x26,0x29,0x28,0x26,0x25,0x28,0x01,0x0C,0x20,0x23,0x23,0x20,0x2A,0x25,0x02,0x25,0x27,0x28,0x28,0x27,0xFE,0x0F,0x22,0x1F,
  0x20,0x22,0x00,0x01,0x00,0x49,0xFF,0xF7,0x03,0x24,0x02,0xCA,0x00,0x28,0x00,0x00,0x57,0x22,0x26,0x35,0x11,0x34,0x36,0x33,
  0x32,0x16,0x17,0x13,0x23,0x13,0x36,0x36,0x33,0x32,0x16,0x15,0x11,0x14,0x06,0x23,0x22,0x26,0x35,0x11,0x33,0x03,0x06,0x06,
  0x23,0x22,0x26,0x27,0x03,0x33,0x11,0x14,0x06,0x8F,0x22,0x24,0x27,0x22,0x1E,0x23,0x0F,0xE7,0x22,0xE7,0x0F,0x23,0x1D,0x22,
  0x25,0x24,0x22,0x22,0x25,0x16,0xBA,0x0C,0x1B,0x16,0x16,0x1C,0x0B,0xBC,0x18,0x23,0x09,0x26,0x22,0x02,0x43,0x22,0x26,0x17,
  0x1C,0xFE,0x5A,0x01,0xA6,0x1C,0x17,0x26,0x22,0xFD,0xBD,0x22,0x26,0x26,0x22,0x01,0x95,0xFE,0xB3,0x13,0x13,0x14,0x12,0x01,
  0x4E,0xFE,0x6A,0x22,0x26,0x00,0x00,0x01,0x00,0x47,0xFF,0xF7,0x02,0xAA,0x02,0xCA,0x00,0x1F,0x00,0x00,0x57,0x22,0x26,0x35,
  0x11,0x34,0x36,0x33,0x32,0x16,0x17,0x01,0x23,0x11,0x34,0x36,0x33,0x32,0x16,0x15,0x11,0x14,0x06,0x23,0x22,0x26,0x27,0x01,
  0x33,0x11,0x14,0x06,0x8F,0x23,0x25,0x25,0x1F,0x1B,0x1D,0x13,0x01,0x5F,0x1B,0x25,0x23,0x23,0x25,0x22,0x1D,0x1C,0x21,0x13,
  0xFE,0xA2,0x1A,0x24,0x09,0x27,0x24,0x02,0x3A,0x26,0x28,0x15,0x18,0xFE,0x41,0x01,0xA2,0x23,0x27,0x27,0x23,0xFD,0xBF,0x21,
  0x27,0x16,0x18,0x01,0xBF,0xFE,0x5E,0x24,0x27,0x00,0x00,0x02,0x00,0x32,0xFF,0xF5,0x02,0xEB,0x02,0xCC,0x00,0x11,0x00,0x1F,
  0x00,0x00,0x45,0x22,0x26,0x26,0x35,0x34,0x3E,0x02,0x33,0x32,0x16,0x16,0x15,0x14,0x0E,0x02,0x27,0x32,0x36,0x36,0x35,0x34,
  0x26,0x23,0x22,0x06,0x06,0x15,0x14,0x16,0x01,0x8E,0x68,0x9D,0x57,0x31,0x5C,0x81,0x4E,0x6A,0x9C,0x57,0x32,0x5C,0x80,0x4F,
  0x3B,0x53,0x2D,0x62,0x59,0x3A,0x54,0x2C,0x62,0x0B,0x5B,0xA4,0x6D,0x53,0x85,0x5F,0x34,0x5A,0xA3,0x6D,0x53,0x86,0x60,0x34,
  0x84,0x37,0x69,0x48,0x6E,0x79,0x36,0x68,0x49,0x6D,0x7B,0x00,0x00,0x02,0x00,0x47,0xFF,0xF7,0x02,0x7F,0x02,0xC1,0x00,0x12,
  0x00,0x1B,0x00,0x00,0x57,0x22,0x26,0x35,0x11,0x34,0x36,0x33,0x33,0x32,0x16,0x15,0x14,0x06,0x23,0x23,0x15,0x14,0x06,0x13,
  0x33,0x32,0x36,0x35,0x34,0x26,0x23,0x23,0x95,0x26,0x28,0x29,0x26,0xF3,0x76,0x80,0x80,0x76,0xA7,0x27,0x27,0x8D,0x3C,0x3F,
  0x3F,0x3C,0x8D,0x09,0x2A,0x26,0x02,0x2B,0x27,0x28,0x77,0x6A,0x6A,0x78,0xB7,0x26,0x2A,0x01,0x7F,0x36,0x34,0x34,0x34,0x00,
  0x00,0x03,0x00,0x32,0xFF,0x31,0x02,0xEB,0x02,0xCC,0x00,0x0E,0x00,0x20,0x00,0x2E,0x00,0x00,0x45,0x16,0x0E,0x02,0x26,0x27,
  0x27,0x26,0x26,0x23,0x37,0x32,0x16,0x17,0x27,0x22,0x26,0x26,0x35,0x34,0x3E,0x02,0x33,0x32,0x16,0x16,0x15,0x14,0x0E,0x02,
  0x27,0x32,0x36,0x36,0x35,0x34,0x26,0x23,0x22,0x06,0x06,0x15,0x14,0x16,0x02,0xAC,0x10,0x08,0x20,0x2D,0x2D,0x10,0x47,0x0D,
  0x29,0x20,0x76,0x2E,0x3B,0x18,0xF6,0x68,0x9D,0x57,0x31,0x5C,0x81,0x4E,0x6A,0x9C,0x57,0x32,0x5C,0x80,0x4F,0x3B,0x53,0x2D,
  0x62,0x59,0x3A,0x54,0x2C,0x62,0x65,0x1A,0x2B,0x1D,0x08,0x11,0x18,0x74,0x14,0x13,0x2D,0x20,0x27,0x1A,0x5B,0xA4,0x6D,0x53,
  0x85,0x5F,0x34,0x5A,0xA3,0x6D,0x53,0x86,0x60,0x34,0x84,0x37,0x69,0x48,0x6E,0x79,0x36,0x68,0x49,0x6D,0x7B,0x00,0x00,0x02,
  0x00,0x47,0xFF,0xF7,0x02,0x86,0x02,0xC1,0x00,0x24,0x00,0x2D,0x00,0x00,0x57,0x22,0x26,0x35,0x11,0x34,0x36,0x33,0x33,0x32,
  0x16,0x15,0x14,0x06,0x06,0x23,0x37,0x33,0x32,0x16,0x17,0x17,0x16,0x06,0x06,0x23,0x22,0x26,0x27,0x27,0x26,0x26,0x23,0x23,
  0x15,0x14,0x06,0x13,0x33,0x32,0x36,0x35,0x34,0x26,0x23,0x23,0x95,0x26,0x28,0x29,0x26,0xF3,0x76,0x80,0x3A,0x6D,0x4F,0x08,
  0x29,0x2A,0x3F,0x17,0x3E,0x0E,0x02,0x22,0x21,0x21,0x29,0x10,0x60,0x0F,0x2B,0x1F,0x4C,0x27,0x27,0x8B,0x3E,0x3F,0x3F,0x3E,
  0x8B,0x09,0x2A,0x26,0x02,0x2B,0x27,0x28,0x72,0x66,0x42,0x60,0x34,0x11,0x29,0x2A,0x73,0x19,0x30,0x1E,0x1C,0x1D,0xB1,0x1C,
  0x14,0xCA,0x26,0x2A,0x01,0x8A,0x32,0x32,0x31,0x32,0x00,0x01,0x00,0x2C,0xFF,0xF5,0x02,0x63,0x02,0xCC,0x00,0x37,0x00,0x00,
  0x45,0x22,0x26,0x26,0x27,0x26,0x26,0x3E,0x02,0x17,0x16,0x16,0x33,0x32,0x36,0x35,0x34,0x26,0x27,0x27,0x26,0x26,0x35,0x34,
  0x3E,0x02,0x33,0x32,0x16,0x17,0x16,0x16,0x0E,0x02,0x27,0x26,0x26,0x23,0x22,0x06,0x06,0x15,0x14,0x16,0x17,0x17,0x16,0x16,
  0x15,0x14,0x0E,0x02,0x01,0x43,0x2A,0x57,0x4F,0x1F,0x16,0x12,0x05,0x19,0x27,0x18,0x29,0x61,0x30,0x49,0x3E,0x2C,0x37,0x71,
  0x60,0x5D,0x2A,0x4C,0x69,0x3F,0x38,0x6C,0x29,0x14,0x0F,0x05,0x19,0x26,0x1B,0x21,0x4A,0x27,0x2A,0x3B,0x1F,0x2A,0x34,0x71,
  0x62,0x60,0x28,0x4C,0x6A,0x0B,0x0D,0x18,0x12,0x0C,0x27,0x28,0x1F,0x09,0x0C,0x17,0x16,0x2D,0x22,0x1D,0x22,0x0C,0x18,0x14,
  0x61,0x4F,0x32,0x52,0x3C,0x20,0x1B,0x1A,0x0C,0x25,0x25,0x1C,0x08,0x0D,0x11,0x10,0x16,0x28,0x1A,0x1D,0x24,0x0B,0x18,0x15,
  0x5D,0x4C,0x32,0x51,0x3A,0x1F,0x00,0x01,0xFF,0xFD,0xFF,0xF7,0x02,0x7C,0x02,0xC1,0x00,0x16,0x00,0x00,0x45,0x22,0x26,0x35,
  0x11,0x23,0x22,0x26,0x35,0x34,0x36,0x33,0x21,0x32,0x16,0x15,0x14,0x06,0x23,0x23,0x11,0x14,0x06,0x01,0x3D,0x26,0x28,0xB1,
  0x1F,0x22,0x22,0x1F,0x01,0xFD,0x1F,0x22,0x22,0x1F,0xB1,0x27,0x09,0x2A,0x26,0x01,0xFA,0x22,0x1E,0x1F,0x21,0x21,0x1F,0x1E,
  0x22,0xFE,0x06,0x26,0x2A,0x00,0x00,0x01,0x00,0x42,0xFF,0xF5,0x02,0xA5,0x02,0xCA,0x00,0x1E,0x00,0x00,0x45,0x22,0x2E,0x02,
  0x35,0x11,0x34,0x36,0x33,0x32,0x16,0x15,0x11,0x14,0x16,0x33,0x32,0x36,0x35,0x11,0x34,0x36,0x33,0x32,0x16,0x15,0x11,0x14,
  0x06,0x06,0x01,0x75,0x4B,0x73,0x4E,0x27,0x28,0x26,0x25,0x28,0x4E,0x4A,0x4A,0x4D,0x28,0x25,0x25,0x27,0x45,0x87,0x0B,0x27,
  0x4C,0x73,0x4C,0x01,0x54,0x27,0x28,0x28,0x27,0xFE,0xAB,0x56,0x57,0x57,0x56,0x01,0x55,0x27,0x28,0x28,0x27,0xFE,0xAC,0x65,
  0x89,0x44,0x00,0x01,0x00,0x0C,0xFF,0xF7,0x02,0xCB,0x02,0xCA,0x00,0x18,0x00,0x00,0x45,0x22,0x26,0x27,0x03,0x26,0x36,0x36,
  0x33,0x32,0x16,0x17,0x13,0x23,0x13,0x36,0x36,0x33,0x32,0x16,0x16,0x07,0x03,0x06,0x06,0x01,0x6C,0x20,0x29,0x0D,0xFC,0x0E,
  0x0C,0x26,0x1B,0x22,0x24,0x0C,0xDD,0x32,0xDD,0x0D,0x24,0x20,0x1B,0x23,0x09,0x0D,0xFC,0x0E,0x27,0x09,0x1D,0x1E,0x02,0x30,
  0x1E,0x2F,0x1B,0x1F,0x1E,0xFE,0x01,0x02,0x00,0x1E,0x1E,0x1B,0x2F,0x1E,0xFD,0xD0,0x1E,0x1D,0x00,0x01,0x00,0x21,0xFF,0xF7,
  0x04,0x41,0x02,0xCA,0x00,0x28,0x00,0x00,0x45,0x22,0x26,0x27,0x03,0x26,0x36,0x33,0x32,0x16,0x17,0x13,0x23,0x13,0x36,0x36,
  0x33,0x32,0x16,0x17,0x13,0x23,0x13,0x36,0x36,0x33,0x32,0x16,0x07,0x03,0x06,0x06,0x23,0x22,0x26,0x27,0x03,0x33,0x03,0x06,
  0x06,0x01,0x4C,0x20,0x28,0x0C,0xCA,0x0D,0x25,0x2E,0x20,0x23,0x0B,0xA5,0x2B,0xAE,0x0C,0x23,0x1D,0x1C,0x22,0x0C,0xA6,0x25,
  0xA8,0x0A,0x24,0x1F,0x27,0x24,0x0E,0xCC,0x0B,0x26,0x21,0x20,0x26,0x0C,0x9E,0x18,0xA0,0x0C,0x25,0x09,0x1F,0x20,0x02,0x38,
  0x26,0x36,0x1E,0x20,0xFE,0x15,0x01,0xEA,0x20,0x1F,0x1F,0x21,0xFE,0x17,0x01,0xEB,0x1F,0x1F,0x36,0x26,0xFD,0xC7,0x1F,0x1F,
  0x1F,0x20,0x01,0xBF,0xFE,0x40,0x1F,0x1F,0x00,0x01,0x00,0x28,0xFF,0xF7,0x02,0x85,0x02,0xCA,0x00,0x27,0x00,0x00,0x57,0x22,
  0x26,0x26,0x37,0x13,0x15,0x03,0x26,0x36,0x36,0x33,0x32,0x16,0x17,0x17,0x23,0x37,0x36,0x36,0x33,0x32,0x16,0x16,0x07,0x03,
  0x35,0x13,0x16,0x06,0x06,0x23,0x22,0x26,0x27,0x27,0x33,0x07,0x06,0x06,0x73,0x1E,0x27,0x06,0x13,0xDD,0xD4,0x13,0x05,0x27,
  0x1D,0x19,0x25,0x13,0xA5,0x32,0xA4,0x13,0x26,0x19,0x1E,0x27,0x05,0x14,0xD5,0xDC,0x14,0x05,0x27,0x1F,0x18,0x25,0x14,0xAC,
  0x33,0xAC,0x13,0x26,0x09,0x21,0x31,0x1A,0x01,0x25,0x45,0x01,0x1A,0x1B,0x31,0x21,0x18,0x1A,0xE4,0xE4,0x1B,0x17,0x20,0x31,
  0x1C,0xFE,0xE6,0x45,0xFE,0xDB,0x1A,0x31,0x21,0x18,0x1B,0xED,0xED,0x1B,0x18,0x00,0x00,0x01,0x00,0x14,0xFF,0xF7,0x02,0x65,
  0x02,0xCA,0x00,0x1B,0x00,0x00,0x45,0x22,0x26,0x35,0x11,0x17,0x03,0x26,0x36,0x36,0x33,0x32,0x16,0x17,0x17,0x23,0x37,0x36,
  0x36,0x33,0x32,0x16,0x16,0x07,0x03,0x37,0x11,0x14,0x01,0x3C,0x26,0x28,0x20,0xEC,0x0E,0x04,0x24,0x21,0x18,0x27,0x12,0xA0,
  0x20,0xA0,0x13,0x25,0x19,0x20,0x24,0x02,0x12,0xE9,0x1F,0x09,0x2A,0x27,0x01,0x22,0x59,0x01,0x4F,0x15,0x31,0x24,0x18,0x1A,
  0xE7,0xE7,0x1B,0x17,0x21,0x31,0x1A,0xFE,0xB3,0x59,0xFE,0xDE,0x51,0x00,0x00,0x01,0x00,0x24,0x00,0x00,0x02,0x5B,0x02,0xC1,
  0x00,0x1D,0x00,0x00,0x73,0x22,0x26,0x26,0x36,0x37,0x01,0x15,0x21,0x22,0x26,0x35,0x34,0x36,0x33,0x21,0x32,0x16,0x16,0x06,
  0x07,0x01,0x35,0x21,0x32,0x16,0x15,0x14,0x06,0x23,0x75,0x1E,0x26,0x0D,0x0D,0x15,0x01,0x6C,0xFE,0xB7,0x21,0x23,0x23,0x21,
  0x01,0x92,0x1F,0x25,0x0E,0x0E,0x15,0xFE,0x94,0x01,0x59,0x21,0x23,0x23,0x21,0x19,0x2B,0x34,0x1A,0x01,0xDD,0x2F,0x22,0x1F,
  0x1F,0x21,0x19,0x2A,0x35,0x1A,0xFE,0x24,0x2E,0x21,0x1F,0x20,0x21,0x00,0x00,0x01,0x00,0x24,0xFF,0xF5,0x01,0xF6,0x01,0xF5,
  0x00,0x36,0x00,0x00,0x57,0x22,0x26,0x26,0x35,0x34,0x36,0x36,0x33,0x33,0x15,0x23,0x22,0x06,0x06,0x15,0x14,0x16,0x33,0x32,
  0x36,0x36,0x35,0x35,0x34,0x26,0x23,0x22,0x06,0x07,0x06,0x26,0x26,0x34,0x36,0x37,0x36,0x36,0x33,0x32,0x16,0x16,0x15,0x15,
  0x14,0x06,0x23,0x22,0x26,0x35,0x35,0x17,0x0E,0x02,0xE0,0x36,0x56,0x30,0x38,0x7E,0x68,0x35,0x34,0x33,0x3F,0x1B,0x27,0x25,
  0x1D,0x2D,0x1A,0x28,0x30,0x1B,0x3F,0x26,0x16,0x22,0x12,0x14,0x17,0x2F,0x53,0x23,0x4D,0x63,0x32,0x24,0x22,0x22,0x25,0x07,
  0x06,0x27,0x3C,0x0B,0x2A,0x48,0x2D,0x36,0x3F,0x1B,0x4E,0x0B,0x1A,0x17,0x1C,0x24,0x1B,0x2F,0x1E,0x73,0x2C,0x25,0x0D,0x0F,
  0x0A,0x0B,0x1D,0x23,0x21,0x08,0x13,0x0E,0x2D,0x5D,0x49,0xDE,0x25,0x28,0x28,0x25,0x25,0x06,0x22,0x31,0x1B,0x00,0x00,0x02,
  0x00,0x3A,0xFF,0xF5,0x02,0x40,0x02,0xCA,0x00,0x1E,0x00,0x2C,0x00,0x00,0x45,0x22,0x26,0x27,0x37,0x15,0x14,0x06,0x23,0x22,
  0x26,0x35,0x11,0x34,0x36,0x33,0x32,0x16,0x15,0x15,0x23,0x36,0x36,0x33,0x32,0x16,0x16,0x15,0x14,0x06,0x06,0x27,0x32,0x36,
  0x36,0x35,0x34,0x26,0x23,0x22,0x06,0x06,0x15,0x14,0x16,0x01,0x69,0x3B,0x5B,0x0F,0x0B,0x26,0x24,0x24,0x27,0x27,0x25,0x24,
  0x27,0x0C,0x10,0x5A,0x3A,0x41,0x60,0x36,0x36,0x61,0x6D,0x20,0x31,0x1B,0x3C,0x30,0x20,0x31,0x1C,0x3C,0x0B,0x3B,0x31,0x21,
  0x3E,0x25,0x28,0x28,0x25,0x02,0x39,0x26,0x27,0x27,0x26,0xED,0x2D,0x38,0x3E,0x72,0x4F,0x4F,0x74,0x3E,0x71,0x20,0x3F,0x31,
  0x49,0x45,0x1E,0x3F,0x31,0x49,0x47,0x00,0x00,0x01,0x00,0x22,0xFF,0xF5,0x01,0xD3,0x01,0xF5,0x00,0x28,0x00,0x00,0x45,0x22,
  0x26,0x26,0x35,0x34,0x3E,0x02,0x33,0x32,0x16,0x17,0x16,0x16,0x0E,0x02,0x27,0x26,0x26,0x23,0x22,0x0E,0x02,0x15,0x14,0x16,
  0x33,0x32,0x36,0x37,0x36,0x1E,0x02,0x06,0x07,0x06,0x06,0x01,0x29,0x50,0x77,0x40,0x24,0x45,0x62,0x3C,0x1F,0x46,0x22,0x14,
  0x0F,0x04,0x15,0x20,0x14,0x13,0x29,0x12,0x1E,0x2E,0x1F,0x11,0x41,0x3B,0x12,0x28,0x14,0x14,0x20,0x13,0x03,0x0F,0x13,0x22,
  0x44,0x0B,0x3F,0x74,0x4F,0x3B,0x5E,0x42,0x23,0x0F,0x12,0x09,0x21,0x23,0x1B,0x09,0x0A,0x0B,0x0A,0x13,0x23,0x34,0x22,0x42,
  0x4B,0x09,0x0B,0x0A,0x0A,0x1B,0x23,0x21,0x09,0x11,0x0F,0x00,0x00,0x02,0x00,0x22,0xFF,0xF5,0x02,0x28,0x02,0xCA,0x00,0x1E,
  0x00,0x2C,0x00,0x00,0x57,0x22,0x26,0x26,0x35,0x34,0x36,0x36,0x33,0x32,0x16,0x17,0x23,0x35,0x34,0x36,0x33,0x32,0x16,0x15,
  0x11,0x14,0x06,0x23,0x22,0x26,0x35,0x35,0x17,0x06,0x06,0x27,0x32,0x36,0x36,0x35,0x34,0x26,0x23,0x22,0x06,0x06,0x15,0x14,
  0x16,0xF9,0x40,0x61,0x36,0x36,0x61,0x40,0x3A,0x59,0x10,0x0B,0x26,0x25,0x24,0x28,0x27,0x24,0x24,0x27,0x0B,0x0E,0x5B,0x0E,
  0x21,0x30,0x1C,0x3C,0x31,0x20,0x31,0x1B,0x3C,0x0B,0x3E,0x74,0x4F,0x4F,0x72,0x3E,0x38,0x2D,0xED,0x26,0x27,0x27,0x26,0xFD,
  0xC7,0x25,0x28,0x28,0x25,0x44,0x27,0x31,0x3B,0x71,0x20,0x3F,0x31,0x49,0x45,0x1E,0x3F,0x31,0x49,0x47,0x00,0x01,0x00,0x22,
  0xFF,0xF5,0x02,0x07,0x01,0xF5,0x00,0x2B,0x00,0x00,0x45,0x22,0x26,0x26,0x35,0x34,0x36,0x36,0x33,0x32,0x1E,0x02,0x15,0x14,
  0x06,0x23,0x21,0x35,0x33,0x07,0x34,0x26,0x26,0x23,0x22,0x06,0x06,0x15,0x15,0x14,0x16,0x33,0x32,0x36,0x37,0x36,0x1E,0x02,
  0x06,0x07,0x06,0x06,0x01,0x39,0x57,0x7D,0x43,0x40,0x73,0x49,0x35,0x56,0x3E,0x20,0x18,0x17,0xFE,0xC6,0xFC,0x10,0x18,0x2D,
  0x21,0x25,0x34,0x1C,0x47,0x46,0x18,0x3E,0x1B,0x17,0x24,0x14,0x03,0x12,0x15,0x22,0x55,0x0B,0x3F,0x73,0x4E,0x4C,0x73,0x41,
  0x23,0x41,0x5D,0x39,0x13,0x13,0x4E,0x0E,0x29,0x37,0x1C,0x22,0x40,0x2D,0x08,0x4C,0x48,0x0C,0x0D,0x0B,0x07,0x1A,0x22,0x21,
  0x0B,0x13,0x13,0x00,0x00,0x01,0x00,0x01,0xFF,0xF7,0x01,0x96,0x02,0xC7,0x00,0x28,0x00,0x00,0x57,0x22,0x26,0x35,0x11,0x23,
  0x22,0x26,0x35,0x34,0x36,0x33,0x33,0x07,0x35,0x34,0x36,0x37,0x37,0x36,0x16,0x16,0x06,0x06,0x07,0x07,0x06,0x06,0x15,0x15,
  0x27,0x33,0x32,0x16,0x15,0x14,0x06,0x23,0x23,0x11,0x14,0xAC,0x25,0x27,0x24,0x1C,0x1F,0x1F,0x1C,0x50,0x2C,0x6B,0x68,0x20,
  0x1A,0x1F,0x0A,0x06,0x15,0x12,0x0E,0x36,0x2E,0x13,0x5A,0x1D,0x1E,0x1E,0x1D,0x47,0x09,0x28,0x25,0x01,0x36,0x1E,0x1A,0x1C,
  0x1D,0x28,0x1F,0x6B,0x6A,0x0B,0x03,0x02,0x14,0x20,0x21,0x19,0x01,0x01,0x04,0x2B,0x2C,0x22,0x11,0x1D,0x1C,0x1A,0x1E,0xFE,
  0xCA,0x4D,0x00,0x02,0x00,0x22,0xFF,0x41,0x02,0x2C,0x01,0xF5,0x00,0x2B,0x00,0x39,0x00,0x00,0x45,0x22,0x26,0x27,0x26,0x26,
  0x3E,0x02,0x17,0x16,0x16,0x33,0x32,0x36,0x35,0x35,0x33,0x06,0x06,0x23,0x22,0x26,0x26,0x35,0x34,0x3E,0x02,0x33,0x32,0x16,
  0x17,0x07,0x35,0x34,0x36,0x33,0x32,0x16,0x15,0x11,0x14,0x06,0x03,0x32,0x36,0x36,0x35,0x34,0x26,0x23,0x22,0x06,0x06,0x15,
  0x14,0x16,0x01,0x26,0x36,0x63,0x26,0x17,0x13,0x03,0x15,0x20,0x12,0x2C,0x4B,0x1B,0x40,0x40,0x09,0x0F,0x5E,0x39,0x42,0x62,
  0x36,0x1F,0x39,0x51,0x31,0x3B,0x5B,0x0F,0x0A,0x27,0x24,0x24,0x26,0x87,0x7C,0x22,0x31,0x1C,0x3D,0x32,0x22,0x32,0x1B,0x3C,
  0xBF,0x12,0x12,0x0A,0x20,0x24,0x1C,0x0B,0x08,0x14,0x0C,0x3A,0x3C,0x4C,0x2E,0x3A,0x3D,0x6F,0x49,0x37,0x5A,0x40,0x23,0x39,
  0x2E,0x20,0x39,0x25,0x27,0x27,0x25,0xFE,0x92,0x7B,0x7D,0x01,0x3C,0x20,0x3B,0x29,0x3E,0x45,0x1F,0x3B,0x29,0x3E,0x46,0x00,
  0x00,0x01,0x00,0x3A,0xFF,0xF7,0x02,0x1C,0x02,0xCA,0x00,0x23,0x00,0x00,0x57,0x22,0x26,0x35,0x11,0x34,0x36,0x33,0x32,0x16,
  0x15,0x15,0x23,0x36,0x36,0x33,0x32,0x16,0x16,0x15,0x15,0x14,0x06,0x23,0x22,0x26,0x35,0x35,0x34,0x26,0x23,0x22,0x06,0x15,
  0x15,0x14,0x86,0x25,0x27,0x27,0x25,0x24,0x27,0x0E,0x17,0x5B,0x3A,0x3B,0x4C,0x26,0x27,0x25,0x24,0x27,0x25,0x26,0x30,0x39,
  0x09,0x28,0x25,0x02,0x39,0x26,0x27,0x27,0x26,0xEE,0x31,0x35,0x2D,0x5B,0x46,0xE3,0x25,0x28,0x28,0x25,0xDC,0x33,0x2D,0x3C,
  0x32,0xCE,0x4D,0x00,0x00,0x02,0x00,0x2F,0xFF,0xF8,0x00,0xDC,0x02,0xDC,0x00,0x0D,0x00,0x19,0x00,0x00,0x57,0x22,0x26,0x35,
  0x11,0x34,0x36,0x33,0x32,0x16,0x15,0x11,0x14,0x06,0x03,0x22,0x26,0x35,0x34,0x36,0x33,0x32,0x16,0x15,0x14,0x06,0x86,0x25,
  0x27,0x27,0x25,0x24,0x27,0x26,0x25,0x2A,0x2D,0x2D,0x2A,0x2A,0x2C,0x2C,0x08,0x2B,0x27,0x01,0x56,0x28,0x2B,0x2B,0x28,0xFE,
  0xAA,0x27,0x2B,0x02,0x4D,0x27,0x24,0x25,0x27,0x27,0x25,0x24,0x27,0x00,0x00,0x02,0xFF,0xC7,0xFF,0x43,0x00,0xE0,0x02,0xDC,
  0x00,0x14,0x00,0x20,0x00,0x00,0x57,0x06,0x26,0x26,0x36,0x36,0x37,0x36,0x36,0x35,0x11,0x34,0x36,0x33,0x32,0x16,0x15,0x11,
  0x14,0x06,0x06,0x13,0x22,0x26,0x35,0x34,0x36,0x33,0x32,0x16,0x15,0x14,0x06,0x0E,0x1B,0x20,0x0C,0x05,0x16,0x13,0x27,0x23,
  0x28,0x24,0x24,0x27,0x2B,0x58,0x37,0x29,0x2D,0x2D,0x29,0x2A,0x2C,0x2C,0xBC,0x01,0x14,0x1F,0x20,0x18,0x02,0x03,0x25,0x26,
  0x01,0xA9,0x25,0x27,0x27,0x25,0xFE,0x65,0x42,0x56,0x2D,0x02,0xFE,0x27,0x24,0x25,0x27,0x27,0x25,0x24,0x27,0x00,0x00,0x01,
  0x00,0x3A,0xFF,0xF7,0x02,0x0F,0x02,0xCA,0x00,0x22,0x00,0x00,0x57,0x22,0x26,0x35,0x11,0x34,0x36,0x33,0x32,0x16,0x15,0x11,
  0x33,0x37,0x36,0x36,0x33,0x32,0x16,0x16,0x07,0x07,0x35,0x17,0x16,0x06,0x06,0x23,0x22,0x26,0x27,0x27,0x23,0x15,0x14,0x86,
  0x25,0x27,0x27,0x25,0x24,0x27,0x02,0x91,0x16,0x25,0x1F,0x1F,0x21,0x01,0x14,0x99,0xAA,0x13,0x05,0x24,0x1C,0x22,0x29,0x15,
  0x97,0x02,0x09,0x28,0x25,0x02,0x39,0x26,0x27,0x27,0x26,0xFE,0xA3,0xA1,0x19,0x19,0x20,0x2D,0x17,0xAB,0x39,0xC4,0x17,0x2E,
  0x1D,0x1A,0x1B,0xA8,0x90,0x4D,0x00,0x01,0x00,0x3A,0xFF,0xF5,0x01,0x4C,0x02,0xCA,0x00,0x19,0x00,0x00,0x57,0x22,0x26,0x35,
  0x11,0x34,0x36,0x33,0x32,0x16,0x15,0x11,0x14,0x16,0x33,0x32,0x36,0x33,0x36,0x16,0x15,0x14,0x06,0x07,0x06,0x06,0xEB,0x59,
  0x58,0x27,0x25,0x24,0x27,0x23,0x1D,0x08,0x0E,0x08,0x10,0x0D,0x18,0x19,0x0A,0x1A,0x0B,0x63,0x62,0x01,0xC3,0x26,0x27,0x27,
  0x26,0xFE,0x43,0x29,0x27,0x02,0x02,0x17,0x22,0x1E,0x1F,0x05,0x01,0x03,0x00,0x01,0x00,0x3C,0xFF,0xF7,0x03,0x3F,0x01,0xF5,
  0x00,0x38,0x00,0x00,0x57,0x22,0x26,0x35,0x11,0x34,0x36,0x33,0x32,0x16,0x15,0x15,0x27,0x36,0x36,0x33,0x32,0x16,0x17,0x23,
  0x36,0x36,0x33,0x32,0x16,0x16,0x15,0x15,0x14,0x06,0x23,0x22,0x26,0x35,0x35,0x34,0x26,0x23,0x22,0x06,0x15,0x15,0x14,0x06,
  0x23,0x22,0x26,0x35,0x35,0x34,0x26,0x23,0x22,0x06,0x15,0x15,0x14,0x88,0x25,0x27,0x27,0x23,0x24,0x26,0x0B,0x14,0x54,0x39,
  0x39,0x4C,0x10,0x0E,0x16,0x5B,0x3B,0x39,0x49,0x24,0x27,0x24,0x25,0x27,0x1F,0x25,0x2B,0x30,0x27,0x24,0x24,0x28,0x1F,0x25,
  0x2B,0x30,0x09,0x28,0x25,0x01,0x63,0x25,0x27,0x27,0x25,0x40,0x28,0x2E,0x38,0x36,0x38,0x33,0x3B,0x2D,0x5B,0x46,0xE3,0x25,
  0x28,0x28,0x25,0xDE,0x31,0x2D,0x3C,0x37,0xC9,0x25,0x28,0x28,0x25,0xDE,0x31,0x2D,0x3C,0x37,0xC9,0x4D,0x00,0x01,0x00,0x3A,
  0xFF,0xF7,0x02,0x1C,0x01,0xF5,0x00,0x23,0x00,0x00,0x57,0x22,0x26,0x35,0x11,0x34,0x36,0x33,0x32,0x16,0x15,0x15,0x27,0x36,
  0x36,0x33,0x32,0x16,0x16,0x15,0x15,0x14,0x06,0x23,0x22,0x26,0x35,0x35,0x34,0x26,0x23,0x22,0x06,0x15,0x15,0x14,0x86,0x25,
  0x27,0x27,0x23,0x24,0x26,0x0B,0x17,0x5B,0x3A,0x3B,0x4C,0x26,0x27,0x25,0x24,0x27,0x25,0x26,0x30,0x39,0x09,0x28,0x25,0x01,
  0x63,0x25,0x27,0x27,0x25,0x39,0x21,0x31,0x35,0x2D,0x5B,0x46,0xE3,0x25,0x28,0x28,0x25,0xDC,0x33,0x2D,0x3C,0x32,0xCE,0x4D,
  0x00,0x02,0x00,0x22,0xFF,0xF5,0x02,0x2B,0x01,0xF5,0x00,0x11,0x00,0x1F,0x00,0x00,0x45,0x22,0x26,0x26,0x35,0x34,0x3E,0x02,
  0x33,0x32,0x16,0x16,0x15,0x14,0x0E,0x02,0x27,0x32,0x36,0x36,0x35,0x34,0x26,0x23,0x22,0x06,0x06,0x15,0x14,0x16,0x01,0x26,
  0x4F,0x75,0x40,0x24,0x45,0x60,0x3B,0x4F,0x75,0x41,0x25,0x44,0x61,0x3B,0x21,0x30,0x1C,0x3C,0x31,0x20,0x31,0x1B,0x3C,0x0B,
  0x3E,0x74,0x4F,0x3B,0x5E,0x43,0x23,0x3E,0x72,0x4F,0x3C,0x5E,0x44,0x23,0x71,0x20,0x3F,0x31,0x49,0x45,0x1E,0x3F,0x31,0x49,
  0x47,0x00,0x00,0x02,0x00,0x3A,0xFF,0x43,0x02,0x40,0x01,0xF5,0x00,0x1E,0x00,0x2C,0x00,0x00,0x57,0x22,0x26,0x35,0x11,0x34,
  0x36,0x33,0x32,0x16,0x15,0x15,0x27,0x36,0x36,0x33,0x32,0x16,0x16,0x15,0x14,0x06,0x06,0x23,0x22,0x26,0x27,0x33,0x15,0x14,
  0x06,0x13,0x32,0x36,0x36,0x35,0x34,0x26,0x23,0x22,0x06,0x06,0x15,0x14,0x16,0x86,0x25,0x27,0x27,0x23,0x25,0x26,0x0B,0x0F,
  0x5B,0x3B,0x40,0x61,0x36,0x36,0x60,0x41,0x3A,0x5A,0x10,0x0C,0x27,0x92,0x20,0x31,0x1B,0x3C,0x30,0x20,0x31,0x1C,0x3C,0xBD,
  0x27,0x26,0x02,0x17,0x25,0x27,0x27,0x25,0x44,0x27,0x30,0x3B,0x3E,0x72,0x4F,0x4F,0x74,0x3E,0x39,0x2E,0xCC,0x26,0x27,0x01,
  0x23,0x20,0x3F,0x31,0x49,0x45,0x1E,0x3F,0x31,0x49,0x47,0x00,0x00,0x02,0x00,0x22,0xFF,0x43,0x02,0x28,0x01,0xF5,0x00,0x1E,
  0x00,0x2C,0x00,0x00,0x45,0x22,0x26,0x35,0x35,0x33,0x06,0x06,0x23,0x22,0x26,0x26,0x35,0x34,0x36,0x36,0x33,0x32,0x16,0x17,
  0x07,0x35,0x34,0x36,0x33,0x32,0x16,0x15,0x11,0x14,0x06,0x03,0x32,0x36,0x36,0x35,0x34,0x26,0x23,0x22,0x06,0x06,0x15,0x14,
  0x16,0x01,0xDC,0x25,0x26,0x0B,0x10,0x59,0x3A,0x40,0x61,0x36,0x36,0x61,0x40,0x3B,0x5B,0x0E,0x0B,0x27,0x24,0x24,0x27,0x28,
  0xDA,0x21,0x30,0x1C,0x3C,0x31,0x20,0x31,0x1B,0x3C,0xBD,0x27,0x26,0xCC,0x2E,0x39,0x3E,0x74,0x4F,0x4F,0x72,0x3E,0x3B,0x30,
  0x27,0x44,0x25,0x27,0x27,0x25,0xFD,0xE9,0x26,0x27,0x01,0x23,0x20,0x3F,0x31,0x49,0x45,0x1E,0x3F,0x31,0x49,0x47,0x00,0x01,
  0x00,0x3A,0xFF,0xF7,0x01,0x9A,0x01,0xF7,0x00,0x1C,0x00,0x00,0x57,0x22,0x26,0x35,0x11,0x34,0x36,0x33,0x32,0x16,0x15,0x15,
  0x23,0x36,0x36,0x37,0x36,0x16,0x17,0x16,0x06,0x07,0x07,0x06,0x06,0x15,0x15,0x14,0x06,0x88,0x26,0x28,0x27,0x23,0x24,0x26,
  0x0A,0x0C,0x52,0x41,0x19,0x1B,0x01,0x02,0x1D,0x22,0x17,0x39,0x37,0x27,0x09,0x28,0x25,0x01,0x63,0x25,0x27,0x27,0x25,0x34,
  0x3C,0x42,0x04,0x02,0x1D,0x21,0x1F,0x24,0x04,0x02,0x05,0x38,0x35,0xBA,0x25,0x28,0x00,0x01,0x00,0x22,0xFF,0xF5,0x01,0xD0,
  0x01,0xF5,0x00,0x32,0x00,0x00,0x57,0x22,0x26,0x27,0x26,0x26,0x3E,0x02,0x17,0x16,0x16,0x33,0x32,0x36,0x35,0x34,0x26,0x27,
  0x27,0x26,0x26,0x35,0x34,0x36,0x36,0x33,0x32,0x16,0x17,0x16,0x16,0x0E,0x02,0x27,0x26,0x26,0x23,0x22,0x06,0x15,0x14,0x16,
  0x17,0x17,0x16,0x16,0x15,0x14,0x06,0xF6,0x2C,0x5D,0x26,0x14,0x11,0x02,0x13,0x1F,0x13,0x29,0x44,0x21,0x2B,0x27,0x1A,0x19,
  0x69,0x3E,0x43,0x38,0x63,0x3F,0x2D,0x4C,0x23,0x12,0x0F,0x05,0x14,0x1F,0x14,0x20,0x36,0x19,0x2D,0x28,0x17,0x18,0x69,0x41,
  0x44,0x77,0x0B,0x10,0x13,0x0A,0x1F,0x20,0x1A,0x09,0x08,0x11,0x0E,0x1B,0x16,0x14,0x14,0x04,0x13,0x0B,0x45,0x36,0x32,0x49,
  0x27,0x10,0x12,0x09,0x1E,0x20,0x1A,0x08,0x08,0x0F,0x0D,0x1D,0x16,0x11,0x17,0x04,0x13,0x0B,0x41,0x38,0x4C,0x57,0x00,0x01,
  0xFF,0xF7,0xFF,0xF5,0x01,0x99,0x02,0x84,0x00,0x2C,0x00,0x00,0x45,0x22,0x26,0x26,0x35,0x35,0x23,0x22,0x26,0x35,0x34,0x36,
  0x33,0x33,0x35,0x34,0x36,0x33,0x32,0x16,0x15,0x15,0x33,0x32,0x16,0x15,0x14,0x06,0x23,0x23,0x15,0x14,0x16,0x33,0x32,0x36,
  0x37,0x36,0x16,0x15,0x14,0x06,0x07,0x06,0x06,0x01,0x2B,0x45,0x5D,0x2D,0x2A,0x1C,0x1F,0x1F,0x1C,0x2A,0x28,0x24,0x25,0x26,
  0x5F,0x1C,0x1E,0x1E,0x1C,0x5F,0x27,0x2B,0x0F,0x1A,0x0B,0x0E,0x12,0x10,0x14,0x0D,0x2D,0x0B,0x2E,0x58,0x43,0xBC,0x1E,0x1A,
  0x1C,0x1D,0x4C,0x26,0x27,0x27,0x26,0x4C,0x1D,0x1C,0x1A,0x1E,0xB6,0x2A,0x2A,0x06,0x01,0x01,0x13,0x20,0x18,0x24,0x08,0x05,
  0x07,0x00,0x00,0x01,0x00,0x38,0xFF,0xF5,0x02,0x13,0x01,0xF3,0x00,0x23,0x00,0x00,0x57,0x22,0x26,0x26,0x35,0x35,0x34,0x36,
  0x33,0x32,0x16,0x15,0x15,0x14,0x16,0x33,0x32,0x36,0x35,0x35,0x34,0x36,0x33,0x32,0x16,0x15,0x11,0x14,0x23,0x22,0x26,0x35,
  0x35,0x17,0x06,0x06,0xEF,0x3E,0x52,0x27,0x27,0x24,0x24,0x28,0x24,0x27,0x2B,0x37,0x27,0x24,0x25,0x27,0x49,0x24,0x26,0x0F,
  0x16,0x52,0x0B,0x2E,0x5D,0x45,0xE2,0x26,0x26,0x26,0x26,0xE6,0x2C,0x2B,0x3D,0x32,0xCE,0x26,0x26,0x26,0x26,0xFE,0x9D,0x4D,
  0x28,0x25,0x43,0x27,0x33,0x38,0x00,0x01,0x00,0x12,0xFF,0xF7,0x02,0x07,0x01,0xF3,0x00,0x18,0x00,0x00,0x45,0x22,0x26,0x27,
  0x03,0x26,0x36,0x36,0x33,0x32,0x16,0x17,0x13,0x23,0x13,0x36,0x36,0x33,0x32,0x16,0x16,0x07,0x03,0x06,0x06,0x01,0x0A,0x1D,
  0x2C,0x0D,0x97,0x0B,0x06,0x25,0x21,0x1B,0x22,0x0D,0x76,0x20,0x7B,0x0E,0x22,0x1E,0x1A,0x1F,0x07,0x0C,0x9A,0x0D,0x2B,0x09,
  0x1F,0x1F,0x01,0x5C,0x1A,0x2D,0x1B,0x19,0x23,0xFE,0xD4,0x01,0x2D,0x22,0x19,0x1B,0x2C,0x1A,0xFE,0xA3,0x20,0x1E,0x00,0x01,
  0x00,0x17,0xFF,0xF7,0x03,0x45,0x01,0xF3,0x00,0x2A,0x00,0x00,0x45,0x22,0x26,0x27,0x03,0x26,0x36,0x36,0x33,0x32,0x16,0x17,
  0x13,0x23,0x13,0x36,0x36,0x33,0x32,0x16,0x17,0x13,0x23,0x13,0x36,0x36,0x33,0x32,0x16,0x16,0x07,0x03,0x06,0x06,0x23,0x22,
  0x26,0x27,0x03,0x33,0x03,0x06,0x06,0x01,0x04,0x1E,0x2A,0x0D,0x8D,0x0B,0x08,0x23,0x1F,0x1A,0x22,0x0C,0x6E,0x17,0x72,0x08,
  0x1F,0x19,0x19,0x1F,0x09,0x70,0x13,0x6D,0x0C,0x26,0x16,0x1C,0x1F,0x05,0x0B,0x8C,0x0C,0x2B,0x1E,0x1D,0x2B,0x0D,0x78,0x41,
  0x75,0x0C,0x2A,0x09,0x1D,0x20,0x01,0x5D,0x1C,0x2B,0x1B,0x19,0x23,0xFE,0xDB,0x01,0x32,0x18,0x17,0x18,0x17,0xFE,0xCE,0x01,
  0x29,0x20,0x18,0x1C,0x2C,0x1A,0xFE,0xA3,0x1F,0x1E,0x1E,0x1F,0x01,0x38,0xFE,0xC9,0x1F,0x1F,0x00,0x01,0x00,0x2F,0xFF,0xF9,
  0x02,0x03,0x01,0xF3,0x00,0x27,0x00,0x00,0x57,0x22,0x26,0x26,0x37,0x37,0x15,0x27,0x26,0x36,0x36,0x33,0x32,0x16,0x17,0x17,
  0x23,0x37,0x36,0x36,0x33,0x32,0x16,0x16,0x07,0x07,0x35,0x17,0x16,0x06,0x06,0x23,0x22,0x26,0x27,0x27,0x33,0x07,0x06,0x06,
  0x6E,0x1C,0x22,0x01,0x14,0x9B,0x90,0x15,0x02,0x22,0x1C,0x1B,0x24,0x10,0x6B,0x35,0x6B,0x11,0x24,0x1A,0x1C,0x22,0x01,0x15,
  0x90,0x9C,0x15,0x02,0x23,0x1C,0x1B,0x23,0x11,0x75,0x33,0x75,0x10,0x23,0x07,0x1F,0x30,0x19,0xBE,0x44,0xB0,0x1A,0x30,0x1E,
  0x12,0x15,0x89,0x89,0x15,0x12,0x1F,0x30,0x19,0xB0,0x44,0xBE,0x18,0x30,0x20,0x13,0x14,0x95,0x95,0x13,0x14,0x00,0x00,0x01,
  0x00,0x11,0xFF,0x43,0x02,0x07,0x01,0xF3,0x00,0x1B,0x00,0x00,0x57,0x22,0x26,0x26,0x37,0x37,0x15,0x03,0x26,0x36,0x36,0x33,
  0x32,0x16,0x17,0x13,0x23,0x13,0x36,0x36,0x33,0x32,0x16,0x16,0x07,0x03,0x06,0x06,0xC0,0x1A,0x22,0x06,0x0B,0x43,0xB1,0x0A,
  0x07,0x25,0x21,0x1B,0x21,0x0E,0x76,0x20,0x7A,0x0E,0x23,0x1E,0x1A,0x1F,0x07,0x0C,0xEB,0x0F,0x25,0xBD,0x1C,0x2D,0x19,0x94,
  0x3E,0x01,0x96,0x1A,0x2D,0x1B,0x19,0x23,0xFE,0xD4,0x01,0x2D,0x22,0x19,0x1B,0x2C,0x1A,0xFD,0xEB,0x22,0x18,0x00,0x00,0x01,
  0x00,0x25,0x00,0x00,0x01,0xD1,0x01,0xEB,0x00,0x1C,0x00,0x00,0x73,0x22,0x26,0x26,0x36,0x37,0x13,0x15,0x23,0x22,0x26,0x35,
  0x34,0x36,0x33,0x21,0x32,0x16,0x16,0x06,0x07,0x03,0x35,0x33,0x32,0x15,0x14,0x06,0x23,0x64,0x16,0x1E,0x0A,0x0B,0x11,0xF5,
  0xD9,0x1B,0x1E,0x1E,0x1B,0x01,0x21,0x1B,0x20,0x0B,0x09,0x11,0xFB,0xE8,0x39,0x1E,0x1B,0x17,0x24,0x2A,0x12,0x01,0x26,0x23,
  0x1E,0x1A,0x1C,0x1D,0x18,0x23,0x29,0x12,0xFE,0xD4,0x27,0x38,0x1B,0x1D,0x00,0x02,0x00,0x01,0xFF,0xF7,0x02,0x52,0x02,0xDC,
  0x00,0x2D,0x00,0x39,0x00,0x00,0x57,0x22,0x26,0x35,0x11,0x23,0x22,0x26,0x35,0x34,0x36,0x33,0x33,0x07,0x35,0x34,0x36,0x37,
  0x37,0x36,0x16,0x16,0x06,0x06,0x07,0x07,0x06,0x06,0x15,0x15,0x27,0x21,0x32,0x16,0x15,0x11,0x14,0x06,0x23,0x22,0x26,0x35,
  0x11,0x23,0x11,0x14,0x01,0x22,0x26,0x35,0x34,0x36,0x33,0x32,0x16,0x15,0x14,0x06,0xAC,0x25,0x27,0x24,0x1C,0x1F,0x1F,0x1C,
  0x50,0x2C,0x68,0x66,0x1D,0x1C,0x21,0x0B,0x06,0x15,0x10,0x15,0x32,0x2A,0x13,0x01,0x18,0x24,0x27,0x26,0x25,0x24,0x28,0xB9,
  0x01,0x08,0x28,0x2B,0x2B,0x28,0x28,0x2B,0x2B,0x09,0x28,0x25,0x01,0x36,0x1E,0x1A,0x1C,0x1D,0x28,0x1F,0x69,0x6C,0x0B,0x03,
  0x02,0x13,0x20,0x22,0x19,0x01,0x02,0x03,0x2C,0x2B,0x22,0x11,0x2B,0x27,0xFE,0xB1,0x27,0x2B,0x2B,0x27,0x01,0x30,0xFE,0xCA,
  0x4D,0x02,0x4E,0x27,0x24,0x25,0x27,0x27,0x25,0x24,0x27,0x00,0xFF,0xFF,0x00,0x01,0xFF,0xF5,0x02,0xCA,0x02,0xCA,0x04,0x26,
  0x00,0x20,0x00,0x00,0x00,0x07,0x00,0x26,0x01,0x7E,0x00,0x00,0x00,0x02,0x00,0x25,0xFF,0xF5,0x02,0x33,0x02,0xCC,0x00,0x0D,
  0x00,0x19,0x00,0x00,0x45,0x22,0x26,0x35,0x34,0x36,0x36,0x33,0x32,0x16,0x15,0x14,0x06,0x06,0x27,0x32,0x36,0x35,0x34,0x26,
  0x23,0x22,0x06,0x15,0x14,0x16,0x01,0x2C,0x80,0x87,0x3D,0x75,0x55,0x81,0x86,0x3D,0x74,0x56,0x3A,0x38,0x38,0x3A,0x3A,0x38,
  0x38,0x0B,0xBF,0xAF,0x75,0xA1,0x53,0xB9,0xB0,0x75,0xA3,0x56,0x7E,0x73,0x7D,0x7D,0x6E,0x6E,0x7D,0x7D,0x73,0x00,0x00,0x01,
  0x00,0x56,0x00,0x00,0x02,0x39,0x02,0xCA,0x00,0x1F,0x00,0x00,0x73,0x22,0x26,0x35,0x34,0x36,0x33,0x33,0x11,0x33,0x07,0x06,
  0x2E,0x02,0x36,0x37,0x37,0x36,0x36,0x33,0x32,0x16,0x15,0x11,0x33,0x32,0x16,0x15,0x14,0x06,0x23,0x9D,0x20,0x22,0x22,0x20,
  0x65,0x49,0x92,0x17,0x27,0x1C,0x09,0x10,0x16,0x8B,0x15,0x2B,0x15,0x1E,0x23,0x5B,0x1F,0x22,0x22,0x1F,0x22,0x1E,0x1F,0x20,
  0x01,0xC3,0x59,0x0E,0x06,0x1C,0x27,0x27,0x0E,0x54,0x0D,0x10,0x1F,0x20,0xFD,0xF4,0x20,0x1F,0x1F,0x21,0x00,0x01,0x00,0x2F,
  0x00,0x00,0x02,0x32,0x02,0xCC,0x00,0x2A,0x00,0x00,0x73,0x22,0x26,0x35,0x34,0x36,0x37,0x37,0x36,0x36,0x35,0x34,0x26,0x23,
  0x22,0x06,0x07,0x06,0x2E,0x02,0x36,0x37,0x36,0x36,0x33,0x32,0x16,0x16,0x15,0x14,0x06,0x06,0x07,0x07,0x35,0x21,0x32,0x16,
  0x15,0x14,0x06,0x23,0x8A,0x25,0x23,0x16,0x13,0xBC,0x2A,0x25,0x39,0x36,0x1D,0x3D,0x21,0x16,0x25,0x1A,0x08,0x10,0x16,0x2C,
  0x68,0x33,0x4F,0x6C,0x38,0x1A,0x37,0x2D,0xAF,0x01,0x0F,0x20,0x21,0x21,0x20,0x23,0x22,0x16,0x26,0x14,0xC6,0x2D,0x46,0x23,
  0x2C,0x2E,0x11,0x13,0x0C,0x07,0x1B,0x26,0x26,0x0D,0x1B,0x1B,0x2F,0x5A,0x41,0x2A,0x50,0x51,0x2E,0xB2,0x28,0x20,0x1F,0x1F,
  0x21,0x00,0x00,0x01,0x00,0x24,0xFF,0xF5,0x02,0x24,0x02,0xCC,0x00,0x3D,0x00,0x00,0x45,0x22,0x26,0x27,0x26,0x26,0x3E,0x02,
  0x17,0x16,0x16,0x33,0x32,0x36,0x36,0x35,0x34,0x26,0x23,0x23,0x22,0x26,0x35,0x34,0x36,0x33,0x33,0x32,0x36,0x36,0x35,0x34,
  0x26,0x23,0x22,0x06,0x07,0x06,0x2E,0x02,0x36,0x37,0x36,0x36,0x33,0x32,0x16,0x16,0x15,0x14,0x06,0x06,0x07,0x35,0x16,0x16,
  0x15,0x14,0x06,0x06,0x01,0x1B,0x35,0x6D,0x28,0x1A,0x13,0x05,0x1A,0x29,0x19,0x27,0x46,0x23,0x28,0x36,0x1C,0x3A,0x38,0x3B,
  0x21,0x23,0x23,0x21,0x2C,0x22,0x2F,0x1B,0x37,0x34,0x20,0x3E,0x24,0x16,0x26,0x19,0x07,0x11,0x17,0x2B,0x65,0x34,0x4C,0x6C,
  0x3A,0x20,0x39,0x29,0x47,0x50,0x40,0x77,0x0B,0x19,0x17,0x0E,0x27,0x26,0x1D,0x08,0x0C,0x13,0x10,0x15,0x28,0x1E,0x2A,0x2A,
  0x21,0x1D,0x1E,0x21,0x15,0x26,0x1C,0x28,0x2A,0x0F,0x13,0x0B,0x08,0x1C,0x25,0x26,0x0C,0x19,0x1A,0x2E,0x55,0x3C,0x29,0x44,
  0x2F,0x0A,0x0D,0x0C,0x5E,0x47,0x3F,0x5D,0x32,0x00,0x00,0x02,0x00,0x1C,0xFF,0xF7,0x02,0x4D,0x02,0xCA,0x00,0x1E,0x00,0x23,
  0x00,0x00,0x45,0x22,0x26,0x35,0x35,0x23,0x22,0x26,0x35,0x34,0x36,0x37,0x01,0x36,0x36,0x33,0x32,0x16,0x15,0x11,0x33,0x32,
  0x16,0x15,0x14,0x06,0x23,0x23,0x15,0x14,0x06,0x03,0x11,0x33,0x03,0x35,0x01,0x9A,0x24,0x29,0xE0,0x25,0x2C,0x12,0x17,0x01,
  0x03,0x11,0x2A,0x1B,0x20,0x27,0x25,0x21,0x22,0x21,0x22,0x25,0x27,0x71,0x1D,0xD5,0x09,0x28,0x26,0x39,0x21,0x22,0x14,0x2A,
  0x1F,0x01,0x79,0x19,0x1A,0x27,0x27,0xFE,0x7C,0x1F,0x1E,0x1D,0x20,0x39,0x26,0x28,0x01,0x01,0x01,0x13,0xFE,0xC7,0x26,0x00,
  0x00,0x01,0x00,0x39,0xFF,0xF5,0x02,0x37,0x02,0xC1,0x00,0x34,0x00,0x00,0x45,0x22,0x26,0x27,0x26,0x26,0x3E,0x02,0x17,0x16,
  0x16,0x33,0x32,0x36,0x36,0x35,0x34,0x26,0x23,0x22,0x06,0x07,0x06,0x06,0x23,0x22,0x26,0x35,0x11,0x34,0x36,0x33,0x21,0x32,
  0x16,0x15,0x14,0x06,0x23,0x23,0x15,0x23,0x36,0x36,0x33,0x32,0x16,0x16,0x15,0x14,0x06,0x06,0x01,0x2D,0x33,0x6C,0x2D,0x17,
  0x11,0x07,0x19,0x27,0x18,0x23,0x49,0x26,0x26,0x36,0x1C,0x3D,0x34,0x1A,0x35,0x1C,0x0A,0x20,0x12,0x1F,0x1E,0x23,0x20,0x01,
  0x41,0x21,0x22,0x22,0x21,0xEF,0x26,0x19,0x52,0x31,0x43,0x64,0x38,0x40,0x78,0x0B,0x1A,0x1A,0x0D,0x26,0x28,0x1D,0x08,0x0D,
  0x12,0x14,0x1A,0x2E,0x1F,0x30,0x3A,0x11,0x15,0x08,0x0E,0x1D,0x1C,0x01,0x3A,0x21,0x22,0x21,0x1F,0x1E,0x21,0xBF,0x1F,0x22,
  0x39,0x66,0x43,0x46,0x6B,0x3C,0x00,0x02,0x00,0x2D,0xFF,0xF5,0x02,0x35,0x02,0xCC,0x00,0x26,0x00,0x36,0x00,0x00,0x45,0x22,
  0x26,0x26,0x35,0x34,0x3E,0x02,0x33,0x32,0x16,0x17,0x16,0x16,0x0E,0x02,0x27,0x26,0x26,0x23,0x22,0x06,0x06,0x15,0x15,0x23,
  0x3E,0x02,0x33,0x32,0x16,0x16,0x15,0x14,0x06,0x06,0x27,0x32,0x36,0x36,0x35,0x34,0x26,0x26,0x23,0x22,0x06,0x06,0x15,0x14,
  0x16,0x16,0x01,0x47,0x5A,0x7E,0x42,0x2B,0x50,0x75,0x49,0x2B,0x58,0x26,0x14,0x0F,0x06,0x18,0x25,0x18,0x1F,0x39,0x1B,0x35,
  0x4A,0x25,0x0E,0x09,0x31,0x4C,0x2E,0x3C,0x5D,0x36,0x3C,0x6B,0x4F,0x1F,0x2F,0x19,0x19,0x2F,0x1F,0x1F,0x2F,0x1A,0x1A,0x2F,
  0x0B,0x54,0x9E,0x70,0x59,0x8A,0x60,0x32,0x18,0x18,0x0A,0x25,0x26,0x1D,0x09,0x0B,0x11,0x0E,0x30,0x60,0x47,0x41,0x30,0x43,
  0x24,0x3B,0x67,0x42,0x46,0x6D,0x3E,0x79,0x1C,0x34,0x22,0x22,0x33,0x1D,0x1D,0x33,0x22,0x22,0x34,0x1C,0x00,0x01,0x00,0x27,
  0xFF,0xF7,0x02,0x30,0x02,0xC1,0x00,0x17,0x00,0x00,0x57,0x22,0x26,0x26,0x37,0x01,0x15,0x21,0x22,0x26,0x35,0x34,0x36,0x33,
  0x21,0x32,0x16,0x15,0x14,0x06,0x07,0x01,0x06,0x06,0xAF,0x1D,0x24,0x06,0x0F,0x01,0x21,0xFE,0xD2,0x21,0x22,0x22,0x21,0x01,
  0x7D,0x20,0x29,0x0F,0x0C,0xFE,0xF2,0x0E,0x2A,0x09,0x1B,0x2C,0x1B,0x02,0x18,0x30,0x21,0x1F,0x1F,0x21,0x22,0x1F,0x1B,0x28,
  0x17,0xFE,0x03,0x1A,0x18,0x00,0x00,0x03,0x00,0x20,0xFF,0xF5,0x02,0x38,0x02,0xCC,0x00,0x1F,0x00,0x2B,0x00,0x38,0x00,0x00,
  0x45,0x22,0x26,0x26,0x35,0x34,0x36,0x36,0x37,0x15,0x26,0x26,0x35,0x34,0x36,0x36,0x33,0x32,0x16,0x16,0x15,0x14,0x06,0x06,
  0x07,0x35,0x16,0x16,0x15,0x14,0x06,0x06,0x27,0x32,0x36,0x35,0x34,0x26,0x23,0x22,0x06,0x15,0x14,0x16,0x13,0x32,0x36,0x36,
  0x35,0x34,0x26,0x23,0x22,0x06,0x15,0x14,0x16,0x01,0x2C,0x54,0x78,0x40,0x29,0x48,0x2D,0x3F,0x4D,0x3D,0x71,0x4C,0x4D,0x70,
  0x3E,0x23,0x3F,0x29,0x45,0x57,0x40,0x78,0x54,0x3E,0x40,0x40,0x3E,0x3E,0x40,0x40,0x3E,0x22,0x31,0x19,0x39,0x33,0x33,0x38,
  0x38,0x0B,0x30,0x5B,0x40,0x32,0x4E,0x30,0x06,0x1A,0x0E,0x5F,0x43,0x3C,0x56,0x2E,0x2E,0x56,0x3C,0x2D,0x4A,0x30,0x07,0x18,
  0x0A,0x62,0x4A,0x40,0x5B,0x30,0x77,0x30,0x2F,0x2F,0x2F,0x2F,0x2F,0x2F,0x30,0x01,0x34,0x16,0x2A,0x1B,0x2A,0x30,0x30,0x2A,
  0x2A,0x31,0x00,0x02,0x00,0x23,0xFF,0xF5,0x02,0x2B,0x02,0xCC,0x00,0x26,0x00,0x36,0x00,0x00,0x57,0x22,0x26,0x27,0x26,0x26,
  0x3E,0x02,0x17,0x16,0x16,0x33,0x32,0x36,0x36,0x35,0x35,0x33,0x0E,0x02,0x23,0x22,0x26,0x26,0x35,0x34,0x36,0x36,0x33,0x32,
  0x16,0x16,0x15,0x14,0x0E,0x02,0x03,0x32,0x36,0x36,0x35,0x34,0x26,0x26,0x23,0x22,0x06,0x06,0x15,0x14,0x16,0x16,0xF2,0x2B,
  0x58,0x26,0x14,0x0F,0x06,0x18,0x25,0x18,0x1F,0x39,0x1B,0x35,0x4A,0x25,0x0E,0x08,0x32,0x4C,0x2E,0x3B,0x5E,0x36,0x3C,0x6C,
  0x46,0x5B,0x7D,0x42,0x2B,0x50,0x75,0x21,0x1F,0x2F,0x1A,0x1A,0x2F,0x1F,0x1F,0x2E,0x1B,0x1B,0x2E,0x0B,0x18,0x18,0x0A,0x25,
  0x26,0x1D,0x09,0x0B,0x11,0x0E,0x30,0x61,0x46,0x41,0x2F,0x44,0x24,0x3B,0x68,0x41,0x46,0x6D,0x3E,0x53,0x9F,0x70,0x59,0x8A,
  0x60,0x32,0x01,0x7B,0x1D,0x34,0x21,0x22,0x34,0x1C,0x1C,0x34,0x22,0x21,0x34,0x1D,0x00,0x01,0x00,0x2C,0xFF,0xFB,0x00,0xD8,
  0x00,0xA5,0x00,0x0B,0x00,0x00,0x57,0x22,0x26,0x35,0x34,0x36,0x33,0x32,0x16,0x15,0x14,0x06,0x83,0x28,0x2F,0x2F,0x28,0x28,
  0x2D,0x2D,0x05,0x30,0x26,0x25,0x2F,0x2F,0x25,0x26,0x30,0x00,0x00,0x01,0x00,0x2C,0xFF,0x77,0x00,0xD9,0x00,0xA5,0x00,0x15,
  0x00,0x00,0x57,0x06,0x06,0x26,0x26,0x37,0x36,0x36,0x35,0x17,0x22,0x26,0x35,0x34,0x36,0x33,0x32,0x16,0x15,0x14,0x06,0x06,
  0x97,0x0F,0x22,0x18,0x03,0x10,0x16,0x10,0x05,0x28,0x32,0x2E,0x28,0x29,0x2E,0x0A,0x1C,0x72,0x12,0x05,0x12,0x21,0x13,0x1C,
  0x36,0x15,0x29,0x2E,0x28,0x25,0x2F,0x37,0x32,0x1A,0x36,0x3C,0x00,0x02,0x00,0x2C,0xFF,0xFB,0x00,0xD8,0x01,0xF0,0x00,0x0B,
  0x00,0x17,0x00,0x00,0x57,0x22,0x26,0x35,0x34,0x36,0x33,0x32,0x16,0x15,0x14,0x06,0x03,0x22,0x26,0x35,0x34,0x36,0x33,0x32,
  0x16,0x15,0x14,0x06,0x83,0x28,0x2F,0x2F,0x28,0x28,0x2D,0x2D,0x28,0x28,0x2F,0x2F,0x28,0x28,0x2D,0x2D,0x05,0x30,0x26,0x25,
  0x2F,0x2F,0x25,0x26,0x30,0x01,0x4B,0x30,0x25,0x26,0x2F,0x2F,0x26,0x25,0x30,0x00,0x00,0x02,0x00,0x2C,0xFF,0x77,0x00,0xD9,
  0x01,0xF0,0x00,0x15,0x00,0x21,0x00,0x00,0x57,0x06,0x06,0x26,0x26,0x37,0x36,0x36,0x35,0x17,0x22,0x26,0x35,0x34,0x36,0x33,
  0x32,0x16,0x15,0x14,0x06,0x06,0x03,0x22,0x26,0x35,0x34,0x36,0x33,0x32,0x16,0x15,0x14,0x06,0x97,0x0F,0x22,0x18,0x03,0x10,
  0x16,0x10,0x05,0x28,0x32,0x2E,0x28,0x29,0x2E,0x0A,0x1C,0x30,0x28,0x2F,0x2F,0x28,0x28,0x2D,0x2D,0x72,0x12,0x05,0x12,0x21,
  0x13,0x1C,0x36,0x15,0x29,0x2E,0x28,0x25,0x2F,0x37,0x32,0x1A,0x36,0x3C,0x01,0x96,0x30,0x25,0x26,0x2F,0x2F,0x26,0x25,0x30,
  0x00,0x02,0x00,0x2A,0xFF,0xFB,0x00,0xDA,0x02,0xCA,0x00,0x0D,0x00,0x19,0x00,0x00,0x77,0x22,0x26,0x27,0x03,0x26,0x36,0x33,
  0x32,0x16,0x07,0x03,0x06,0x06,0x07,0x22,0x26,0x35,0x34,0x36,0x33,0x32,0x16,0x15,0x14,0x06,0x83,0x17,0x1A,0x03,0x20,0x05,
  0x2C,0x2D,0x2B,0x2C,0x05,0x20,0x03,0x19,0x16,0x28,0x2F,0x2F,0x28,0x28,0x2D,0x2D,0xD9,0x1C,0x1B,0x01,0x56,0x2D,0x37,0x37,
  0x2D,0xFE,0xAA,0x1B,0x1C,0xDE,0x30,0x26,0x25,0x2F,0x2F,0x25,0x26,0x30,0x00,0x02,0x00,0x05,0xFF,0xFB,0x01,0xCA,0x02,0xCC,
  0x00,0x28,0x00,0x34,0x00,0x00,0x77,0x22,0x26,0x35,0x34,0x36,0x36,0x37,0x3E,0x02,0x35,0x34,0x26,0x23,0x22,0x06,0x07,0x06,
  0x2E,0x02,0x36,0x37,0x36,0x36,0x33,0x32,0x16,0x16,0x15,0x14,0x06,0x06,0x07,0x0E,0x02,0x07,0x06,0x06,0x07,0x22,0x26,0x35,
  0x34,0x36,0x33,0x32,0x16,0x15,0x14,0x06,0xE7,0x16,0x19,0x0E,0x1F,0x1A,0x12,0x17,0x09,0x29,0x26,0x24,0x3D,0x1D,0x1A,0x29,
  0x18,0x04,0x16,0x1A,0x29,0x64,0x2B,0x42,0x64,0x37,0x12,0x28,0x23,0x1F,0x24,0x10,0x03,0x03,0x17,0x18,0x28,0x2F,0x2F,0x28,
  0x28,0x2D,0x2D,0xDA,0x1D,0x19,0x1D,0x33,0x34,0x1B,0x15,0x1F,0x1D,0x0F,0x1C,0x20,0x12,0x11,0x0E,0x07,0x1D,0x28,0x27,0x0F,
  0x18,0x18,0x2C,0x4C,0x33,0x1F,0x36,0x35,0x1D,0x1A,0x29,0x25,0x15,0x0F,0x14,0xDF,0x30,0x26,0x25,0x2F,0x2F,0x25,0x26,0x30,
  0x00,0x01,0x00,0x2C,0x00,0xB7,0x00,0xD8,0x01,0x61,0x00,0x0B,0x00,0x00,0x77,0x22,0x26,0x35,0x34,0x36,0x33,0x32,0x16,0x15,
  0x14,0x06,0x83,0x28,0x2F,0x2F,0x28,0x28,0x2D,0x2D,0xB7,0x30,0x26,0x25,0x2F,0x2F,0x25,0x26,0x30,0x00,0x00,0x01,0x00,0x1B,
  0x01,0x54,0x01,0xAB,0x02,0xC6,0x00,0x35,0x00,0x00,0x53,0x26,0x26,0x37,0x37,0x17,0x07,0x06,0x26,0x35,0x34,0x36,0x17,0x17,
  0x07,0x27,0x26,0x36,0x37,0x36,0x16,0x17,0x17,0x23,0x37,0x36,0x36,0x17,0x16,0x16,0x07,0x07,0x27,0x37,0x36,0x16,0x15,0x14,
  0x06,0x27,0x27,0x37,0x17,0x16,0x06,0x07,0x06,0x26,0x27,0x27,0x33,0x07,0x06,0x06,0x7D,0x15,0x07,0x0F,0x3C,0x16,0x6D,0x1A,
  0x20,0x20,0x1A,0x6D,0x15,0x3C,0x0F,0x07,0x15,0x15,0x26,0x0B,0x28,0x12,0x29,0x0A,0x27,0x15,0x16,0x06,0x10,0x3C,0x15,0x6D,
  0x1A,0x20,0x20,0x1A,0x6D,0x15,0x3C,0x10,0x06,0x16,0x16,0x25,0x0B,0x29,0x12,0x2A,0x0B,0x25,0x01,0x60,0x0D,0x27,0x16,0x5A,
  0x1F,0x07,0x02,0x19,0x18,0x18,0x19,0x02,0x08,0x20,0x5C,0x17,0x27,0x0B,0x0D,0x11,0x19,0x58,0x58,0x19,0x11,0x0D,0x0D,0x27,
  0x16,0x5A,0x1F,0x08,0x02,0x19,0x18,0x18,0x19,0x02,0x07,0x1F,0x5A,0x16,0x26,0x0D,0x0D,0x11,0x18,0x5A,0x5A,0x18,0x11,0x00,
  0x00,0x02,0x00,0x2B,0xFF,0xF7,0x02,0x2D,0x02,0xCA,0x00,0x4F,0x00,0x53,0x00,0x00,0x57,0x22,0x26,0x37,0x37,0x17,0x23,0x22,
  0x26,0x26,0x35,0x34,0x36,0x33,0x33,0x07,0x37,0x17,0x23,0x22,0x26,0x26,0x35,0x34,0x36,0x33,0x33,0x07,0x37,0x36,0x36,0x33,
  0x32,0x16,0x07,0x07,0x33,0x37,0x36,0x36,0x33,0x32,0x16,0x07,0x07,0x27,0x33,0x32,0x16,0x16,0x15,0x14,0x06,0x23,0x23,0x37,
  0x07,0x27,0x33,0x32,0x16,0x16,0x15,0x14,0x06,0x23,0x23,0x37,0x07,0x06,0x06,0x23,0x22,0x26,0x37,0x37,0x23,0x07,0x06,0x06,
  0x13,0x33,0x37,0x23,0x81,0x1B,0x14,0x05,0x18,0x31,0x40,0x11,0x18,0x0C,0x1C,0x19,0x51,0x34,0x2A,0x24,0x55,0x11,0x18,0x0D,
  0x1D,0x19,0x66,0x28,0x1A,0x05,0x1D,0x17,0x19,0x16,0x06,0x15,0x6B,0x17,0x06,0x1C,0x18,0x18,0x17,0x06,0x17,0x23,0x32,0x11,
  0x18,0x0C,0x1B,0x1A,0x45,0x28,0x2B,0x23,0x55,0x12,0x17,0x0D,0x1C,0x1A,0x67,0x29,0x1C,0x05,0x1C,0x17,0x19,0x16,0x05,0x17,
  0x6B,0x19,0x04,0x1D,0x4C,0x6A,0x26,0x6A,0x09,0x20,0x1A,0x7D,0x08,0x0A,0x15,0x0F,0x17,0x18,0x0A,0xD8,0x0B,0x0C,0x15,0x0F,
  0x17,0x16,0x09,0x80,0x18,0x18,0x1F,0x1B,0x6D,0x77,0x18,0x18,0x1F,0x1B,0x76,0x09,0x0A,0x14,0x0F,0x16,0x1A,0x0B,0xD8,0x0A,
  0x0B,0x14,0x10,0x16,0x18,0x08,0x87,0x19,0x17,0x1F,0x1B,0x75,0x7F,0x19,0x17,0x01,0x0C,0xC3,0x00,0x01,0xFF,0xF5,0xFF,0xBC,
  0x01,0x56,0x02,0xF5,0x00,0x0D,0x00,0x00,0x57,0x06,0x06,0x22,0x26,0x26,0x37,0x13,0x36,0x36,0x1E,0x02,0x07,0x6C,0x07,0x1F,
  0x25,0x1E,0x0E,0x08,0xE2,0x07,0x20,0x23,0x1F,0x0E,0x08,0x1A,0x16,0x14,0x13,0x22,0x18,0x02,0xC1,0x16,0x15,0x01,0x13,0x21,
  0x18,0x00,0x00,0x01,0xFF,0xF5,0xFF,0xBC,0x01,0x56,0x02,0xF5,0x00,0x0D,0x00,0x00,0x57,0x03,0x26,0x3E,0x02,0x16,0x17,0x13,
  0x16,0x06,0x06,0x22,0x26,0xDF,0xE2,0x08,0x0E,0x1E,0x24,0x20,0x07,0xE2,0x08,0x0E,0x1F,0x24,0x1F,0x1A,0x02,0xC2,0x17,0x22,
  0x13,0x01,0x15,0x16,0xFD,0x3F,0x18,0x22,0x13,0x14,0x00,0x01,0x00,0x39,0x00,0xD1,0x01,0x7F,0x01,0x48,0x00,0x0D,0x00,0x00,
  0x77,0x22,0x26,0x35,0x34,0x36,0x33,0x33,0x32,0x16,0x15,0x14,0x06,0x23,0x75,0x19,0x23,0x23,0x19,0xCE,0x19,0x23,0x23,0x19,
  0xD1,0x22,0x19,0x1A,0x22,0x22,0x1A,0x19,0x22,0x00,0x00,0x01,0xFF,0xF7,0x00,0xE0,0x01,0xFD,0x01,0x38,0x00,0x0D,0x00,0x00,
  0x77,0x22,0x26,0x35,0x34,0x36,0x33,0x21,0x32,0x16,0x15,0x14,0x06,0x23,0x25,0x13,0x1B,0x1B,0x13,0x01,0xAA,0x14,0x1A,0x1A,
  0x14,0xE0,0x19,0x13,0x13,0x19,0x19,0x13,0x13,0x19,0x00,0x01,0xFF,0xF7,0x00,0xE0,0x03,0xF1,0x01,0x38,0x00,0x0D,0x00,0x00,
  0x77,0x22,0x26,0x35,0x34,0x36,0x33,0x21,0x32,0x16,0x15,0x14,0x06,0x23,0x25,0x13,0x1B,0x1B,0x13,0x03,0x9E,0x14,0x1A,0x1A,
  0x14,0xE0,0x19,0x13,0x13,0x19,0x19,0x13,0x13,0x19,0x00,0x01,0x00,0x0B,0xFF,0xA8,0x01,0xE9,0x00,0x00,0x00,0x0D,0x00,0x00,
  0x57,0x22,0x26,0x35,0x34,0x36,0x33,0x21,0x32,0x16,0x15,0x14,0x06,0x23,0x39,0x13,0x1B,0x1B,0x13,0x01,0x82,0x14,0x1A,0x1A,
  0x14,0x58,0x19,0x13,0x13,0x19,0x19,0x13,0x13,0x19,0x00,0x01,0x00,0x63,0xFF,0x42,0x01,0x51,0x02,0xCD,0x00,0x18,0x00,0x00,
  0x57,0x26,0x26,0x35,0x34,0x36,0x36,0x37,0x36,0x36,0x16,0x16,0x07,0x0E,0x02,0x15,0x14,0x16,0x16,0x17,0x16,0x06,0x06,0x26,
  0xDC,0x41,0x38,0x18,0x36,0x2B,0x0D,0x2D,0x27,0x14,0x0C,0x16,0x1D,0x0D,0x0E,0x1D,0x15,0x0C,0x14,0x28,0x2C,0x9F,0x62,0xD6,
  0x6E,0x4A,0x90,0x8B,0x41,0x15,0x0B,0x11,0x2C,0x22,0x3E,0x76,0x74,0x3F,0x3F,0x74,0x75,0x3F,0x22,0x2C,0x10,0x0A,0x00,0x01,
  0x00,0x2D,0xFF,0x42,0x01,0x1B,0x02,0xCD,0x00,0x18,0x00,0x00,0x57,0x06,0x06,0x26,0x26,0x37,0x3E,0x02,0x35,0x34,0x26,0x26,
  0x27,0x26,0x36,0x36,0x16,0x17,0x16,0x16,0x15,0x14,0x06,0x06,0xA2,0x0D,0x2C,0x29,0x13,0x0C,0x17,0x1C,0x0D,0x0E,0x1C,0x16,
  0x0C,0x13,0x29,0x2C,0x0D,0x40,0x39,0x19,0x35,0x9F,0x15,0x0A,0x11,0x2B,0x22,0x3F,0x75,0x74,0x3F,0x3F,0x74,0x75,0x3F,0x22,
  0x2C,0x11,0x0B,0x15,0x61,0xD7,0x6E,0x49,0x91,0x8B,0x00,0x01,0x00,0x1F,0xFF,0x4C,0x01,0x98,0x02,0xC1,0x00,0x35,0x00,0x00,
  0x45,0x22,0x26,0x26,0x35,0x35,0x34,0x26,0x27,0x26,0x26,0x35,0x34,0x36,0x37,0x36,0x36,0x35,0x35,0x34,0x36,0x33,0x33,0x32,
  0x16,0x15,0x14,0x06,0x23,0x23,0x22,0x06,0x15,0x15,0x14,0x06,0x06,0x23,0x35,0x32,0x16,0x16,0x15,0x15,0x14,0x16,0x33,0x33,
  0x32,0x16,0x15,0x14,0x06,0x23,0x01,0x12,0x29,0x3D,0x1F,0x1B,0x23,0x17,0x19,0x19,0x17,0x23,0x1B,0x46,0x3F,0x48,0x1B,0x23,
  0x1C,0x18,0x1A,0x13,0x13,0x1B,0x2D,0x1B,0x1B,0x2D,0x1B,0x13,0x14,0x19,0x18,0x1C,0x23,0x1B,0xB4,0x1F,0x3C,0x2A,0xAE,0x28,
  0x24,0x01,0x02,0x21,0x18,0x17,0x21,0x01,0x02,0x24,0x28,0xAE,0x3F,0x46,0x20,0x18,0x18,0x20,0x16,0x16,0xAA,0x1F,0x36,0x22,
  0x04,0x21,0x36,0x20,0xA9,0x16,0x16,0x20,0x18,0x18,0x20,0x00,0x00,0x01,0x00,0x06,0xFF,0x4C,0x01,0x7F,0x02,0xC1,0x00,0x35,
  0x00,0x00,0x57,0x22,0x26,0x35,0x34,0x36,0x33,0x33,0x32,0x36,0x35,0x35,0x34,0x36,0x36,0x33,0x15,0x22,0x26,0x26,0x35,0x35,
  0x34,0x26,0x23,0x23,0x22,0x26,0x35,0x34,0x36,0x33,0x33,0x32,0x16,0x16,0x15,0x15,0x14,0x16,0x17,0x16,0x16,0x15,0x14,0x06,
  0x07,0x06,0x06,0x15,0x15,0x14,0x06,0x23,0x44,0x1A,0x24,0x1C,0x18,0x19,0x14,0x13,0x1B,0x2E,0x1A,0x1A,0x2E,0x1B,0x13,0x13,
  0x1A,0x18,0x1C,0x24,0x1A,0x48,0x2A,0x3C,0x1F,0x1C,0x22,0x17,0x19,0x19,0x17,0x22,0x1C,0x46,0x3F,0xB4,0x20,0x18,0x18,0x20,
  0x16,0x16,0xA9,0x20,0x36,0x21,0x04,0x22,0x36,0x1F,0xAA,0x16,0x16,0x20,0x18,0x18,0x20,0x1F,0x3B,0x2B,0xAE,0x28,0x24,0x02,
  0x01,0x21,0x18,0x17,0x21,0x02,0x01,0x24,0x28,0xAE,0x3F,0x46,0x00,0x01,0x00,0x68,0xFF,0x4C,0x01,0x73,0x02,0xC1,0x00,0x17,
  0x00,0x00,0x57,0x22,0x26,0x35,0x11,0x34,0x36,0x33,0x33,0x32,0x16,0x15,0x14,0x06,0x23,0x23,0x11,0x33,0x32,0x16,0x15,0x14,
  0x06,0x23,0xA7,0x1B,0x24,0x24,0x1B,0x90,0x1C,0x20,0x20,0x1C,0x38,0x38,0x1C,0x20,0x20,0x1C,0xB4,0x24,0x1A,0x02,0xF9,0x1B,
  0x23,0x20,0x18,0x18,0x20,0xFD,0x6B,0x20,0x18,0x18,0x20,0x00,0x00,0x01,0x00,0x06,0xFF,0x4C,0x01,0x11,0x02,0xC1,0x00,0x17,
  0x00,0x00,0x57,0x22,0x26,0x35,0x34,0x36,0x33,0x33,0x11,0x23,0x22,0x26,0x35,0x34,0x36,0x33,0x33,0x32,0x16,0x15,0x11,0x14,
  0x06,0x23,0x41,0x1A,0x21,0x21,0x1A,0x39,0x39,0x1A,0x21,0x21,0x1A,0x91,0x1B,0x24,0x24,0x1B,0xB4,0x20,0x18,0x18,0x20,0x02,
  0x95,0x20,0x18,0x18,0x20,0x23,0x1B,0xFD,0x07,0x1A,0x24,0x00,0xFF,0xFF,0x00,0x2C,0x01,0x95,0x01,0xAD,0x02,0xC2,0x04,0x26,
  0x00,0x59,0x00,0x00,0x00,0x07,0x00,0x59,0x00,0xD4,0x00,0x00,0xFF,0xFF,0x00,0x2C,0x01,0x99,0x01,0xAD,0x02,0xC6,0x04,0x26,
  0x00,0x5A,0x00,0x00,0x00,0x07,0x00,0x5A,0x00,0xD4,0x00,0x00,0x00,0x01,0x00,0x2C,0x01,0x95,0x00,0xD9,0x02,0xC2,0x00,0x15,
  0x00,0x00,0x53,0x36,0x36,0x16,0x16,0x07,0x06,0x06,0x15,0x27,0x32,0x16,0x15,0x14,0x06,0x23,0x22,0x26,0x35,0x34,0x36,0x36,
  0x6E,0x0E,0x22,0x19,0x03,0x10,0x17,0x10,0x04,0x28,0x32,0x2E,0x28,0x29,0x2E,0x0A,0x1D,0x02,0xAB,0x13,0x04,0x11,0x22,0x13,
  0x1B,0x36,0x15,0x28,0x2E,0x27,0x25,0x2F,0x37,0x31,0x1A,0x37,0x3B,0x00,0x00,0x01,0x00,0x2C,0x01,0x99,0x00,0xD9,0x02,0xC6,
  0x00,0x15,0x00,0x00,0x53,0x06,0x06,0x26,0x26,0x37,0x36,0x36,0x35,0x17,0x22,0x26,0x35,0x34,0x36,0x33,0x32,0x16,0x15,0x14,
  0x06,0x06,0x97,0x0F,0x22,0x19,0x02,0x10,0x16,0x10,0x05,0x28,0x32,0x2E,0x28,0x29,0x2E,0x0A,0x1C,0x01,0xB0,0x13,0x04,0x11,
  0x22,0x13,0x1B,0x36,0x15,0x29,0x2E,0x27,0x26,0x2F,0x36,0x32,0x1A,0x37,0x3B,0x00,0xFF,0xFF,0x00,0x2F,0x01,0x8E,0x01,0xB0,
  0x02,0xCA,0x04,0x26,0x00,0x5C,0x00,0x00,0x00,0x07,0x00,0x5C,0x00,0xE1,0x00,0x00,0x00,0x01,0x00,0x2F,0x01,0x8E,0x00,0xCF,
  0x02,0xCA,0x00,0x0E,0x00,0x00,0x53,0x22,0x26,0x27,0x27,0x26,0x36,0x33,0x32,0x16,0x16,0x07,0x07,0x06,0x06,0x80,0x16,0x20,
  0x03,0x14,0x04,0x2D,0x24,0x18,0x25,0x12,0x02,0x14,0x03,0x1F,0x01,0x8E,0x20,0x1A,0xAA,0x25,0x33,0x17,0x28,0x19,0xAA,0x1A,
  0x20,0x00,0x00,0x02,0x00,0x32,0xFF,0x5A,0x03,0x86,0x02,0xCC,0x00,0x4B,0x00,0x59,0x00,0x00,0x45,0x22,0x2E,0x02,0x35,0x34,
  0x3E,0x02,0x33,0x32,0x16,0x16,0x15,0x14,0x06,0x06,0x23,0x22,0x26,0x27,0x37,0x06,0x06,0x23,0x22,0x26,0x35,0x34,0x36,0x36,
  0x33,0x32,0x16,0x17,0x23,0x37,0x36,0x33,0x32,0x16,0x07,0x07,0x06,0x06,0x15,0x14,0x16,0x33,0x32,0x36,0x36,0x35,0x34,0x26,
  0x26,0x23,0x22,0x06,0x06,0x15,0x14,0x16,0x16,0x33,0x32,0x36,0x37,0x36,0x16,0x16,0x06,0x07,0x06,0x06,0x03,0x32,0x36,0x36,
  0x35,0x34,0x26,0x23,0x22,0x06,0x06,0x15,0x14,0x16,0x01,0xE7,0x61,0xA1,0x74,0x3F,0x41,0x79,0xA7,0x67,0x77,0xB3,0x62,0x31,
  0x58,0x3B,0x3E,0x46,0x06,0x26,0x19,0x5C,0x38,0x51,0x5A,0x37,0x60,0x3E,0x35,0x42,0x0D,0x14,0x08,0x09,0x33,0x1C,0x1A,0x05,
  0x1F,0x03,0x04,0x18,0x17,0x1E,0x2C,0x19,0x4A,0x88,0x61,0x6C,0x9E,0x58,0x53,0x96,0x67,0x3D,0x67,0x2B,0x15,0x22,0x0F,0x0A,
  0x15,0x2D,0x7D,0x6A,0x22,0x34,0x1D,0x25,0x27,0x23,0x35,0x1E,0x29,0xA6,0x3D,0x73,0x9E,0x61,0x66,0xA6,0x77,0x40,0x5D,0xA8,
  0x73,0x56,0x7F,0x44,0x42,0x3C,0x13,0x49,0x48,0x66,0x58,0x49,0x72,0x41,0x34,0x34,0x2E,0x32,0x1F,0x1D,0xAD,0x12,0x1D,0x0B,
  0x1E,0x1B,0x30,0x5A,0x39,0x5C,0x80,0x43,0x59,0xA2,0x6F,0x6A,0x9A,0x52,0x1C,0x1A,0x0D,0x0B,0x20,0x24,0x0D,0x1D,0x23,0x01,
  0x3D,0x2A,0x4D,0x32,0x2B,0x2D,0x28,0x46,0x30,0x30,0x33,0x00,0x00,0x03,0x00,0x36,0xFF,0xF5,0x02,0xBE,0x02,0xCC,0x00,0x37,
  0x00,0x45,0x00,0x54,0x00,0x00,0x45,0x22,0x26,0x26,0x35,0x34,0x3E,0x02,0x37,0x37,0x07,0x26,0x26,0x35,0x34,0x36,0x36,0x33,
  0x32,0x16,0x15,0x14,0x06,0x06,0x07,0x37,0x17,0x23,0x3E,0x02,0x37,0x36,0x36,0x33,0x32,0x16,0x07,0x0E,0x02,0x07,0x27,0x17,
  0x16,0x14,0x06,0x23,0x22,0x26,0x27,0x27,0x33,0x06,0x06,0x27,0x32,0x36,0x37,0x07,0x27,0x17,0x07,0x0E,0x02,0x15,0x14,0x16,
  0x13,0x22,0x06,0x15,0x14,0x16,0x16,0x17,0x27,0x3E,0x02,0x35,0x34,0x26,0x01,0x35,0x4E,0x73,0x3E,0x13,0x25,0x34,0x20,0x23,
  0x16,0x2A,0x27,0x34,0x5E,0x3E,0x56,0x64,0x1E,0x40,0x34,0x01,0xA0,0x21,0x0D,0x13,0x0E,0x04,0x06,0x1F,0x1D,0x1F,0x1F,0x04,
  0x06,0x18,0x23,0x16,0x01,0x5A,0x18,0x23,0x1E,0x1B,0x21,0x15,0x33,0x21,0x2D,0x77,0x38,0x2B,0x43,0x1D,0x04,0xCB,0x40,0x1B,
  0x1D,0x25,0x11,0x3C,0x46,0x20,0x26,0x0C,0x1B,0x18,0x20,0x27,0x2D,0x14,0x23,0x0B,0x32,0x58,0x3B,0x22,0x3B,0x31,0x2B,0x12,
  0x14,0x1F,0x28,0x50,0x2A,0x34,0x50,0x2C,0x57,0x4A,0x27,0x45,0x3D,0x1A,0x20,0xA4,0x14,0x30,0x36,0x1C,0x1E,0x1E,0x23,0x20,
  0x2D,0x52,0x47,0x1E,0x23,0x58,0x16,0x2E,0x1F,0x15,0x14,0x35,0x2C,0x34,0x75,0x20,0x1F,0x24,0xCA,0x04,0x0F,0x10,0x23,0x2A,
  0x19,0x2B,0x31,0x01,0xFB,0x25,0x20,0x11,0x1F,0x23,0x19,0x02,0x14,0x22,0x24,0x15,0x20,0x20,0x00,0x02,0x00,0x1E,0x01,0x8F,
  0x01,0x62,0x02,0xCB,0x00,0x0F,0x00,0x1B,0x00,0x00,0x53,0x22,0x26,0x26,0x35,0x34,0x36,0x36,0x33,0x32,0x16,0x16,0x15,0x14,
  0x06,0x06,0x27,0x32,0x36,0x35,0x34,0x26,0x23,0x22,0x06,0x15,0x14,0x16,0xC0,0x2E,0x4A,0x2A,0x2A,0x4A,0x2E,0x2F,0x48,0x2B,
  0x2B,0x48,0x2F,0x20,0x2A,0x2A,0x20,0x20,0x2A,0x2A,0x01,0x8F,0x29,0x48,0x2E,0x2D,0x47,0x29,0x29,0x47,0x2D,0x2E,0x48,0x29,
  0x51,0x2C,0x22,0x20,0x2D,0x2D,0x20,0x22,0x2C,0x00,0x00,0x01,0x00,0x4C,0xFF,0x43,0x00,0xE3,0x02,0xCA,0x00,0x0C,0x00,0x00,
  0x57,0x22,0x26,0x35,0x11,0x34,0x36,0x33,0x32,0x16,0x15,0x11,0x14,0x97,0x24,0x27,0x27,0x24,0x24,0x28,0xBD,0x27,0x25,0x02,
  0xEE,0x26,0x27,0x27,0x26,0xFD,0x12,0x4C,0x00,0x01,0x00,0x21,0xFF,0x84,0x02,0x40,0x03,0x3D,0x00,0x49,0x00,0x00,0x45,0x22,
  0x26,0x35,0x35,0x17,0x26,0x26,0x27,0x26,0x26,0x3E,0x02,0x17,0x16,0x16,0x33,0x32,0x36,0x36,0x35,0x34,0x26,0x26,0x27,0x27,
  0x26,0x26,0x35,0x34,0x36,0x36,0x37,0x07,0x35,0x34,0x36,0x33,0x32,0x16,0x15,0x15,0x27,0x16,0x16,0x17,0x16,0x16,0x0E,0x02,
  0x27,0x26,0x26,0x23,0x22,0x06,0x15,0x14,0x16,0x17,0x17,0x16,0x16,0x15,0x14,0x06,0x06,0x07,0x37,0x15,0x14,0x06,0x01,0x36,
  0x1A,0x22,0x1B,0x45,0x66,0x22,0x16,0x11,0x04,0x18,0x27,0x19,0x18,0x56,0x3E,0x2E,0x38,0x19,0x11,0x29,0x22,0x6E,0x5C,0x5A,
  0x3B,0x69,0x47,0x19,0x22,0x1A,0x19,0x22,0x19,0x29,0x5F,0x23,0x13,0x0F,0x07,0x18,0x27,0x1A,0x1B,0x40,0x2F,0x3B,0x41,0x27,
  0x31,0x6F,0x5F,0x5B,0x3A,0x66,0x44,0x15,0x21,0x7C,0x23,0x19,0x52,0x18,0x02,0x1E,0x12,0x0B,0x26,0x29,0x1F,0x0A,0x0D,0x0D,
  0x1B,0x15,0x22,0x16,0x12,0x1C,0x15,0x07,0x18,0x14,0x61,0x4D,0x3C,0x5E,0x3A,0x06,0x10,0x4C,0x19,0x23,0x23,0x19,0x4C,0x12,
  0x02,0x1B,0x19,0x0C,0x24,0x24,0x1B,0x07,0x0D,0x0D,0x12,0x30,0x26,0x1C,0x22,0x0B,0x18,0x15,0x5E,0x4B,0x3B,0x5B,0x38,0x08,
  0x17,0x53,0x19,0x23,0x00,0x01,0x00,0x2F,0x00,0x1F,0x02,0x29,0x02,0x19,0x00,0x1F,0x00,0x00,0x65,0x22,0x26,0x35,0x35,0x23,
  0x22,0x26,0x35,0x34,0x36,0x33,0x33,0x35,0x34,0x36,0x33,0x32,0x16,0x15,0x15,0x33,0x32,0x16,0x15,0x14,0x06,0x23,0x23,0x15,
  0x14,0x06,0x01,0x2C,0x1A,0x1C,0x92,0x19,0x1C,0x1C,0x19,0x92,0x1C,0x1B,0x1A,0x1B,0x92,0x1A,0x1B,0x1B,0x1A,0x92,0x1B,0x1F,
  0x1D,0x1A,0x95,0x1B,0x19,0x19,0x1B,0x8F,0x1B,0x1C,0x1C,0x1B,0x8F,0x1B,0x19,0x19,0x1B,0x95,0x1A,0x1D,0x00,0x02,0x00,0x2F,
  0x00,0x88,0x02,0x29,0x01,0xB7,0x00,0x0D,0x00,0x1B,0x00,0x00,0x53,0x22,0x26,0x35,0x34,0x36,0x33,0x21,0x32,0x16,0x15,0x14,
  0x06,0x23,0x05,0x22,0x26,0x35,0x34,0x36,0x33,0x21,0x32,0x16,0x15,0x14,0x06,0x23,0x64,0x19,0x1C,0x1C,0x19,0x01,0x90,0x1A,
  0x1B,0x1B,0x1A,0xFE,0x70,0x19,0x1C,0x1C,0x19,0x01,0x90,0x1A,0x1B,0x1B,0x1A,0x01,0x4F,0x1B,0x19,0x19,0x1B,0x1B,0x19,0x19,
  0x1B,0xC7,0x1B,0x19,0x18,0x1B,0x1B,0x18,0x1A,0x1A,0x00,0x01,0x00,0x27,0x00,0x2E,0x02,0x27,0x02,0x11,0x00,0x15,0x00,0x00,
  0x77,0x06,0x2E,0x02,0x36,0x37,0x25,0x15,0x25,0x26,0x26,0x3E,0x02,0x17,0x05,0x16,0x15,0x14,0x06,0x07,0x70,0x14,0x20,0x12,
  0x03,0x11,0x13,0x01,0xAD,0xFE,0x53,0x13,0x11,0x03,0x12,0x20,0x14,0x01,0x81,0x36,0x1B,0x1B,0x36,0x08,0x0A,0x1A,0x20,0x1D,
  0x08,0xAD,0x4A,0xAC,0x08,0x1D,0x21,0x1A,0x0B,0x08,0x9E,0x16,0x35,0x1B,0x26,0x0C,0x00,0x01,0x00,0x32,0x00,0x2E,0x02,0x31,
  0x02,0x11,0x00,0x15,0x00,0x00,0x65,0x25,0x26,0x35,0x34,0x36,0x37,0x25,0x36,0x1E,0x02,0x06,0x07,0x05,0x35,0x05,0x16,0x16,
  0x0E,0x02,0x01,0xE9,0xFE,0x7F,0x36,0x1B,0x1B,0x01,0x81,0x14,0x1F,0x13,0x02,0x10,0x13,0xFE,0x53,0x01,0xAD,0x13,0x10,0x02,
  0x13,0x1F,0x36,0x9D,0x16,0x37,0x1B,0x25,0x0B,0x9E,0x08,0x0B,0x1A,0x21,0x1D,0x08,0xAC,0x4A,0xAD,0x08,0x1D,0x20,0x1A,0x0A,
  0x00,0x01,0x00,0x3D,0x00,0xCC,0x02,0x1C,0x01,0x73,0x00,0x21,0x00,0x00,0x65,0x22,0x26,0x27,0x26,0x26,0x23,0x22,0x06,0x07,
  0x06,0x06,0x26,0x26,0x37,0x36,0x36,0x33,0x32,0x16,0x17,0x16,0x16,0x33,0x32,0x36,0x37,0x36,0x36,0x16,0x16,0x07,0x06,0x06,
  0x01,0x96,0x18,0x34,0x25,0x23,0x29,0x0E,0x0F,0x1D,0x0D,0x0E,0x24,0x1B,0x08,0x0D,0x16,0x3E,0x24,0x18,0x37,0x23,0x1E,0x2C,
  0x0F,0x0F,0x1D,0x0D,0x0F,0x23,0x1C,0x08,0x0D,0x17,0x3F,0xCC,0x11,0x12,0x13,0x0F,0x0B,0x12,0x13,0x02,0x16,0x24,0x13,0x23,
  0x24,0x11,0x12,0x10,0x12,0x0C,0x11,0x13,0x01,0x15,0x24,0x13,0x23,0x24,0x00,0x01,0x00,0x3A,0x00,0x83,0x02,0x1F,0x02,0x7D,
  0x00,0x15,0x00,0x00,0x77,0x22,0x26,0x37,0x13,0x36,0x36,0x33,0x32,0x17,0x13,0x16,0x06,0x23,0x22,0x26,0x27,0x03,0x33,0x03,
  0x06,0x06,0x74,0x24,0x16,0x0B,0x9E,0x0B,0x23,0x1B,0x34,0x15,0x9E,0x0C,0x17,0x24,0x13,0x1A,0x0A,0xA5,0x49,0xA6,0x0A,0x19,
  0x83,0x2A,0x1D,0x01,0x81,0x1A,0x18,0x32,0xFE,0x7F,0x1D,0x2A,0x13,0x1A,0x01,0x9B,0xFE,0x65,0x1A,0x13,0x00,0x05,0x00,0x25,
  0xFF,0xEC,0x03,0x96,0x02,0xD6,0x00,0x0D,0x00,0x1B,0x00,0x29,0x00,0x37,0x00,0x45,0x00,0x00,0x65,0x06,0x06,0x2E,0x02,0x37,
  0x01,0x36,0x36,0x1E,0x02,0x07,0x01,0x22,0x26,0x35,0x34,0x36,0x36,0x33,0x32,0x16,0x15,0x14,0x06,0x06,0x27,0x32,0x36,0x36,
  0x35,0x34,0x26,0x23,0x22,0x06,0x06,0x15,0x14,0x16,0x01,0x22,0x26,0x35,0x34,0x36,0x36,0x33,0x32,0x16,0x15,0x14,0x06,0x06,
  0x27,0x32,0x36,0x36,0x35,0x34,0x26,0x23,0x22,0x06,0x06,0x15,0x14,0x16,0x01,0x5A,0x0C,0x22,0x22,0x17,0x06,0x0C,0x01,0x67,
  0x0C,0x22,0x21,0x18,0x06,0x0C,0xFE,0x1B,0x57,0x60,0x2B,0x53,0x39,0x56,0x61,0x2B,0x52,0x3A,0x14,0x1B,0x0F,0x21,0x1D,0x14,
  0x1C,0x0E,0x20,0x02,0x21,0x57,0x60,0x2C,0x52,0x39,0x56,0x61,0x2B,0x52,0x3A,0x14,0x1B,0x0F,0x21,0x1D,0x14,0x1B,0x0F,0x20,
  0x0D,0x14,0x0D,0x08,0x19,0x24,0x14,0x02,0x6E,0x15,0x0E,0x09,0x19,0x24,0x14,0xFE,0xA1,0x75,0x63,0x43,0x60,0x34,0x75,0x62,
  0x42,0x61,0x35,0x60,0x19,0x35,0x2A,0x3F,0x37,0x18,0x33,0x2B,0x40,0x38,0xFE,0x78,0x76,0x63,0x42,0x60,0x34,0x74,0x62,0x42,
  0x62,0x35,0x61,0x18,0x36,0x2A,0x3F,0x37,0x18,0x34,0x2A,0x41,0x37,0x00,0x00,0x01,0xFF,0x5F,0x02,0x1E,0x00,0x21,0x03,0x0E,
  0x00,0x0C,0x00,0x00,0x43,0x27,0x26,0x3E,0x02,0x16,0x17,0x17,0x16,0x06,0x06,0x26,0x36,0x5E,0x0D,0x06,0x1A,0x25,0x23,0x0A,
  0x47,0x09,0x0C,0x1E,0x22,0x02,0x32,0x82,0x14,0x23,0x19,0x0A,0x0C,0x16,0x8D,0x12,0x1F,0x10,0x04,0x00,0xFF,0xFF,0x00,0x62,
  0x02,0x1E,0x01,0x24,0x03,0x0E,0x04,0x07,0x00,0x69,0x01,0x03,0x00,0x00,0x00,0x00,0x00,0x00,0x00,0x05,0x00,0x42,0x00,0x03,
  0x00,0x01,0x04,0x09,0x00,0x02,0x00,0x0E,0x00,0x00,0x00,0x03,0x00,0x01,0x04,0x09,0x01,0x00,0x00,0x0C,0x00,0x0E,0x00,0x03,
  0x00,0x01,0x04,0x09,0x01,0x01,0x00,0x0C,0x00,0x1A,0x00,0x03,0x00,0x01,0x04,0x09,0x01,0x08,0x00,0x12,0x00,0x26,0x00,0x03,
  0x00,0x01,0x04,0x09,0x01,0x21,0x00,0x0A,0x00,0x38,0x00,0x52,0x00,0x65,0x00,0x67,0x00,0x75,0x00,0x6C,0x00,0x61,0x00,0x72,
  0x00,0x57,0x00,0x65,0x00,0x69,0x00,0x67,0x00,0x68,0x00,0x74,0x00,0x49,0x00,0x74,0x00,0x61,0x00,0x6C,0x00,0x69,0x00,0x63,
  0x00,0x45,0x00,0x78,0x00,0x74,0x00,0x72,0x00,0x61,0x00,0x42,0x00,0x6F,0x00,0x6C,0x00,0x64,0x00,0x52,0x00,0x6F,0x00,0x6D,
  0x00,0x61,0x00,0x6E,0x00,0x03,0x00,0x00,0x00,0x00,0x00,0x00,0xFF,0xB0,0x00,0x1C,0x00,0x00,0x00,0x00,0x00,0x00,0x00,0x00,
  0x00,0x00,0x00,0x00,0x00,0x00,0x00,0x00,0x00,0x00,0x00,0x00,0x00,0x01,0x00,0x01,0xFF,0xFF,0x00,0x0F,0x00,0x01,0x00,0x00,
  0x00,0x0C,0x00,0x00,0x00,0x22,0x00,0x00,0x00,0x02,0x00,0x03,0x00,0x01,0x00,0x23,0x00,0x01,0x00,0x25,0x00,0x34,0x00,0x01,
  0x00,0x35,0x00,0x36,0x00,0x02,0x00,0x08,0x00,0x02,0x00,0x10,0x00,0x18,0x00,0x01,0x00,0x02,0x00,0x35,0x00,0x36,0x00,0x01,
  0x00,0x04,0x00,0x01,0x01,0x41,0x00,0x01,0x00,0x04,0x00,0x01,0x01,0x66,0x00,0x00,0x00,0x01,0x00,0x00,0x00,0x0A,0x00,0x2A,
  0x00,0x38,0x00,0x03,0x44,0x46,0x4C,0x54,0x00,0x14,0x63,0x79,0x72,0x6C,0x00,0x14,0x6C,0x61,0x74,0x6E,0x00,0x14,0x00,0x04,
  0x00,0x00,0x00,0x00,0xFF,0xFF,0x00,0x01,0x00,0x00,0x00,0x01,0x6B,0x65,0x72,0x6E,0x00,0x08,0x00,0x00,0x00,0x01,0x00,0x00,
  0x00,0x01,0x00,0x04,0x00,0x02,0x00,0x08,0x00,0x02,0x00,0x0A,0x00,0x58,0x00,0x01,0x00,0x1E,0x00,0x04,0x00,0x00,0x00,0x0A,
  0x00,0x36,0x00,0x3C,0x00,0x3C,0x00,0x3C,0x00,0x42,0x00,0x42,0x00,0x42,0x00,0x48,0x00,0x48,0x00,0x48,0x00,0x01,0x00,0x0A,
  0x00,0x11,0x00,0x30,0x00,0x31,0x00,0x33,0x00,0x42,0x00,0x43,0x00,0x50,0x00,0x51,0x00,0x53,0x00,0x55,0x00,0x01,0x00,0x24,
  0x00,0x19,0x00,0x01,0x00,0x2E,0x00,0x11,0x00,0x01,0x00,0x24,0x00,0x1A,0x00,0x01,0x00,0x24,0x00,0x4A,0x00,0x02,0x0E,0xFE,
  0x00,0x04,0x00,0x00,0x0F,0x26,0x0F,0xEC,0x00,0x31,0x00,0x27,0x00,0x00,0x00,0x00,0x00,0x00,0x00,0x00,0x00,0x00,0x00,0x00,
  0x00,0x00,0x00,0x00,0x00,0x00,0x00,0x00,0x00,0x00,0x00,0x00,0x00,0x00,0x00,0x00,0x00,0x00,0x00,0x00,0x00,0x00,0x00,0x00,
  0x00,0x00,0x00,0x00,0x00,0x00,0x00,0x00,0x00,0x00,0x00,0x00,0x00,0x00,0x00,0x00,0x00,0x00,0x00,0x00,0x00,0x00,0x00,0x00,
  0x00,0x00,0x00,0x00,0x00,0x00,0x00,0x00,0x00,0x00,0x00,0x00,0xFF,0xF6,0x00,0x00,0x00,0x00,0x00,0x00,0x00,0x00,0x00,0x00,
  0x00,0x00,0x00,0x00,0xFF,0xEF,0x00,0x00,0x00,0x00,0x00,0x00,0x00,0x00,0x00,0x00,0xFF,0xD6,0x00,0x00,0x00,0x00,0x00,0x00,
  0xFF,0xD6,0x00,0x00,0xFF,0xED,0xFF,0xD9,0xFF,0xF1,0x00,0x00,0x00,0x00,0x00,0x00,0xFF,0xFD,0xFF,0xF9,0xFF,0xDE,0x00,0x00,
  0x00,0x00,0x00,0x19,0x00,0x00,0xFF,0xE3,0x00,0x00,0x00,0x00,0x00,0x00,0xFF,0xF4,0x00,0x00,0xFF,0xF7,0xFF,0xF6,0x00,0x00,
  0x00,0x00,0x00,0x00,0x00,0x00,0x00,0x00,0x00,0x00,0x00,0x00,0x00,0x00,0x00,0x00,0x00,0x00,0xFF,0xF4,0x00,0x00,0x00,0x00,
  0x00,0x00,0x00,0x0F,0xFF,0xFB,0x00,0x00,0xFF,0xF7,0x00,0x00,0xFF,0xF1,0x00,0x00,0x00,0x00,0xFF,0xFB,0x00,0x00,0xFF,0xDF,
  0xFF,0xF6,0x00,0x00,0x00,0x00,0x00,0x00,0x00,0x00,0x00,0x00,0x00,0x00,0x00,0x00,0xFF,0xE5,0x00,0x00,0xFF,0xDD,0x00,0x00,
  0xFF,0xE7,0x00,0x00,0xFF,0xF2,0x00,0x00,0x00,0x00,0x00,0x00,0x00,0x00,0x00,0x00,0x00,0x00,0x00,0x00,0x00,0x00,0x00,0x00,
  0x00,0x00,0x00,0x00,0x00,0x00,0x00,0x00,0x00,0x00,0x00,0x00,0x00,0x00,0x00,0x00,0x00,0x00,0x00,0x00,0x00,0x00,0x00,0x00,
  0x00,0x00,0x00,0x00,0x00,0x00,0x00,0x00,0x00,0x00,0x00,0x00,0x00,0x00,0x00,0x00,0x00,0x00,0x00,0x00,0x00,0x00,0x00,0x00,
  0x00,0x00,0x00,0x00,0x00,0x00,0x00,0x00,0x00,0x00,0x00,0x00,0x00,0x00,0x00,0x00,0x00,0x00,0x00,0x00,0x00,0x00,0x00,0x00,
  0x00,0x00,0x00,0x00,0x00,0x00,0x00,0x00,0x00,0x00,0x00,0x00,0x00,0x00,0x00,0x00,0x00,0x00,0x00,0x00,0x00,0x00,0x00,0x00,
  0x00,0x00,0x00,0x00,0x00,0x00,0x00,0x00,0x00,0x00,0x00,0x25,0x00,0x00,0x00,0x00,0x00,0x00,0x00,0x00,0x00,0x00,0x00,0x00,
  0x00,0x00,0x00,0x00,0x00,0x1B,0x00,0x00,0x00,0x00,0x00,0x00,0x00,0x00,0x00,0x00,0x00,0x00,0x00,0x00,0xFF,0xFE,0x00,0x00,
  0x00,0x00,0x00,0x00,0xFF,0xF4,0x00,0x00,0x00,0x00,0x00,0x00,0xFF,0xF9,0xFF,0xF6,0x00,0x00,0xFF,0xFD,0xFF,0xFD,0xFF,0xFB,
  0x00,0x00,0x00,0x00,0x00,0x00,0x00,0x0A,0x00,0x00,0xFF,0xFD,0xFF,0xFB,0x00,0x00,0x00,0x00,0x00,0x07,0x00,0x0F,0x00,0x00,
  0x00,0x00,0x00,0x00,0x00,0x00,0xFF,0xFD,0x00,0x00,0x00,0x00,0x00,0x00,0x00,0x09,0x00,0x00,0x00,0x08,0x00,0x20,0x00,0x00,
  0x00,0x00,0x00,0x00,0x00,0x00,0x00,0x00,0x00,0x00,0x00,0x00,0x00,0x00,0x00,0x00,0x00,0x00,0xFF,0xF7,0x00,0x00,0x00,0x00,
  0x00,0x00,0x00,0x0E,0xFF,0xFD,0x00,0x00,0xFF,0xF6,0x00,0x00,0x00,0x00,0x00,0x00,0x00,0x00,0xFF,0xFD,0x00,0x00,0xFF,0xE5,
  0xFF,0xF6,0x00,0x00,0x00,0x00,0x00,0x00,0x00,0x00,0x00,0x00,0x00,0x00,0x00,0x00,0xFF,0xEC,0x00,0x00,0xFF,0xE0,0x00,0x00,
  0xFF,0xF6,0x00,0x0C,0xFF,0xFE,0x00,0x00,0xFF,0xFB,0x00,0x00,0xFF,0xEF,0x00,0x00,0x00,0x00,0x00,0x00,0x00,0x00,0xFF,0xFB,
  0xFF,0xE3,0xFF,0xF7,0xFF,0xBF,0xFF,0xF7,0xFF,0xEF,0xFF,0xEF,0xFF,0xB1,0xFF,0xFD,0xFF,0xC1,0x00,0x14,0xFF,0xF6,0x00,0x00,
  0xFF,0xF4,0x00,0x00,0xFF,0xC5,0x00,0x00,0x00,0x14,0x00,0x00,0x00,0x00,0x00,0x00,0x00,0x00,0xFF,0xF3,0x00,0x00,0xFF,0xB6,
  0x00,0x00,0xFF,0xA9,0x00,0x00,0xFF,0xC3,0x00,0x1E,0xFF,0xE8,0x00,0x00,0x00,0x00,0x00,0x00,0x00,0x00,0x00,0x00,0x00,0x00,
  0x00,0x00,0x00,0x00,0x00,0x00,0xFF,0xFB,0x00,0x00,0x00,0x00,0x00,0x00,0x00,0x00,0x00,0x00,0x00,0x00,0x00,0x00,0x00,0x00,
  0x00,0x00,0x00,0x00,0x00,0x00,0x00,0x00,0x00,0x00,0xFF,0xEF,0x00,0x00,0x00,0x00,0x00,0x00,0x00,0x00,0x00,0x00,0x00,0x00,
  0x00,0x00,0x00,0x00,0xFF,0xEF,0x00,0x00,0xFF,0xE3,0x00,0x00,0xFF,0xF2,0x00,0x00,0x00,0x00,0x00,0x00,0x00,0x00,0x00,0x00,
  0x00,0x00,0x00,0x00,0xFF,0xFB,0x00,0x00,0x00,0x00,0x00,0x00,0x00,0x00,0x00,0x00,0x00,0x00,0x00,0x00,0x00,0x00,0x00,0x00,
  0x00,0x00,0x00,0x00,0x00,0x00,0xFF,0xEC,0x00,0x00,0x00,0x00,0x00,0x00,0x00,0x00,0x00,0x00,0x00,0x00,0xFF,0xE9,0x00,0x00,
  0x00,0x00,0x00,0x00,0x00,0x00,0xFF,0xF9,0x00,0x00,0x00,0x00,0x00,0x00,0x00,0x00,0x00,0x00,0x00,0x00,0xFF,0xF6,0x00,0x00,
  0x00,0x00,0xFF,0xF4,0x00,0x00,0x00,0x00,0x00,0x00,0x00,0x00,0x00,0x00,0x00,0x00,0x00,0x00,0x00,0x2B,0x00,0x00,0x00,0x00,
  0xFF,0xF6,0xFF,0xEF,0x00,0x11,0x00,0x00,0xFF,0xF7,0x00,0x00,0xFF,0xD1,0x00,0x00,0xFF,0xF6,0x00,0x09,0x00,0x00,0x00,0x0D,
  0x00,0x00,0x00,0x00,0x00,0x00,0x00,0x00,0x00,0x00,0x00,0x00,0x00,0x00,0xFF,0xF9,0x00,0x17,0x00,0x00,0x00,0x0A,0x00,0x00,
  0xFF,0xEF,0xFF,0xE9,0xFF,0xF6,0x00,0x00,0x00,0x00,0x00,0x00,0x00,0x00,0x00,0x00,0xFF,0xF9,0x00,0x00,0x00,0x00,0x00,0x00,
  0xFF,0xF7,0x00,0x00,0xFF,0xED,0xFF,0xFD,0x00,0x07,0xFF,0xF9,0xFF,0xF1,0xFF,0xFD,0xFF,0xF2,0xFF,0xF6,0xFF,0xF7,0x00,0x00,
  0xFF,0xF9,0x00,0x00,0xFF,0xE9,0x00,0x00,0xFF,0xF9,0x00,0x00,0x00,0x00,0x00,0x00,0x00,0x00,0xFF,0xF6,0x00,0x00,0xFF,0xEB,
  0x00,0x00,0xFF,0xF9,0x00,0x00,0x00,0x00,0x00,0x05,0xFF,0xFD,0x00,0x00,0xFF,0xAB,0x00,0x2B,0xFF,0xD6,0x00,0x00,0xFF,0xBF,
  0xFF,0xB1,0xFF,0xB3,0x00,0x00,0xFF,0xB6,0xFF,0xEA,0x00,0x07,0xFF,0xAE,0xFF,0xC9,0xFF,0xD9,0x00,0x13,0xFF,0xAE,0x00,0x03,
  0xFF,0xBA,0x00,0x00,0xFF,0xB1,0xFF,0xDB,0x00,0x00,0x00,0x0A,0x00,0x25,0xFF,0xD3,0x00,0x00,0xFF,0xD8,0x00,0x00,0x00,0x00,
  0x00,0x00,0xFF,0xF6,0x00,0x17,0x00,0x00,0x00,0x13,0x00,0x36,0x00,0x27,0xFF,0xE9,0xFF,0xB0,0x00,0x00,0x00,0x00,0x00,0x00,
  0x00,0x00,0x00,0x00,0x00,0x00,0x00,0x00,0x00,0x00,0x00,0x00,0xFF,0xF6,0x00,0x00,0x00,0x00,0x00,0x00,0x00,0x00,0xFF,0xFB,
  0x00,0x00,0xFF,0xFB,0x00,0x00,0xFF,0xFB,0x00,0x00,0x00,0x00,0x00,0x00,0x00,0x00,0xFF,0xE5,0x00,0x00,0x00,0x00,0x00,0x00,
  0x00,0x00,0x00,0x00,0x00,0x00,0x00,0x00,0x00,0x00,0xFF,0xF9,0x00,0x00,0xFF,0xF6,0x00,0x00,0xFF,0xF6,0x00,0x00,0xFF,0xFB,
  0x00,0x00,0x00,0x0F,0x00,0x00,0x00,0x00,0x00,0x00,0xFF,0xEF,0x00,0x00,0x00,0x00,0x00,0x00,0xFF,0xEF,0xFF,0xEC,0xFF,0xC9,
  0x00,0x07,0x00,0x00,0x00,0x00,0xFF,0xCF,0xFF,0xF6,0xFF,0xCC,0xFF,0xD1,0x00,0x00,0x00,0x00,0x00,0x00,0x00,0x00,0xFF,0xD1,
  0x00,0x00,0xFF,0xE3,0x00,0x00,0xFF,0xED,0x00,0x00,0x00,0x00,0xFF,0xE9,0x00,0x00,0xFF,0xBD,0x00,0x00,0xFF,0xC7,0xFF,0xF6,
  0xFF,0xD6,0x00,0x00,0xFF,0xEA,0x00,0x00,0xFF,0xF6,0x00,0x00,0x00,0x00,0x00,0x00,0x00,0x00,0x00,0x00,0x00,0x00,0x00,0x00,
  0xFF,0xF7,0x00,0x00,0x00,0x00,0xFF,0xFB,0xFF,0xE3,0x00,0x00,0x00,0x00,0x00,0x00,0x00,0x00,0x00,0x00,0x00,0x00,0xFF,0xFB,
  0x00,0x00,0x00,0x00,0xFF,0xF9,0x00,0x00,0x00,0x00,0x00,0x00,0x00,0x00,0x00,0x00,0x00,0x00,0x00,0x00,0x00,0x00,0x00,0x00,
  0x00,0x00,0xFF,0xF9,0x00,0x00,0xFF,0xE5,0x00,0x00,0xFF,0xFB,0x00,0x00,0xFF,0xFB,0x00,0x00,0xFF,0xD9,0x00,0x00,0xFF,0xF4,
  0x00,0x00,0xFF,0xF6,0xFF,0xE3,0xFF,0xD1,0xFF,0xF3,0xFF,0x89,0x00,0x00,0xFF,0xDF,0xFF,0xDF,0xFF,0x7C,0x00,0x00,0xFF,0x95,
  0x00,0x0E,0x00,0x00,0x00,0x00,0xFF,0xEF,0x00,0x00,0xFF,0xBD,0x00,0x00,0x00,0x28,0x00,0x00,0x00,0x00,0x00,0x00,0x00,0x00,
  0xFF,0xEC,0x00,0x00,0xFF,0xC1,0x00,0x00,0xFF,0xB3,0x00,0x00,0xFF,0xB1,0x00,0x2A,0xFF,0xEC,0x00,0x00,0xFF,0xF2,0x00,0x00,
  0xFF,0xFB,0x00,0x00,0xFF,0xF2,0x00,0x00,0x00,0x00,0x00,0x00,0xFF,0xFD,0xFF,0xFD,0xFF,0xF7,0xFF,0xF6,0xFF,0xED,0x00,0x00,
  0xFF,0xEC,0xFF,0xF6,0xFF,0xF2,0x00,0x00,0xFF,0xFD,0xFF,0xF9,0x00,0x00,0x00,0x00,0xFF,0xFE,0x00,0x00,0x00,0x07,0x00,0x00,
  0x00,0x00,0x00,0x00,0x00,0x00,0xFF,0xF6,0x00,0x00,0x00,0x00,0x00,0x00,0x00,0x04,0x00,0x00,0x00,0x00,0x00,0x14,0xFF,0xF9,
  0x00,0x00,0xFF,0xFB,0x00,0x00,0xFF,0xF9,0x00,0x00,0x00,0x00,0x00,0x00,0x00,0x00,0x00,0x00,0xFF,0xF2,0x00,0x00,0x00,0x00,
  0xFF,0xFB,0xFF,0xFD,0xFF,0xF1,0x00,0x00,0x00,0x00,0x00,0x00,0x00,0x0A,0x00,0x00,0x00,0x00,0xFF,0xF4,0xFF,0xCE,0xFF,0xC8,
  0x00,0x3C,0x00,0x00,0xFF,0xF6,0x00,0x00,0x00,0x00,0xFF,0xE9,0x00,0x00,0xFF,0xFE,0xFF,0xD7,0xFF,0xEF,0xFF,0xD1,0x00,0x00,
  0xFF,0xE9,0x00,0x20,0x00,0x00,0x00,0x00,0xFF,0xF7,0x00,0x00,0x00,0x00,0x00,0x00,0x00,0x00,0x00,0x00,0x00,0x00,0x00,0x00,
  0x00,0x1E,0x00,0x00,0x00,0x00,0xFF,0xFB,0xFF,0xEE,0x00,0x1D,0x00,0x00,0x00,0x07,0x00,0x00,0xFF,0xE8,0x00,0x00,0xFF,0xFB,
  0x00,0x1D,0x00,0x00,0x00,0x20,0x00,0x0D,0x00,0x00,0x00,0x00,0x00,0x11,0x00,0x00,0x00,0x00,0x00,0x00,0xFF,0xEF,0x00,0x27,
  0x00,0x00,0x00,0x21,0x00,0x0D,0x00,0x00,0xFF,0xEF,0x00,0x05,0x00,0x00,0xFF,0xFB,0x00,0x00,0x00,0x00,0x00,0x0F,0x00,0x00,
  0x00,0x00,0x00,0x00,0x00,0x00,0x00,0x09,0x00,0x00,0x00,0x00,0x00,0x00,0xFF,0xFE,0xFF,0xDC,0x00,0x00,0x00,0x03,0x00,0x00,
  0x00,0x14,0x00,0x00,0x00,0x00,0xFF,0xFC,0x00,0x00,0x00,0x03,0x00,0x50,0x00,0x00,0x00,0x00,0x00,0x03,0x00,0x00,0x00,0x00,
  0x00,0x00,0x00,0x00,0x00,0x16,0x00,0x00,0x00,0x00,0x00,0x03,0x00,0x07,0x00,0x32,0x00,0x0A,0x00,0x00,0xFF,0xDD,0x00,0x00,
  0xFF,0xE8,0x00,0x00,0xFF,0xF3,0x00,0x00,0xFF,0xF2,0x00,0x00,0xFF,0xE5,0xFF,0xEF,0xFF,0xF3,0xFF,0xF6,0xFF,0xDD,0xFF,0xE5,
  0xFF,0xF6,0xFF,0xED,0xFF,0xED,0x00,0x0A,0xFF,0xF7,0xFF,0xED,0xFF,0xE5,0x00,0x00,0x00,0x00,0x00,0x00,0x00,0x00,0x00,0x00,
  0x00,0x00,0x00,0x00,0x00,0x00,0xFF,0xF3,0xFF,0xE8,0x00,0x00,0x00,0x00,0x00,0x00,0x00,0x00,0x00,0x14,0x00,0x11,0xFF,0xF6,
  0x00,0x00,0x00,0x00,0x00,0x00,0x00,0x00,0x00,0x00,0x00,0x00,0x00,0x00,0x00,0x00,0x00,0x00,0x00,0x00,0x00,0x00,0xFF,0xF1,
  0x00,0x00,0x00,0x00,0x00,0x00,0xFF,0xF2,0x00,0x00,0xFF,0xF6,0x00,0x00,0x00,0x00,0x00,0x00,0x00,0x00,0x00,0x00,0xFF,0xF6,
  0x00,0x00,0x00,0x00,0x00,0x00,0x00,0x00,0x00,0x00,0x00,0x00,0xFF,0xFB,0x00,0x00,0x00,0x00,0x00,0x00,0xFF,0xFC,0x00,0x00,
  0x00,0x00,0x00,0x00,0x00,0x00,0x00,0x00,0xFF,0xB1,0x00,0x00,0xFF,0xD6,0x00,0x35,0xFF,0xB1,0xFF,0xB1,0xFF,0xB3,0x00,0x00,
  0xFF,0xB3,0xFF,0xEA,0x00,0x0F,0xFF,0xB1,0xFF,0xCF,0xFF,0xDB,0x00,0x0E,0xFF,0xB1,0x00,0x11,0xFF,0xBC,0xFF,0xFE,0xFF,0xB1,
  0xFF,0xDD,0x00,0x00,0x00,0x0E,0x00,0x28,0xFF,0xC5,0x00,0x00,0xFF,0xE4,0x00,0x00,0x00,0x00,0x00,0x00,0xFF,0xE9,0x00,0x11,
  0x00,0x00,0x00,0x11,0x00,0x07,0x00,0x17,0xFF,0xCE,0xFF,0xB1,0x00,0x00,0xFF,0xF6,0x00,0x00,0x00,0x00,0x00,0x00,0x00,0x00,
  0x00,0x00,0x00,0x00,0x00,0x00,0x00,0x0A,0x00,0x00,0x00,0x00,0x00,0x00,0xFF,0xF6,0x00,0x03,0x00,0x00,0x00,0x00,0x00,0x00,
  0x00,0x0A,0x00,0x00,0xFF,0xFE,0x00,0x03,0x00,0x00,0x00,0x07,0x00,0x0A,0x00,0x00,0x00,0x00,0x00,0x07,0x00,0x00,0x00,0x00,
  0x00,0x00,0x00,0x00,0x00,0x00,0x00,0x00,0x00,0x00,0x00,0x00,0x00,0x00,0x00,0x0C,0x00,0x14,0x00,0x00,0x00,0x00,0x00,0x00,
  0x00,0x00,0x00,0x00,0x00,0x00,0x00,0x00,0x00,0x00,0x00,0x00,0x00,0x00,0x00,0x00,0x00,0x00,0x00,0x00,0x00,0x00,0x00,0x00,
  0x00,0x00,0x00,0x00,0x00,0x00,0xFF,0xF1,0x00,0x00,0x00,0x00,0x00,0x00,0x00,0x00,0x00,0x00,0x00,0x00,0xFF,0xEC,0x00,0x00,
  0x00,0x00,0x00,0x00,0x00,0x00,0x00,0x00,0x00,0x00,0x00,0x00,0x00,0x00,0x00,0x00,0x00,0x00,0x00,0x00,0x00,0x00,0x00,0x00,
  0x00,0x00,0xFF,0xBF,0x00,0x00,0xFF,0xED,0x00,0x2F,0xFF,0xC1,0xFF,0xC5,0xFF,0xCE,0x00,0x00,0xFF,0xE0,0xFF,0xF2,0x00,0x03,
  0xFF,0xBF,0xFF,0xCC,0xFF,0xEF,0x00,0x11,0xFF,0xC9,0x00,0x00,0xFF,0xC7,0x00,0x00,0xFF,0xC2,0xFF,0xED,0x00,0x00,0x00,0x0A,
  0x00,0x1E,0xFF,0xC5,0x00,0x00,0xFF,0xD8,0x00,0x00,0x00,0x00,0xFF,0xF1,0xFF,0xD8,0x00,0x0A,0x00,0x00,0x00,0x0D,0x00,0x0D,
  0x00,0x11,0xFF,0xEC,0xFF,0xC4,0x00,0x00,0xFF,0xF1,0x00,0x00,0xFF,0xF1,0x00,0x00,0xFF,0xF6,0x00,0x00,0xFF,0xF6,0x00,0x00,
  0xFF,0xE0,0xFF,0xF7,0x00,0x00,0xFF,0xF6,0xFF,0xEC,0xFF,0xEC,0x00,0x00,0xFF,0xE8,0xFF,0xF4,0x00,0x0A,0x00,0x00,0xFF,0xF6,
  0xFF,0xF6,0x00,0x00,0x00,0x07,0x00,0x14,0x00,0x14,0x00,0x00,0x00,0x00,0x00,0x00,0x00,0x00,0x00,0x00,0x00,0x00,0xFF,0xF9,
  0x00,0x00,0x00,0x00,0x00,0x00,0x00,0x07,0x00,0x17,0xFF,0xF1,0x00,0x00,0xFF,0xF1,0x00,0x00,0xFF,0xD9,0x00,0x00,0x00,0x14,
  0x00,0x00,0xFF,0xFB,0xFF,0xEC,0xFF,0xD1,0x00,0x0A,0xFF,0xBA,0x00,0x02,0xFF,0xD1,0xFF,0xE2,0xFF,0xBC,0x00,0x00,0xFF,0xC7,
  0x00,0x00,0x00,0x0A,0xFF,0xFE,0xFF,0xEC,0x00,0x00,0xFF,0xC7,0x00,0x00,0x00,0x25,0x00,0x00,0x00,0x00,0x00,0x00,0x00,0x00,
  0x00,0x0A,0x00,0x00,0xFF,0xC7,0x00,0x00,0xFF,0xBD,0x00,0x00,0xFF,0xB6,0x00,0x3F,0x00,0x11,0x00,0x00,0xFF,0xF8,0x00,0x00,
  0x00,0x00,0x00,0x00,0x00,0x00,0x00,0x00,0x00,0x00,0x00,0x00,0xFF,0xED,0x00,0x00,0x00,0x00,0xFF,0xF9,0xFF,0xE5,0xFF,0xEF,
  0x00,0x00,0xFF,0xFB,0x00,0x00,0x00,0x0E,0x00,0x00,0xFF,0xFB,0x00,0x00,0x00,0x00,0x00,0x0D,0x00,0x00,0x00,0x00,0x00,0x00,
  0x00,0x00,0x00,0x00,0x00,0x00,0x00,0x00,0x00,0x00,0x00,0x08,0x00,0x00,0x00,0x00,0x00,0x00,0xFF,0xEF,0x00,0x14,0xFF,0xEC,
  0x00,0x00,0x00,0x00,0x00,0x00,0x00,0x00,0x00,0x00,0x00,0x00,0x00,0x00,0x00,0x00,0x00,0x00,0x00,0x00,0x00,0x00,0x00,0x00,
  0x00,0x00,0x00,0x00,0x00,0x00,0x00,0x00,0x00,0x00,0x00,0x00,0x00,0x00,0x00,0x00,0x00,0x00,0x00,0x00,0x00,0x00,0x00,0x00,
  0x00,0x00,0x00,0x00,0x00,0x00,0x00,0x00,0x00,0x00,0x00,0x00,0x00,0x00,0x00,0x00,0x00,0x00,0x00,0x00,0x00,0x00,0x00,0x00,
  0x00,0x00,0x00,0x00,0x00,0x00,0x00,0x00,0xFF,0xDF,0x00,0x00,0x00,0x00,0x00,0x25,0xFF,0xC5,0x00,0x00,0x00,0x00,0x00,0x00,
  0x00,0x0D,0x00,0x05,0x00,0x0A,0xFF,0xE5,0xFF,0xD1,0x00,0x07,0x00,0x0E,0x00,0x00,0x00,0x0A,0xFF,0xC7,0x00,0x00,0x00,0x00,
  0x00,0x07,0x00,0x00,0x00,0x00,0x00,0x0A,0xFF,0xBF,0x00,0x00,0xFF,0xF2,0x00,0x00,0x00,0x00,0x00,0x00,0x00,0x00,0x00,0x00,
  0x00,0x00,0x00,0x00,0x00,0x00,0x00,0x0D,0xFF,0xA3,0x00,0x0A,0x00,0x00,0xFF,0xF6,0x00,0x00,0xFF,0xF9,0x00,0x00,0x00,0x00,
  0x00,0x00,0x00,0x00,0x00,0x00,0x00,0x00,0x00,0x00,0x00,0x25,0x00,0x00,0x00,0x00,0x00,0x00,0x00,0x28,0x00,0x00,0x00,0x1E,
  0x00,0x00,0x00,0x14,0x00,0x00,0x00,0x00,0x00,0x00,0x00,0x0A,0x00,0x28,0x00,0x00,0x00,0x00,0x00,0x00,0x00,0x27,0x00,0x00,
  0x00,0x0A,0x00,0x00,0x00,0x00,0x00,0x00,0x00,0x07,0x00,0x07,0x00,0x21,0x00,0x28,0x00,0x00,0x00,0x00,0x00,0x00,0x00,0x00,
  0x00,0x00,0x00,0x00,0xFF,0xFD,0x00,0x00,0x00,0x00,0x00,0x00,0x00,0x00,0x00,0x00,0xFF,0xF4,0x00,0x00,0x00,0x03,0x00,0x00,
  0xFF,0xF6,0x00,0x00,0xFF,0xF6,0xFF,0xF9,0x00,0x00,0x00,0x00,0x00,0x00,0x00,0x00,0xFF,0xFE,0x00,0x00,0xFF,0xFD,0x00,0x00,
  0x00,0x00,0x00,0x00,0x00,0x00,0xFF,0xF8,0x00,0x00,0x00,0x00,0x00,0x00,0x00,0x07,0x00,0x00,0x00,0x00,0x00,0x00,0x00,0x00,
  0x00,0x00,0xFF,0xF2,0x00,0x00,0xFF,0xE5,0x00,0x21,0xFF,0xE9,0x00,0x00,0xFF,0xF6,0xFF,0xF6,0xFF,0xE0,0xFF,0xEC,0xFF,0xEF,
  0xFF,0xF6,0xFF,0xDE,0xFF,0xED,0xFF,0xDB,0xFF,0xF3,0xFF,0xE9,0x00,0x11,0x00,0x04,0x00,0x00,0xFF,0xF2,0x00,0x00,0xFF,0xF9,
  0x00,0x0A,0x00,0x1E,0x00,0x00,0x00,0x00,0x00,0x00,0x00,0x00,0xFF,0xF6,0x00,0x00,0xFF,0xEF,0x00,0x00,0x00,0x00,0x00,0x1E,
  0x00,0x0D,0x00,0x21,0xFF,0xDE,0x00,0x00,0x00,0x00,0x00,0x00,0x00,0x00,0x00,0x00,0x00,0x00,0x00,0x00,0x00,0x00,0x00,0x00,
  0x00,0x00,0x00,0x00,0xFF,0xD8,0x00,0x00,0xFF,0xED,0x00,0x00,0xFF,0xE4,0x00,0x00,0xFF,0xDF,0x00,0x00,0x00,0x00,0x00,0x00,
  0x00,0x07,0x00,0x00,0xFF,0xF2,0x00,0x00,0x00,0x14,0x00,0x00,0x00,0x00,0x00,0x1A,0x00,0x00,0x00,0x00,0x00,0x00,0xFF,0xF6,
  0x00,0x00,0x00,0x00,0x00,0x00,0xFF,0xF6,0x00,0x35,0x00,0x00,0x00,0x00,0xFF,0xEF,0x00,0x00,0xFF,0xF6,0x00,0x28,0xFF,0xCB,
  0xFF,0xF6,0xFF,0xF2,0x00,0x00,0xFF,0xFB,0xFF,0xEE,0x00,0x03,0xFF,0xF3,0xFF,0xF7,0x00,0x00,0x00,0x0C,0xFF,0xDD,0x00,0x0A,
  0xFF,0xE0,0xFF,0xF6,0xFF,0xEC,0x00,0x00,0x00,0x00,0x00,0x0A,0x00,0x11,0xFF,0xCA,0x00,0x00,0x00,0x00,0x00,0x00,0x00,0x00,
  0xFF,0xF6,0x00,0x00,0x00,0x00,0x00,0x00,0x00,0x0E,0x00,0x07,0x00,0x0A,0xFF,0xE9,0xFF,0xF2,0x00,0x00,0xFF,0xE5,0x00,0x00,
  0xFF,0xFD,0x00,0x00,0xFF,0xB6,0xFF,0xF6,0xFF,0xF7,0x00,0x00,0x00,0x08,0x00,0x00,0xFF,0xFE,0xFF,0xE7,0xFF,0xE5,0x00,0x11,
  0xFF,0xEF,0xFF,0xEC,0x00,0x00,0xFF,0xCA,0xFF,0xEC,0xFF,0xEA,0x00,0x00,0x00,0x00,0x00,0x14,0xFF,0xF6,0xFF,0xBD,0x00,0x00,
  0xFF,0xFD,0x00,0x00,0x00,0x00,0xFF,0xE2,0xFF,0xF3,0x00,0x07,0x00,0x00,0x00,0x22,0x00,0x0C,0x00,0x07,0xFF,0xC7,0xFF,0xF1,
  0x00,0x00,0xFF,0xF7,0x00,0x00,0xFF,0xE3,0x00,0x1A,0xFF,0xF3,0x00,0x00,0x00,0x00,0xFF,0xF9,0xFF,0xE2,0xFF,0xF6,0xFF,0xFE,
  0xFF,0xF7,0xFF,0xE9,0xFF,0xE8,0x00,0x00,0xFF,0xEC,0xFF,0xF1,0x00,0x0A,0x00,0x00,0x00,0x00,0xFF,0xEA,0x00,0x00,0x00,0x00,
  0x00,0x0A,0x00,0x14,0x00,0x00,0x00,0x00,0x00,0x00,0x00,0x00,0x00,0x00,0x00,0x00,0xFF,0xF2,0x00,0x00,0x00,0x00,0x00,0x16,
  0x00,0x07,0x00,0x14,0xFF,0xE7,0x00,0x00,0xFF,0xF1,0x00,0x00,0x00,0x00,0x00,0x00,0x00,0x00,0x00,0x00,0x00,0x00,0x00,0x00,
  0xFF,0xEF,0x00,0x00,0xFF,0xDF,0x00,0x11,0x00,0x00,0x00,0x00,0xFF,0xE9,0x00,0x00,0xFF,0xD8,0x00,0x00,0x00,0x00,0x00,0x07,
  0x00,0x00,0x00,0x00,0x00,0x00,0x00,0x00,0x00,0x21,0x00,0x00,0x00,0x00,0x00,0x00,0x00,0x00,0xFF,0xF1,0x00,0x00,0x00,0x00,
  0x00,0x00,0x00,0x00,0x00,0x00,0x00,0x00,0x00,0x00,0x00,0x00,0x00,0x00,0xFF,0xE5,0x00,0x00,0x00,0x00,0x00,0x1B,0xFF,0xB6,
  0x00,0x00,0x00,0x00,0x00,0x00,0x00,0x17,0x00,0x00,0x00,0x17,0xFF,0xF9,0xFF,0xBD,0x00,0x17,0x00,0x11,0x00,0x00,0x00,0x0A,
  0xFF,0xCB,0xFF,0xF9,0x00,0x00,0x00,0x17,0x00,0x00,0x00,0x00,0x00,0x00,0xFF,0xC9,0x00,0x00,0xFF,0xF6,0x00,0x00,0x00,0x00,
  0xFF,0xF2,0x00,0x00,0x00,0x00,0x00,0x00,0x00,0x00,0xFF,0xF6,0x00,0x0A,0xFF,0x92,0x00,0x0F,0x00,0x00,0x00,0x00,0x00,0x00,
  0x00,0x00,0x00,0x00,0x00,0x00,0x00,0x00,0x00,0x00,0x00,0x00,0x00,0x00,0x00,0x00,0x00,0x00,0x00,0x00,0x00,0x00,0x00,0x00,
  0x00,0x00,0x00,0x00,0x00,0x00,0x00,0x00,0x00,0x00,0x00,0x00,0x00,0x00,0x00,0x00,0x00,0x00,0x00,0x00,0x00,0x00,0x00,0x00,
  0x00,0x00,0x00,0x00,0x00,0x00,0x00,0x00,0x00,0x00,0x00,0x00,0x00,0x00,0x00,0x00,0x00,0x00,0x00,0x00,0x00,0x00,0x00,0x00,
  0x00,0x00,0xFF,0xDD,0x00,0x00,0xFF,0xF4,0x00,0x00,0xFF,0xA9,0x00,0x00,0x00,0x00,0x00,0x00,0x00,0x0A,0x00,0x00,0x00,0x13,
  0xFF,0xE9,0xFF,0xC7,0x00,0x0C,0x00,0x11,0x00,0x00,0x00,0x0D,0xFF,0xBD,0x00,0x00,0xFF,0xF9,0x00,0x0A,0x00,0x00,0x00,0x00,
  0x00,0x07,0xFF,0xBD,0x00,0x00,0x00,0x00,0x00,0x00,0x00,0x00,0x00,0x00,0x00,0x00,0x00,0x00,0x00,0x00,0x00,0x00,0x00,0x00,
  0x00,0x17,0xFF,0x86,0xFF,0xF9,0x00,0x00,0x00,0x00,0x00,0x00,0x00,0x00,0x00,0x00,0x00,0x00,0x00,0x00,0x00,0x00,0x00,0x00,
  0x00,0x00,0x00,0x00,0xFF,0xF6,0x00,0x00,0xFF,0xF6,0x00,0x00,0xFF,0xF6,0x00,0x00,0xFF,0xF6,0x00,0x00,0x00,0x00,0x00,0x00,
  0x00,0x00,0x00,0x00,0x00,0x00,0x00,0x07,0x00,0x1E,0x00,0x00,0x00,0x00,0x00,0x00,0x00,0x00,0x00,0x00,0x00,0x00,0xFF,0xF6,
  0x00,0x00,0x00,0x00,0x00,0x00,0xFF,0xFD,0x00,0x0D,0x00,0x00,0x00,0x00,0xFF,0xF4,0x00,0x00,0x00,0x00,0x00,0x00,0x00,0x00,
  0x00,0x00,0x00,0x00,0x00,0x00,0xFF,0xF4,0x00,0x00,0x00,0x00,0xFF,0xFB,0xFF,0xF9,0xFF,0xE2,0x00,0x00,0xFF,0xF6,0x00,0x00,
  0xFF,0xE5,0x00,0x00,0xFF,0xFB,0xFF,0xE5,0x00,0x00,0x00,0x32,0x00,0x36,0x00,0x00,0x00,0x00,0x00,0x07,0x00,0x00,0x00,0x00,
  0x00,0x00,0xFF,0xF9,0x00,0x20,0x00,0x00,0x00,0x35,0x00,0x1B,0x00,0x32,0x00,0x00,0xFF,0xE9,0x00,0x00,0x00,0x00,0x00,0x00,
  0x00,0x00,0x00,0x00,0x00,0x00,0x00,0x00,0x00,0x00,0x00,0x00,0x00,0x00,0x00,0x00,0x00,0x00,0x00,0x00,0x00,0x00,0x00,0x00,
  0x00,0x00,0x00,0x00,0x00,0x00,0x00,0x00,0x00,0x00,0x00,0x00,0x00,0x00,0x00,0x00,0x00,0x00,0x00,0x00,0x00,0x00,0x00,0x00,
  0x00,0x00,0x00,0x0D,0x00,0x00,0x00,0x00,0x00,0x00,0x00,0x00,0x00,0x00,0x00,0x00,0x00,0x00,0x00,0x00,0x00,0x00,0x00,0x00,
  0x00,0x00,0x00,0x00,0x00,0x00,0x00,0x00,0x00,0x00,0x00,0x00,0x00,0x00,0x00,0x00,0x00,0x00,0x00,0x00,0x00,0x00,0x00,0x00,
  0x00,0x00,0xFF,0xF4,0x00,0x00,0x00,0x00,0x00,0x00,0x00,0x00,0xFF,0xAD,0x00,0x00,0x00,0x00,0x00,0x00,0x00,0x00,0x00,0x07,
  0x00,0x0C,0x00,0x00,0x00,0x00,0x00,0x00,0x00,0x00,0x00,0x00,0x00,0x00,0x00,0x00,0x00,0x07,0x00,0x00,0x00,0x11,0x00,0x00,
  0x00,0x12,0xFF,0xF6,0x00,0x00,0x00,0x00,0xFF,0xC4,0x00,0x00,0xFF,0xF6,0x00,0x00,0xFF,0xEC,0xFF,0xC4,0xFF,0xC4,0x00,0x00,
  0xFF,0xE2,0x00,0x00,0x00,0x21,0xFF,0xC4,0xFF,0xBD,0xFF,0xF6,0x00,0x28,0xFF,0xC4,0x00,0x28,0xFF,0x99,0x00,0x0D,0xFF,0xC4,
  0x00,0x00,0x00,0x00,0x00,0x01,0x00,0x28,0xFF,0xD8,0x00,0x00,0xFF,0xEC,0x00,0x00,0x00,0x00,0x00,0x0A,0x00,0x00,0x00,0x00,
  0x00,0x00,0x00,0x00,0x00,0x06,0x00,0x32,0xFF,0xD1,0xFF,0xCE,0x00,0x00,0xFF,0xF2,0x00,0x00,0x00,0x00,0x00,0x00,0x00,0x00,
  0x00,0x00,0x00,0x00,0x00,0x00,0xFF,0xF6,0x00,0x00,0x00,0x00,0xFF,0xFB,0xFF,0xEA,0x00,0x00,0x00,0x00,0xFF,0xFB,0x00,0x00,
  0x00,0x11,0x00,0x00,0xFF,0xFE,0x00,0x00,0x00,0x00,0x00,0x0A,0x00,0x00,0x00,0x00,0x00,0x00,0x00,0x00,0x00,0x00,0x00,0x00,
  0x00,0x00,0x00,0x00,0x00,0x0F,0x00,0x00,0xFF,0xF9,0x00,0x00,0xFF,0xE5,0x00,0x11,0x00,0x00,0x00,0x02,0x00,0x06,0x00,0x01,
  0x00,0x34,0x00,0x00,0x00,0x36,0x00,0x36,0x00,0x34,0x00,0x42,0x00,0x49,0x00,0x35,0x00,0x4B,0x00,0x51,0x00,0x3D,0x00,0x53,
  0x00,0x55,0x00,0x44,0x00,0x57,0x00,0x60,0x00,0x47,0x00,0x01,0x00,0x01,0x00,0x60,0x00,0x07,0x00,0x21,0x00,0x15,0x00,0x01,
  0x00,0x05,0x00,0x24,0x00,0x16,0x00,0x03,0x00,0x03,0x00,0x19,0x00,0x22,0x00,0x10,0x00,0x03,0x00,0x03,0x00,0x01,0x00,0x25,
  0x00,0x01,0x00,0x11,0x00,0x0B,0x00,0x17,0x00,0x09,0x00,0x1A,0x00,0x1A,0x00,0x26,0x00,0x0C,0x00,0x1B,0x00,0x08,0x00,0x02,
  0x00,0x18,0x00,0x04,0x00,0x06,0x00,0x2C,0x00,0x00,0x00,0x08,0x00,0x04,0x00,0x04,0x00,0x1D,0x00,0x12,0x00,0x08,0x00,0x08,
  0x00,0x02,0x00,0x02,0x00,0x2D,0x00,0x13,0x00,0x0D,0x00,0x14,0x00,0x00,0x00,0x0A,0x00,0x0A,0x00,0x30,0x00,0x0A,0x00,0x0F,
  0x00,0x00,0x00,0x12,0x00,0x00,0x00,0x00,0x00,0x00,0x00,0x00,0x00,0x00,0x00,0x00,0x00,0x00,0x00,0x00,0x00,0x00,0x00,0x00,
  0x00,0x00,0x00,0x1C,0x00,0x1C,0x00,0x23,0x00,0x23,0x00,0x2B,0x00,0x2E,0x00,0x0E,0x00,0x28,0x00,0x00,0x00,0x2F,0x00,0x29,
  0x00,0x0E,0x00,0x0E,0x00,0x0E,0x00,0x1C,0x00,0x20,0x00,0x00,0x00,0x20,0x00,0x0E,0x00,0x20,0x00,0x00,0x00,0x1F,0x00,0x1F,
  0x00,0x1F,0x00,0x1F,0x00,0x1E,0x00,0x1E,0x00,0x01,0x00,0x27,0x00,0x2A,0x00,0x03,0x00,0x01,0x00,0x01,0x00,0x68,0x00,0x05,
  0x00,0x02,0x00,0x03,0x00,0x02,0x00,0x02,0x00,0x02,0x00,0x03,0x00,0x02,0x00,0x02,0x00,0x19,0x00,0x02,0x00,0x02,0x00,0x02,
  0x00,0x02,0x00,0x03,0x00,0x02,0x00,0x03,0x00,0x02,0x00,0x0A,0x00,0x0F,0x00,0x08,0x00,0x11,0x00,0x11,0x00,0x1E,0x00,0x0B,
  0x00,0x13,0x00,0x14,0x00,0x04,0x00,0x01,0x00,0x01,0x00,0x01,0x00,0x15,0x00,0x01,0x00,0x04,0x00,0x04,0x00,0x1C,0x00,0x04,
  0x00,0x04,0x00,0x06,0x00,0x06,0x00,0x01,0x00,0x06,0x00,0x01,0x00,0x06,0x00,0x0C,0x00,0x0E,0x00,0x07,0x00,0x09,0x00,0x09,
  0x00,0x26,0x00,0x09,0x00,0x10,0x00,0x15,0x00,0x15,0x00,0x00,0x00,0x00,0x00,0x00,0x00,0x00,0x00,0x00,0x00,0x00,0x00,0x00,
  0x00,0x00,0x00,0x00,0x00,0x00,0x00,0x00,0x00,0x12,0x00,0x12,0x00,0x1B,0x00,0x1B,0x00,0x23,0x00,0x24,0x00,0x0D,0x00,0x20,
  0x00,0x00,0x00,0x25,0x00,0x21,0x00,0x0D,0x00,0x0D,0x00,0x0D,0x00,0x12,0x00,0x1A,0x00,0x18,0x00,0x0D,0x00,0x18,0x00,0x1A,
  0x00,0x18,0x00,0x17,0x00,0x17,0x00,0x17,0x00,0x17,0x00,0x16,0x00,0x16,0x00,0x03,0x00,0x1F,0x00,0x22,0x00,0x02,0x00,0x00,
  0x00,0x00,0x00,0x00,0x00,0x00,0x00,0x00,0x00,0x00,0x00,0x00,0x00,0x1D,0x00,0x00,0x00,0x01,0x00,0x00,0x00,0x0A,0x00,0x2A,
  0x00,0x38,0x00,0x03,0x44,0x46,0x4C,0x54,0x00,0x14,0x63,0x79,0x72,0x6C,0x00,0x14,0x6C,0x61,0x74,0x6E,0x00,0x14,0x00,0x04,
  0x00,0x00,0x00,0x00,0xFF,0xFF,0x00,0x01,0x00,0x00,0x00,0x01,0x6C,0x69,0x67,0x61,0x00,0x08,0x00,0x00,0x00,0x01,0x00,0x00,
  0x00,0x01,0x00,0x04,0x00,0x04,0x00,0x08,0x00,0x01,0x00,0x08,0x00,0x01,0x00,0x1A,0x00,0x01,0x00,0x08,0x00,0x02,0x00,0x06,
  0x00,0x0C,0x00,0x35,0x00,0x02,0x00,0x23,0x00,0x36,0x00,0x02,0x00,0x26,0x00,0x01,0x00,0x01,0x00,0x20,0x00,0x01,0x00,0x01,
  0x00,0x08,0x00,0x02,0x00,0x00,0x00,0x14,0x00,0x02,0x00,0x00,0x00,0x24,0x00,0x02,0x77,0x67,0x68,0x74,0x01,0x00,0x00,0x00,
  0x69,0x74,0x61,0x6C,0x01,0x01,0x00,0x01,0x00,0x04,0x00,0x10,0x00,0x01,0x00,0x00,0x00,0x00,0x01,0x08,0x03,0x20,0x00,0x00,
  0x00,0x03,0x00,0x01,0x00,0x02,0x01,0x21,0x00,0x00,0x00,0x00,0x00,0x01,0x00,0x00,
};
static const uint32_t FONT_NUNITO_EXTRABOLD_LEN = 17200;

// Nunito-Variable.ttf {'wght': 600} -> 17232 bytes
static const uint8_t FONT_NUNITO_SEMIBOLD[] PROGMEM = {
  0x00,0x01,0x00,0x00,0x00,0x0F,0x00,0x80,0x00,0x03,0x00,0x70,0x47,0x44,0x45,0x46,0x03,0x63,0x00,0xD4,0x00,0x00,0x31,0x0C,
  0x00,0x00,0x00,0x42,0x47,0x50,0x4F,0x53,0x99,0xB7,0xB0,0x18,0x00,0x00,0x31,0x50,0x00,0x00,0x11,0x56,0x47,0x53,0x55,0x42,
  0x90,0x65,0x8C,0x9A,0x00,0x00,0x42,0xA8,0x00,0x00,0x00,0x64,0x4F,0x53,0x2F,0x32,0x60,0x41,0xFB,0x69,0x00,0x00,0x01,0x78,
  0x00,0x00,0x00,0x60,0x53,0x54,0x41,0x54,0xE5,0x6E,0xCC,0x32,0x00,0x00,0x43,0x0C,0x00,0x00,0x00,0x44,0x63,0x6D,0x61,0x70,
  0x69,0x61,0x0A,0xCE,0x00,0x00,0x03,0x84,0x00,0x00,0x00,0xCE,0x67,0x61,0x73,0x70,0x00,0x00,0x00,0x10,0x00,0x00,0x31,0x04,
  0x00,0x00,0x00,0x08,0x67,0x6C,0x79,0x66,0x6F,0xC3,0x2D,0xD7,0x00,0x00,0x05,0x2C,0x00,0x00,0x2B,0x34,0x68,0x65,0x61,0x64,
  0x24,0xA4,0x35,0x56,0x00,0x00,0x00,0xFC,0x00,0x00,0x00,0x36,0x68,0x68,0x65,0x61,0x07,0x93,0x03,0x47,0x00,0x00,0x01,0x34,
  0x00,0x00,0x00,0x24,0x68,0x6D,0x74,0x78,0xDD,0x23,0x13,0x5A,0x00,0x00,0x01,0xD8,0x00,0x00,0x01,0xAC,0x6C,0x6F,0x63,0x61,
  0x4E,0x13,0x58,0x3C,0x00,0x00,0x04,0x54,0x00,0x00,0x00,0xD8,0x6D,0x61,0x78,0x70,0x00,0x75,0x00,0x9F,0x00,0x00,0x01,0x58,
  0x00,0x00,0x00,0x20,0x6E,0x61,0x6D,0x65,0x0B,0x06,0x1B,0x0C,0x00,0x00,0x30,0x60,0x00,0x00,0x00,0x82,0x70,0x6F,0x73,0x74,
  0xFF,0xB3,0x00,0x1C,0x00,0x00,0x30,0xE4,0x00,0x00,0x00,0x20,0x00,0x01,0x00,0x00,0x00,0x03,0x9A,0x1D,0xB7,0x12,0x42,0x1E,
  0x5F,0x0F,0x3C,0xF5,0x00,0x03,0x03,0xE8,0x00,0x00,0x00,0x00,0xDB,0x17,0xA5,0xD5,0x00,0x00,0x00,0x00,0xE6,0xD5,0xB2,0x0C,
  0xFF,0x6D,0xFF,0x3A,0x04,0x30,0x03,0x3B,0x00,0x00,0x00,0x06,0x00,0x02,0x00,0x00,0x00,0x00,0x00,0x00,0x00,0x01,0x00,0x00,
  0x03,0xF3,0xFE,0x9F,0x00,0x00,0x04,0x53,0xFF,0x6D,0xFF,0xE9,0x04,0x30,0x00,0x01,0x00,0x00,0x00,0x00,0x00,0x00,0x00,0x00,
  0x00,0x00,0x00,0x00,0x00,0x00,0x00,0x6B,0x00,0x01,0x00,0x00,0x00,0x6B,0x00,0x5A,0x00,0x05,0x00,0x43,0x00,0x02,0x00,0x01,
  0x00,0x00,0x00,0x00,0x00,0x00,0x00,0x00,0x00,0x00,0x00,0x00,0x00,0x02,0x00,0x01,0x00,0x04,0x02,0x4D,0x02,0x58,0x00,0x05,
  0x00,0x00,0x02,0x8A,0x02,0x58,0x00,0x00,0x00,0x4B,0x02,0x8A,0x02,0x58,0x00,0x00,0x01,0x5E,0x00,0x1C,0x01,0x22,0x00,0x00,
  0x00,0x00,0x00,0x00,0x00,0x00,0x00,0x00,0x00,0x00,0x80,0x00,0x00,0x03,0x00,0x00,0x00,0x00,0x00,0x00,0x00,0x00,0x00,0x00,
  0x00,0x00,0x4E,0x4F,0x4E,0x45,0x00,0xC0,0x00,0x20,0x20,0x1D,0x03,0xF3,0xFE,0x9F,0x00,0x00,0x04,0x35,0x01,0x2C,0x00,0x00,
  0x00,0x01,0x00,0x00,0x00,0x00,0x01,0xE4,0x02,0xC1,0x00,0x00,0x00,0x20,0x00,0x03,0x01,0xF4,0x00,0x32,0x02,0xE0,0x00,0x1E,
  0x02,0xAA,0x00,0x52,0x02,0xA4,0x00,0x3A,0x02,0xEF,0x00,0x52,0x02,0x4D,0x00,0x52,0x02,0x2A,0x00,0x52,0x02,0xDB,0x00,0x3A,
  0x02,0xFF,0x00,0x52,0x01,0x0C,0x00,0x52,0x01,0x52,0xFF,0xF3,0x02,0x83,0x00,0x52,0x02,0x28,0x00,0x52,0x03,0x5D,0x00,0x54,
  0x02,0xE7,0x00,0x52,0x03,0x07,0x00,0x3A,0x02,0x82,0x00,0x52,0x03,0x07,0x00,0x3A,0x02,0xA5,0x00,0x52,0x02,0x6E,0x00,0x30,
  0x02,0x63,0xFF,0xFD,0x02,0xDD,0x00,0x4D,0x02,0xBC,0x00,0x0D,0x04,0x53,0x00,0x25,0x02,0x94,0x00,0x26,0x02,0x5E,0x00,0x10,
  0x02,0x54,0x00,0x28,0x02,0x19,0x00,0x31,0x02,0x4F,0x00,0x47,0x01,0xD3,0x00,0x2A,0x02,0x4F,0x00,0x2A,0x02,0x19,0x00,0x2A,
  0x01,0x5B,0x00,0x03,0x02,0x52,0x00,0x2A,0x02,0x40,0x00,0x47,0x00,0xF3,0x00,0x3A,0x00,0xF6,0xFF,0xC7,0x02,0x04,0x00,0x47,
  0x01,0x32,0x00,0x47,0x03,0x62,0x00,0x49,0x02,0x40,0x00,0x47,0x02,0x35,0x00,0x2A,0x02,0x4F,0x00,0x47,0x02,0x4F,0x00,0x2A,
  0x01,0x75,0x00,0x47,0x01,0xE4,0x00,0x2B,0x01,0x6D,0xFF,0xFB,0x02,0x39,0x00,0x44,0x02,0x08,0x00,0x17,0x03,0x4E,0x00,0x21,
  0x02,0x16,0x00,0x2E,0x02,0x08,0x00,0x17,0x01,0xD4,0x00,0x2D,0x02,0x46,0x00,0x03,0x02,0x8E,0x00,0x03,0x02,0x58,0x00,0x30,
  0x02,0x58,0x00,0x6E,0x02,0x58,0x00,0x3D,0x02,0x58,0x00,0x2F,0x02,0x58,0x00,0x29,0x02,0x58,0x00,0x49,0x02,0x58,0x00,0x3A,
  0x02,0x58,0x00,0x36,0x02,0x58,0x00,0x2C,0x02,0x58,0x00,0x2F,0x01,0x08,0x00,0x00,0x00,0xED,0x00,0x37,0x00,0xED,0x00,0x37,
  0x00,0xED,0x00,0x37,0x00,0xED,0x00,0x37,0x00,0xED,0x00,0x37,0x01,0xC2,0x00,0x03,0x00,0xED,0x00,0x37,0x01,0xC4,0x00,0x1F,
  0x02,0x58,0x00,0x24,0x01,0x29,0xFF,0xF3,0x01,0x29,0xFF,0xF3,0x01,0xAD,0x00,0x3F,0x01,0xF4,0xFF,0xF9,0x03,0xE8,0xFF,0xF9,
  0x01,0xF4,0x00,0x0D,0x01,0x50,0x00,0x65,0x01,0x50,0x00,0x2B,0x01,0x72,0x00,0x27,0x01,0x72,0x00,0x02,0x01,0x4D,0x00,0x6C,
  0x01,0x4D,0x00,0x02,0x01,0xA0,0x00,0x37,0x01,0xA0,0x00,0x37,0x00,0xED,0x00,0x37,0x00,0xED,0x00,0x37,0x01,0xA1,0x00,0x3B,
  0x00,0xE7,0x00,0x3B,0x03,0xB4,0x00,0x3A,0x02,0xC4,0x00,0x3C,0x01,0x77,0x00,0x23,0x01,0x13,0x00,0x57,0x02,0x58,0x00,0x2B,
  0x02,0x58,0x00,0x31,0x02,0x58,0x00,0x31,0x02,0x58,0x00,0x2A,0x02,0x58,0x00,0x35,0x02,0x58,0x00,0x3C,0x02,0x58,0x00,0x39,
  0x03,0xA9,0x00,0x32,0x00,0x00,0xFF,0x6D,0x01,0x6E,0x00,0x62,0x00,0x00,0x00,0x02,0x00,0x00,0x00,0x03,0x00,0x00,0x00,0x14,
  0x00,0x03,0x00,0x01,0x00,0x00,0x00,0x14,0x00,0x04,0x00,0xBA,0x00,0x00,0x00,0x1A,0x00,0x10,0x00,0x03,0x00,0x0A,0x00,0x2F,
  0x00,0x39,0x00,0x40,0x00,0x5A,0x00,0x60,0x00,0x7A,0x00,0x7E,0x00,0xB0,0x00,0xB7,0x20,0x14,0x20,0x19,0x20,0x1D,0xFF,0xFF,
  0x00,0x00,0x00,0x20,0x00,0x30,0x00,0x3A,0x00,0x41,0x00,0x5B,0x00,0x61,0x00,0x7B,0x00,0xB0,0x00,0xB7,0x20,0x13,0x20,0x18,
  0x20,0x1C,0xFF,0xFF,0x00,0x00,0x00,0x07,0x00,0x00,0xFF,0xC0,0x00,0x00,0xFF,0xBA,0x00,0x00,0xFF,0xAF,0xFF,0x91,0xE0,0x3B,
  0xE0,0x41,0xE0,0x3B,0x00,0x01,0x00,0x1A,0x00,0x00,0x00,0x36,0x00,0x00,0x00,0x40,0x00,0x00,0x00,0x48,0x00,0x00,0x00,0x00,
  0x00,0x00,0x00,0x00,0x00,0x00,0x00,0x00,0x00,0x41,0x00,0x46,0x00,0x5B,0x00,0x4A,0x00,0x61,0x00,0x68,0x00,0x5E,0x00,0x5C,
  0x00,0x51,0x00,0x52,0x00,0x49,0x00,0x62,0x00,0x43,0x00,0x4D,0x00,0x42,0x00,0x4B,0x00,0x44,0x00,0x45,0x00,0x65,0x00,0x63,
  0x00,0x64,0x00,0x47,0x00,0x5D,0x00,0x55,0x00,0x4C,0x00,0x56,0x00,0x67,0x00,0x50,0x00,0x6A,0x00,0x53,0x00,0x60,0x00,0x54,
  0x00,0x66,0x00,0x00,0x00,0x00,0x00,0x00,0x00,0x3B,0x00,0x75,0x00,0xB3,0x00,0xDC,0x01,0x0B,0x01,0x34,0x01,0x7C,0x01,0xAC,
  0x01,0xC5,0x01,0xEB,0x02,0x26,0x02,0x44,0x02,0x83,0x02,0xB5,0x02,0xE6,0x03,0x10,0x03,0x57,0x03,0x99,0x03,0xEB,0x04,0x0F,
  0x04,0x3D,0x04,0x6A,0x04,0xAD,0x04,0xEF,0x05,0x1F,0x05,0x4F,0x05,0x9B,0x05,0xDC,0x06,0x1A,0x06,0x5B,0x06,0x9B,0x06,0xD6,
  0x07,0x29,0x07,0x5C,0x07,0x85,0x07,0xB9,0x07,0xED,0x08,0x16,0x08,0x62,0x08,0x95,0x08,0xC6,0x09,0x07,0x09,0x48,0x09,0x75,
  0x09,0xC0,0x09,0xFD,0x0A,0x30,0x0A,0x5C,0x0A,0xA2,0x0A,0xE0,0x0B,0x10,0x0B,0x3E,0x0B,0x91,0x0B,0x9D,0x0B,0xC6,0x0B,0xF5,
  0x0C,0x34,0x0C,0x8C,0x0C,0xC3,0x0D,0x0F,0x0D,0x5E,0x0D,0x87,0x0D,0xD9,0x0E,0x28,0x0E,0x28,0x0E,0x3E,0x0E,0x62,0x0E,0x88,
  0x0E,0xBC,0x0E,0xE7,0x0F,0x34,0x0F,0x4A,0x0F,0xA0,0x10,0x15,0x10,0x31,0x10,0x4D,0x10,0x65,0x10,0x7D,0x10,0x95,0x10,0xAD,
  0x10,0xD7,0x11,0x01,0x11,0x49,0x11,0x91,0x11,0xB5,0x11,0xD9,0x11,0xE5,0x11,0xF1,0x12,0x16,0x12,0x3B,0x12,0x47,0x12,0x64,
  0x12,0xE1,0x13,0x5C,0x13,0x88,0x13,0x9F,0x14,0x09,0x14,0x35,0x14,0x60,0x14,0x87,0x14,0xAF,0x14,0xE6,0x15,0x0D,0x15,0x76,
  0x15,0x91,0x15,0x9A,0x00,0x02,0x00,0x1E,0xFF,0xF9,0x02,0xC4,0x02,0xC8,0x00,0x1A,0x00,0x20,0x00,0x00,0x57,0x22,0x26,0x26,
  0x37,0x01,0x36,0x36,0x33,0x32,0x16,0x17,0x01,0x16,0x06,0x06,0x23,0x22,0x26,0x27,0x27,0x17,0x21,0x37,0x07,0x06,0x06,0x01,
  0x03,0x27,0x21,0x07,0x03,0x4E,0x14,0x18,0x04,0x08,0x01,0x0F,0x0A,0x1F,0x13,0x12,0x1F,0x0A,0x01,0x0F,0x09,0x04,0x16,0x14,
  0x16,0x1A,0x0A,0x46,0x2F,0xFE,0x56,0x2E,0x45,0x0A,0x18,0x01,0x0D,0x97,0x19,0x01,0x61,0x17,0x98,0x07,0x12,0x1E,0x13,0x02,
  0x60,0x18,0x14,0x14,0x18,0xFD,0xA0,0x13,0x1F,0x11,0x16,0x17,0xA2,0x1C,0x1C,0xA2,0x18,0x15,0x02,0x55,0xFE,0x9A,0x18,0x18,
  0x01,0x66,0x00,0x03,0x00,0x52,0x00,0x00,0x02,0x70,0x02,0xC1,0x00,0x16,0x00,0x1F,0x00,0x28,0x00,0x00,0x73,0x22,0x26,0x35,
  0x11,0x34,0x36,0x33,0x33,0x32,0x16,0x16,0x15,0x14,0x06,0x07,0x35,0x16,0x16,0x15,0x14,0x06,0x23,0x27,0x33,0x32,0x36,0x35,
  0x34,0x26,0x23,0x23,0x35,0x33,0x32,0x36,0x35,0x34,0x26,0x23,0x23,0x8A,0x1B,0x1D,0x1D,0x1B,0xEE,0x49,0x67,0x37,0x4C,0x41,
  0x4A,0x54,0x7C,0x70,0xCE,0xC2,0x4B,0x48,0x48,0x4B,0xC2,0xB2,0x48,0x4A,0x4A,0x48,0xB2,0x1D,0x1B,0x02,0x51,0x1B,0x1D,0x2C,
  0x52,0x3A,0x40,0x58,0x0F,0x0F,0x0A,0x5B,0x49,0x5E,0x65,0x50,0x3B,0x3C,0x3C,0x3A,0x50,0x3A,0x38,0x38,0x3A,0x00,0x00,0x01,
  0x00,0x3A,0xFF,0xF7,0x02,0x7C,0x02,0xCA,0x00,0x28,0x00,0x00,0x45,0x22,0x26,0x26,0x35,0x34,0x3E,0x02,0x33,0x32,0x16,0x17,
  0x16,0x16,0x0E,0x02,0x27,0x26,0x26,0x23,0x22,0x06,0x06,0x15,0x14,0x16,0x16,0x33,0x32,0x36,0x37,0x36,0x1E,0x02,0x06,0x07,
  0x06,0x06,0x01,0x8E,0x6B,0x98,0x51,0x2E,0x57,0x7F,0x50,0x3B,0x6D,0x28,0x11,0x0B,0x07,0x14,0x1F,0x12,0x21,0x50,0x2C,0x4C,
  0x68,0x36,0x36,0x68,0x4C,0x2C,0x51,0x24,0x12,0x1D,0x14,0x07,0x09,0x0F,0x29,0x70,0x09,0x58,0xA3,0x6F,0x53,0x85,0x5F,0x32,
  0x20,0x1E,0x0B,0x1F,0x1C,0x13,0x02,0x0C,0x19,0x18,0x3F,0x78,0x56,0x56,0x79,0x3F,0x19,0x19,0x0B,0x02,0x12,0x1B,0x1D,0x0A,
  0x21,0x22,0x00,0x02,0x00,0x52,0x00,0x00,0x02,0xB6,0x02,0xC1,0x00,0x10,0x00,0x1B,0x00,0x00,0x73,0x22,0x26,0x35,0x11,0x34,
  0x36,0x33,0x33,0x32,0x16,0x15,0x14,0x0E,0x02,0x23,0x27,0x33,0x32,0x3E,0x02,0x35,0x34,0x26,0x23,0x23,0x8A,0x1B,0x1D,0x1D,
  0x1B,0xC1,0xAE,0xBD,0x30,0x5D,0x86,0x58,0x91,0x8B,0x42,0x61,0x42,0x20,0x83,0x82,0x8B,0x1D,0x1B,0x02,0x51,0x1B,0x1D,0xB5,
  0xAB,0x55,0x84,0x59,0x2F,0x57,0x21,0x42,0x64,0x43,0x85,0x84,0x00,0x01,0x00,0x52,0x00,0x00,0x02,0x22,0x02,0xC1,0x00,0x20,
  0x00,0x00,0x73,0x22,0x26,0x35,0x11,0x34,0x36,0x33,0x21,0x32,0x16,0x15,0x14,0x06,0x23,0x21,0x15,0x21,0x32,0x16,0x15,0x14,
  0x06,0x23,0x21,0x15,0x21,0x32,0x16,0x15,0x14,0x06,0x23,0x8A,0x1B,0x1D,0x1D,0x1B,0x01,0x6D,0x15,0x16,0x16,0x15,0xFE,0xBF,
  0x01,0x2B,0x16,0x15,0x15,0x16,0xFE,0xD5,0x01,0x41,0x15,0x16,0x16,0x15,0x1D,0x1B,0x02,0x51,0x1B,0x1D,0x15,0x14,0x15,0x16,
  0xDD,0x16,0x14,0x15,0x15,0xE8,0x16,0x14,0x15,0x15,0x00,0x01,0x00,0x52,0xFF,0xF9,0x02,0x19,0x02,0xC1,0x00,0x1A,0x00,0x00,
  0x57,0x22,0x26,0x35,0x11,0x34,0x36,0x33,0x21,0x32,0x16,0x15,0x14,0x06,0x23,0x21,0x15,0x21,0x32,0x16,0x15,0x14,0x06,0x23,
  0x21,0x11,0x14,0x89,0x1A,0x1D,0x1D,0x1B,0x01,0x64,0x16,0x15,0x15,0x16,0xFE,0xCC,0x01,0x20,0x14,0x17,0x17,0x14,0xFE,0xE0,
  0x07,0x1C,0x1B,0x02,0x59,0x1B,0x1D,0x15,0x14,0x15,0x16,0xE1,0x15,0x14,0x15,0x16,0xFE,0xF8,0x37,0x00,0x00,0x01,0x00,0x3A,
  0xFF,0xF7,0x02,0x8E,0x02,0xCA,0x00,0x32,0x00,0x00,0x45,0x22,0x26,0x26,0x35,0x34,0x3E,0x02,0x33,0x32,0x16,0x17,0x16,0x16,
  0x0E,0x02,0x27,0x26,0x26,0x23,0x22,0x06,0x06,0x15,0x14,0x16,0x33,0x32,0x36,0x37,0x07,0x35,0x23,0x22,0x26,0x35,0x34,0x36,
  0x33,0x33,0x32,0x16,0x15,0x15,0x14,0x06,0x07,0x06,0x06,0x01,0x9C,0x73,0x9E,0x51,0x2F,0x59,0x81,0x52,0x3C,0x74,0x30,0x0E,
  0x08,0x07,0x13,0x1B,0x10,0x27,0x56,0x34,0x4E,0x6B,0x36,0x7E,0x7C,0x2D,0x57,0x28,0x15,0x81,0x14,0x17,0x17,0x14,0xAD,0x15,
  0x16,0x0D,0x0F,0x2B,0x74,0x09,0x57,0xA2,0x70,0x54,0x85,0x5F,0x32,0x1F,0x23,0x0A,0x1A,0x1B,0x14,0x04,0x0A,0x1B,0x19,0x40,
  0x79,0x56,0x85,0x8A,0x11,0x10,0x34,0xE9,0x15,0x13,0x13,0x13,0x16,0x15,0xFC,0x12,0x19,0x06,0x11,0x15,0x00,0x01,0x00,0x52,
  0xFF,0xF9,0x02,0xAC,0x02,0xC8,0x00,0x1F,0x00,0x00,0x57,0x22,0x26,0x35,0x11,0x34,0x36,0x33,0x32,0x16,0x15,0x11,0x21,0x11,
  0x34,0x36,0x33,0x32,0x16,0x15,0x11,0x14,0x06,0x23,0x22,0x26,0x35,0x11,0x21,0x11,0x14,0x06,0x86,0x19,0x1B,0x1B,0x19,0x19,
  0x1B,0x01,0x8B,0x1B,0x19,0x19,0x1A,0x1A,0x19,0x19,0x1B,0xFE,0x75,0x1A,0x07,0x1C,0x19,0x02,0x65,0x1A,0x1B,0x1B,0x1A,0xFE,
  0xFE,0x01,0x02,0x1A,0x1B,0x1B,0x1A,0xFD,0x9B,0x19,0x1C,0x1C,0x19,0x01,0x0C,0xFE,0xF4,0x19,0x1C,0x00,0x00,0x01,0x00,0x52,
  0xFF,0xF9,0x00,0xBA,0x02,0xC8,0x00,0x0D,0x00,0x00,0x57,0x22,0x26,0x35,0x11,0x34,0x36,0x33,0x32,0x16,0x15,0x11,0x14,0x06,
  0x86,0x19,0x1B,0x1B,0x19,0x19,0x1B,0x1A,0x07,0x1C,0x19,0x02,0x65,0x1A,0x1B,0x1B,0x1A,0xFD,0x9B,0x19,0x1C,0x00,0x00,0x01,
  0xFF,0xF3,0xFF,0xF9,0x01,0x00,0x02,0xC8,0x00,0x16,0x00,0x00,0x57,0x06,0x26,0x35,0x34,0x36,0x37,0x37,0x36,0x36,0x35,0x11,
  0x34,0x36,0x33,0x32,0x16,0x15,0x11,0x14,0x06,0x06,0x07,0x24,0x17,0x1A,0x13,0x12,0x1F,0x30,0x32,0x1A,0x19,0x19,0x1B,0x2B,
  0x52,0x3D,0x06,0x01,0x1A,0x14,0x0F,0x18,0x01,0x02,0x04,0x39,0x33,0x01,0xD3,0x1A,0x1A,0x1A,0x1A,0xFE,0x2D,0x3C,0x55,0x30,
  0x04,0x00,0x00,0x01,0x00,0x52,0xFF,0xF9,0x02,0x66,0x02,0xC8,0x00,0x23,0x00,0x00,0x57,0x22,0x26,0x35,0x11,0x34,0x36,0x33,
  0x32,0x16,0x15,0x11,0x33,0x01,0x36,0x36,0x33,0x32,0x16,0x06,0x07,0x01,0x37,0x01,0x16,0x16,0x06,0x23,0x22,0x26,0x27,0x01,
  0x23,0x11,0x14,0x06,0x86,0x19,0x1B,0x1B,0x19,0x19,0x1B,0x02,0x01,0x33,0x0F,0x1B,0x11,0x17,0x15,0x04,0x0F,0xFE,0xC1,0x02,
  0x01,0x4C,0x12,0x02,0x18,0x16,0x14,0x18,0x10,0xFE,0xC0,0x02,0x1A,0x07,0x1C,0x19,0x02,0x66,0x1A,0x1A,0x1A,0x1A,0xFE,0xF0,
  0x01,0x29,0x0E,0x0D,0x17,0x20,0x0F,0xFE,0xD0,0x33,0xFE,0xC0,0x11,0x24,0x17,0x10,0x0F,0x01,0x31,0xFE,0xE5,0x19,0x1C,0x00,
  0x00,0x01,0x00,0x52,0x00,0x00,0x02,0x1E,0x02,0xC5,0x00,0x12,0x00,0x00,0x73,0x22,0x26,0x35,0x11,0x34,0x36,0x33,0x32,0x16,
  0x15,0x11,0x21,0x32,0x16,0x15,0x14,0x06,0x23,0x87,0x19,0x1C,0x1B,0x19,0x19,0x1B,0x01,0x36,0x16,0x18,0x18,0x16,0x1C,0x19,
  0x02,0x5B,0x1A,0x1B,0x1B,0x1A,0xFD,0xC9,0x17,0x15,0x15,0x18,0x00,0x01,0x00,0x54,0xFF,0xF9,0x03,0x09,0x02,0xC8,0x00,0x28,
  0x00,0x00,0x57,0x22,0x26,0x35,0x11,0x34,0x36,0x33,0x32,0x16,0x17,0x01,0x23,0x01,0x36,0x36,0x33,0x32,0x16,0x15,0x11,0x14,
  0x06,0x23,0x22,0x26,0x35,0x11,0x33,0x03,0x06,0x06,0x23,0x22,0x26,0x27,0x03,0x33,0x11,0x14,0x06,0x84,0x17,0x19,0x1A,0x16,
  0x15,0x17,0x0A,0x01,0x06,0x1F,0x01,0x05,0x0A,0x16,0x15,0x16,0x18,0x17,0x17,0x17,0x18,0x16,0xE8,0x08,0x12,0x10,0x10,0x14,
  0x08,0xEA,0x18,0x17,0x07,0x1A,0x17,0x02,0x6D,0x18,0x19,0x0F,0x13,0xFE,0x17,0x01,0xE9,0x13,0x0F,0x19,0x18,0xFD,0x93,0x17,
  0x1A,0x1A,0x17,0x02,0x04,0xFE,0x53,0x0F,0x0E,0x0F,0x0E,0x01,0xAE,0xFD,0xFB,0x17,0x1A,0x00,0x00,0x01,0x00,0x52,0xFF,0xF9,
  0x02,0x95,0x02,0xC8,0x00,0x1F,0x00,0x00,0x57,0x22,0x26,0x35,0x11,0x34,0x36,0x33,0x32,0x16,0x17,0x01,0x23,0x11,0x34,0x36,
  0x33,0x32,0x16,0x15,0x11,0x14,0x06,0x23,0x22,0x26,0x27,0x01,0x33,0x11,0x14,0x06,0x83,0x17,0x1A,0x19,0x15,0x12,0x13,0x0D,
  0x01,0x9C,0x19,0x19,0x17,0x18,0x18,0x17,0x13,0x12,0x17,0x0D,0xFE,0x66,0x17,0x18,0x07,0x1A,0x18,0x02,0x69,0x19,0x1B,0x0D,
  0x11,0xFD,0xE1,0x02,0x0C,0x17,0x1A,0x1A,0x17,0xFD,0x93,0x17,0x1A,0x0E,0x11,0x02,0x1E,0xFD,0xF5,0x18,0x1A,0x00,0x00,0x02,
  0x00,0x3A,0xFF,0xF7,0x02,0xCE,0x02,0xCA,0x00,0x11,0x00,0x1F,0x00,0x00,0x45,0x22,0x26,0x26,0x35,0x34,0x3E,0x02,0x33,0x32,
  0x16,0x16,0x15,0x14,0x0E,0x02,0x27,0x32,0x36,0x36,0x35,0x34,0x26,0x23,0x22,0x06,0x06,0x15,0x14,0x16,0x01,0x84,0x64,0x95,
  0x51,0x2E,0x56,0x7A,0x4C,0x65,0x94,0x51,0x2E,0x57,0x7A,0x4B,0x46,0x63,0x35,0x74,0x6A,0x46,0x63,0x35,0x75,0x09,0x59,0xA3,
  0x6E,0x53,0x85,0x5F,0x32,0x58,0xA2,0x6E,0x53,0x86,0x60,0x32,0x5A,0x40,0x7A,0x56,0x81,0x8E,0x3F,0x7A,0x56,0x80,0x90,0x00,
  0x00,0x02,0x00,0x52,0xFF,0xF9,0x02,0x64,0x02,0xC1,0x00,0x12,0x00,0x1B,0x00,0x00,0x57,0x22,0x26,0x35,0x11,0x34,0x36,0x33,
  0x33,0x32,0x16,0x15,0x14,0x06,0x23,0x23,0x15,0x14,0x06,0x13,0x33,0x32,0x36,0x35,0x34,0x26,0x23,0x23,0x86,0x19,0x1B,0x1C,
  0x19,0xEF,0x72,0x7C,0x7C,0x72,0xBC,0x1A,0x1A,0xAD,0x4B,0x4D,0x4D,0x4B,0xAD,0x07,0x1C,0x19,0x02,0x5E,0x1A,0x1B,0x71,0x66,
  0x67,0x71,0xE4,0x19,0x1C,0x01,0x6C,0x43,0x42,0x41,0x43,0x00,0x00,0x03,0x00,0x3A,0xFF,0x3A,0x02,0xCE,0x02,0xCA,0x00,0x0E,
  0x00,0x20,0x00,0x2E,0x00,0x00,0x45,0x16,0x0E,0x02,0x26,0x27,0x27,0x26,0x26,0x23,0x37,0x32,0x16,0x17,0x27,0x22,0x26,0x26,
  0x35,0x34,0x3E,0x02,0x33,0x32,0x16,0x16,0x15,0x14,0x0E,0x02,0x27,0x32,0x36,0x36,0x35,0x34,0x26,0x23,0x22,0x06,0x06,0x15,
  0x14,0x16,0x02,0x83,0x0C,0x04,0x15,0x1F,0x1F,0x0B,0x42,0x0F,0x34,0x25,0x52,0x2F,0x37,0x1B,0xD2,0x64,0x95,0x51,0x2E,0x56,
  0x7A,0x4C,0x65,0x94,0x51,0x2E,0x57,0x7A,0x4B,0x46,0x63,0x35,0x74,0x6A,0x46,0x63,0x35,0x75,0x7C,0x12,0x1E,0x15,0x05,0x0C,
  0x12,0x6B,0x19,0x1B,0x21,0x21,0x2B,0x2B,0x59,0xA3,0x6E,0x53,0x85,0x5F,0x32,0x58,0xA2,0x6E,0x53,0x86,0x60,0x32,0x5A,0x40,
  0x7A,0x56,0x81,0x8E,0x3F,0x7A,0x56,0x80,0x90,0x00,0x00,0x02,0x00,0x52,0xFF,0xF9,0x02,0x74,0x02,0xC1,0x00,0x24,0x00,0x2D,
  0x00,0x00,0x57,0x22,0x26,0x35,0x11,0x34,0x36,0x33,0x33,0x32,0x16,0x15,0x14,0x06,0x06,0x23,0x37,0x33,0x32,0x16,0x17,0x17,
  0x16,0x06,0x06,0x23,0x22,0x26,0x27,0x27,0x26,0x26,0x23,0x23,0x15,0x14,0x06,0x13,0x33,0x32,0x36,0x35,0x34,0x26,0x23,0x23,
  0x86,0x19,0x1B,0x1C,0x19,0xEF,0x72,0x7C,0x38,0x6B,0x4B,0x09,0x1A,0x28,0x3B,0x18,0x56,0x0A,0x01,0x17,0x15,0x16,0x1B,0x0B,
  0x69,0x15,0x36,0x2C,0x71,0x1A,0x1A,0xAB,0x4C,0x4E,0x4E,0x4C,0xAB,0x07,0x1C,0x19,0x02,0x5E,0x1A,0x1B,0x6C,0x63,0x40,0x5C,
  0x30,0x0E,0x28,0x2C,0xA0,0x12,0x21,0x14,0x13,0x13,0xC2,0x27,0x1B,0xF5,0x19,0x1C,0x01,0x78,0x40,0x3F,0x3E,0x40,0x00,0x01,
  0x00,0x30,0xFF,0xF7,0x02,0x4A,0x02,0xCA,0x00,0x37,0x00,0x00,0x45,0x22,0x26,0x26,0x27,0x26,0x26,0x3E,0x02,0x17,0x16,0x16,
  0x33,0x32,0x36,0x35,0x34,0x26,0x27,0x27,0x26,0x26,0x35,0x34,0x3E,0x02,0x33,0x32,0x16,0x17,0x16,0x16,0x0E,0x02,0x27,0x26,
  0x26,0x23,0x22,0x06,0x06,0x15,0x14,0x16,0x17,0x17,0x16,0x16,0x15,0x14,0x0E,0x02,0x01,0x3D,0x2E,0x58,0x4E,0x1F,0x0F,0x0B,
  0x05,0x12,0x1A,0x10,0x2D,0x64,0x3B,0x55,0x51,0x3A,0x44,0x6B,0x5F,0x5D,0x27,0x46,0x62,0x3A,0x3E,0x6D,0x2B,0x0D,0x09,0x05,
  0x12,0x1C,0x11,0x27,0x51,0x31,0x31,0x49,0x27,0x36,0x3F,0x6A,0x64,0x62,0x26,0x46,0x63,0x09,0x0E,0x1D,0x15,0x0B,0x1C,0x1B,
  0x14,0x05,0x0B,0x1D,0x1B,0x3D,0x31,0x28,0x2F,0x0E,0x16,0x14,0x5C,0x4E,0x2F,0x4E,0x39,0x1E,0x20,0x21,0x09,0x1B,0x1A,0x12,
  0x03,0x0B,0x1A,0x17,0x1E,0x36,0x25,0x2A,0x32,0x0D,0x16,0x15,0x58,0x49,0x2F,0x4B,0x36,0x1D,0x00,0x01,0xFF,0xFD,0xFF,0xF9,
  0x02,0x67,0x02,0xC1,0x00,0x16,0x00,0x00,0x45,0x22,0x26,0x35,0x11,0x23,0x22,0x26,0x35,0x34,0x36,0x33,0x21,0x32,0x16,0x15,
  0x14,0x06,0x23,0x23,0x11,0x14,0x06,0x01,0x32,0x19,0x1B,0xD4,0x15,0x18,0x18,0x15,0x02,0x0F,0x16,0x18,0x18,0x16,0xD4,0x19,
  0x07,0x1C,0x19,0x02,0x3C,0x17,0x15,0x15,0x16,0x16,0x15,0x15,0x17,0xFD,0xC4,0x19,0x1C,0x00,0x00,0x01,0x00,0x4D,0xFF,0xF7,
  0x02,0x8F,0x02,0xC8,0x00,0x1E,0x00,0x00,0x45,0x22,0x2E,0x02,0x35,0x11,0x34,0x36,0x33,0x32,0x16,0x15,0x11,0x14,0x16,0x33,
  0x32,0x36,0x35,0x11,0x34,0x36,0x33,0x32,0x16,0x15,0x11,0x14,0x06,0x06,0x01,0x6F,0x47,0x6C,0x49,0x26,0x1B,0x19,0x19,0x1B,
  0x5F,0x5B,0x5C,0x5E,0x1B,0x18,0x19,0x1A,0x41,0x80,0x09,0x25,0x4A,0x6E,0x48,0x01,0x78,0x1A,0x1A,0x1A,0x1A,0xFE,0x8A,0x67,
  0x66,0x66,0x67,0x01,0x76,0x1A,0x1A,0x1A,0x1A,0xFE,0x88,0x60,0x83,0x42,0x00,0x01,0x00,0x0D,0xFF,0xF9,0x02,0xAF,0x02,0xC8,
  0x00,0x18,0x00,0x00,0x45,0x22,0x26,0x27,0x01,0x26,0x36,0x36,0x33,0x32,0x16,0x17,0x13,0x23,0x13,0x36,0x36,0x33,0x32,0x16,
  0x16,0x07,0x01,0x06,0x06,0x01,0x5E,0x16,0x1D,0x09,0xFE,0xF3,0x08,0x08,0x19,0x12,0x17,0x18,0x08,0xFC,0x25,0xFA,0x09,0x19,
  0x16,0x12,0x17,0x06,0x09,0xFE,0xF4,0x09,0x1C,0x07,0x15,0x15,0x02,0x61,0x15,0x1E,0x11,0x14,0x14,0xFD,0xB8,0x02,0x49,0x13,
  0x14,0x11,0x1E,0x15,0xFD,0x9F,0x15,0x15,0x00,0x01,0x00,0x25,0xFF,0xF9,0x04,0x30,0x02,0xC8,0x00,0x28,0x00,0x00,0x45,0x22,
  0x26,0x27,0x03,0x26,0x36,0x33,0x32,0x16,0x17,0x13,0x23,0x13,0x36,0x36,0x33,0x32,0x16,0x17,0x13,0x23,0x13,0x36,0x36,0x33,
  0x32,0x16,0x07,0x03,0x06,0x06,0x23,0x22,0x26,0x27,0x03,0x33,0x03,0x06,0x06,0x01,0x3F,0x16,0x1B,0x09,0xD7,0x09,0x19,0x1D,
  0x16,0x19,0x07,0xC3,0x25,0xC8,0x09,0x18,0x14,0x14,0x17,0x09,0xC4,0x21,0xC5,0x07,0x19,0x15,0x1A,0x19,0x0A,0xD8,0x09,0x1A,
  0x16,0x17,0x1A,0x08,0xBD,0x16,0xBF,0x08,0x19,0x07,0x16,0x17,0x02,0x65,0x1A,0x23,0x14,0x16,0xFD,0xC2,0x02,0x3C,0x16,0x16,
  0x16,0x17,0xFD,0xC5,0x02,0x3E,0x15,0x15,0x23,0x1A,0xFD,0x9A,0x16,0x16,0x16,0x17,0x02,0x1D,0xFD,0xE2,0x16,0x16,0x00,0x01,
  0x00,0x26,0xFF,0xF9,0x02,0x6E,0x02,0xC8,0x00,0x27,0x00,0x00,0x57,0x22,0x26,0x26,0x37,0x13,0x15,0x03,0x26,0x36,0x36,0x33,
  0x32,0x16,0x17,0x13,0x23,0x13,0x36,0x36,0x33,0x32,0x16,0x16,0x07,0x03,0x35,0x13,0x16,0x06,0x06,0x23,0x22,0x26,0x27,0x03,
  0x33,0x03,0x06,0x06,0x58,0x14,0x1A,0x04,0x0D,0xEC,0xDF,0x0D,0x03,0x1A,0x13,0x10,0x19,0x0D,0xC2,0x20,0xC0,0x0D,0x19,0x11,
  0x14,0x1A,0x03,0x0E,0xDF,0xEB,0x0D,0x03,0x1A,0x15,0x0F,0x1A,0x0E,0xCE,0x26,0xCD,0x0D,0x1B,0x07,0x15,0x21,0x11,0x01,0x3D,
  0x2A,0x01,0x2C,0x12,0x22,0x15,0x0F,0x12,0xFE,0xF6,0x01,0x0A,0x12,0x0F,0x15,0x21,0x13,0xFE,0xD4,0x2A,0xFE,0xC3,0x11,0x21,
  0x15,0x10,0x11,0x01,0x1A,0xFE,0xE6,0x11,0x10,0x00,0x00,0x01,0x00,0x10,0xFF,0xF9,0x02,0x4F,0x02,0xC8,0x00,0x1B,0x00,0x00,
  0x45,0x22,0x26,0x35,0x11,0x17,0x03,0x26,0x36,0x36,0x33,0x32,0x16,0x17,0x13,0x23,0x13,0x36,0x36,0x33,0x32,0x16,0x16,0x07,
  0x03,0x37,0x11,0x14,0x01,0x2F,0x19,0x1B,0x17,0xF7,0x0B,0x02,0x19,0x15,0x10,0x1B,0x0C,0xC6,0x18,0xC6,0x0D,0x18,0x12,0x15,
  0x17,0x01,0x0D,0xF5,0x15,0x07,0x1C,0x1A,0x01,0x3D,0x42,0x01,0x57,0x0F,0x21,0x17,0x10,0x11,0xFE,0xED,0x01,0x13,0x12,0x0F,
  0x15,0x21,0x12,0xFE,0xAA,0x42,0xFE,0xC3,0x36,0x00,0x00,0x01,0x00,0x28,0x00,0x00,0x02,0x46,0x02,0xC1,0x00,0x1D,0x00,0x00,
  0x73,0x22,0x26,0x26,0x36,0x37,0x01,0x15,0x21,0x22,0x26,0x35,0x34,0x36,0x33,0x21,0x32,0x16,0x16,0x06,0x07,0x01,0x35,0x21,
  0x32,0x16,0x15,0x14,0x06,0x23,0x5F,0x14,0x19,0x09,0x09,0x0E,0x01,0x90,0xFE,0x87,0x17,0x18,0x18,0x17,0x01,0xA9,0x14,0x1A,
  0x09,0x09,0x0E,0xFE,0x6F,0x01,0x88,0x17,0x18,0x18,0x17,0x10,0x1D,0x23,0x13,0x02,0x2A,0x23,0x17,0x15,0x15,0x16,0x10,0x1C,
  0x24,0x13,0xFD,0xD6,0x23,0x16,0x15,0x15,0x17,0x00,0x00,0x01,0x00,0x31,0xFF,0xF7,0x01,0xD5,0x01,0xF1,0x00,0x36,0x00,0x00,
  0x57,0x22,0x26,0x26,0x35,0x34,0x36,0x36,0x33,0x33,0x15,0x23,0x22,0x06,0x06,0x15,0x14,0x16,0x33,0x32,0x36,0x36,0x35,0x35,
  0x34,0x26,0x23,0x22,0x06,0x07,0x06,0x2E,0x02,0x36,0x37,0x36,0x36,0x33,0x32,0x16,0x16,0x15,0x11,0x14,0x06,0x23,0x22,0x26,
  0x35,0x35,0x33,0x0E,0x02,0xE3,0x33,0x51,0x2E,0x37,0x7F,0x6C,0x2F,0x2E,0x48,0x54,0x23,0x34,0x2E,0x25,0x38,0x21,0x30,0x37,
  0x20,0x45,0x25,0x11,0x18,0x0E,0x01,0x0D,0x10,0x2C,0x56,0x26,0x43,0x57,0x2A,0x18,0x17,0x16,0x1A,0x09,0x08,0x2B,0x40,0x09,
  0x28,0x44,0x2B,0x36,0x3F,0x1B,0x3E,0x0E,0x21,0x1D,0x26,0x2F,0x23,0x3C,0x27,0x73,0x39,0x32,0x10,0x13,0x08,0x06,0x15,0x19,
  0x18,0x06,0x15,0x12,0x2A,0x56,0x44,0xFE,0xFF,0x18,0x1B,0x1B,0x18,0x41,0x25,0x35,0x1C,0x00,0x00,0x02,0x00,0x47,0xFF,0xF7,
  0x02,0x24,0x02,0xC8,0x00,0x1E,0x00,0x2C,0x00,0x00,0x45,0x22,0x26,0x27,0x37,0x15,0x14,0x06,0x23,0x22,0x26,0x35,0x11,0x34,
  0x36,0x33,0x32,0x16,0x15,0x11,0x23,0x36,0x36,0x33,0x32,0x16,0x16,0x15,0x14,0x06,0x06,0x27,0x32,0x36,0x36,0x35,0x34,0x26,
  0x23,0x22,0x06,0x06,0x15,0x14,0x16,0x01,0x4D,0x40,0x5E,0x10,0x0B,0x1A,0x17,0x18,0x1A,0x1A,0x18,0x18,0x1B,0x0C,0x10,0x5E,
  0x3F,0x42,0x60,0x35,0x35,0x61,0x5A,0x2A,0x3E,0x22,0x4B,0x3F,0x29,0x3F,0x22,0x4C,0x09,0x41,0x36,0x12,0x54,0x18,0x1B,0x1B,
  0x18,0x02,0x69,0x19,0x1A,0x1A,0x19,0xFE,0xE8,0x35,0x3F,0x3E,0x70,0x4F,0x4D,0x73,0x3D,0x4E,0x28,0x4E,0x39,0x56,0x58,0x27,
  0x4E,0x39,0x55,0x5A,0x00,0x01,0x00,0x2A,0xFF,0xF7,0x01,0xC3,0x01,0xF1,0x00,0x28,0x00,0x00,0x45,0x22,0x26,0x26,0x35,0x34,
  0x3E,0x02,0x33,0x32,0x16,0x17,0x16,0x16,0x0E,0x02,0x27,0x26,0x26,0x23,0x22,0x0E,0x02,0x15,0x14,0x16,0x33,0x32,0x36,0x37,
  0x36,0x1E,0x02,0x06,0x07,0x06,0x06,0x01,0x1E,0x4B,0x6D,0x3C,0x22,0x3F,0x5B,0x38,0x23,0x4D,0x21,0x0D,0x07,0x05,0x11,0x18,
  0x0E,0x18,0x32,0x17,0x24,0x37,0x26,0x13,0x4D,0x47,0x17,0x32,0x18,0x0E,0x18,0x0F,0x05,0x08,0x0D,0x20,0x4B,0x09,0x3F,0x73,
  0x4E,0x3A,0x5D,0x40,0x23,0x15,0x18,0x08,0x17,0x18,0x11,0x03,0x08,0x11,0x0F,0x17,0x2B,0x40,0x29,0x52,0x5D,0x0E,0x11,0x08,
  0x04,0x11,0x17,0x18,0x08,0x17,0x14,0x00,0x00,0x02,0x00,0x2A,0xFF,0xF7,0x02,0x08,0x02,0xC8,0x00,0x1E,0x00,0x2C,0x00,0x00,
  0x45,0x22,0x26,0x26,0x35,0x34,0x36,0x36,0x33,0x32,0x16,0x17,0x23,0x11,0x34,0x36,0x33,0x32,0x16,0x15,0x11,0x14,0x06,0x23,
  0x22,0x26,0x35,0x35,0x17,0x06,0x06,0x27,0x32,0x36,0x36,0x35,0x34,0x26,0x23,0x22,0x06,0x06,0x15,0x14,0x16,0x01,0x01,0x40,
  0x61,0x36,0x36,0x61,0x40,0x40,0x5D,0x10,0x0B,0x1A,0x18,0x18,0x1B,0x1A,0x18,0x18,0x1A,0x0B,0x10,0x5D,0x27,0x29,0x3E,0x23,
  0x4C,0x3E,0x2A,0x3E,0x23,0x4C,0x09,0x3D,0x73,0x4D,0x4F,0x70,0x3E,0x3F,0x35,0x01,0x18,0x19,0x1A,0x1A,0x19,0xFD,0x97,0x18,
  0x1B,0x1B,0x18,0x58,0x16,0x36,0x41,0x4E,0x28,0x4E,0x39,0x56,0x58,0x27,0x4E,0x39,0x55,0x5A,0x00,0x01,0x00,0x2A,0xFF,0xF7,
  0x01,0xF2,0x01,0xF1,0x00,0x2B,0x00,0x00,0x45,0x22,0x26,0x26,0x35,0x34,0x36,0x36,0x33,0x32,0x1E,0x02,0x15,0x14,0x06,0x23,
  0x21,0x35,0x21,0x07,0x34,0x26,0x26,0x23,0x22,0x06,0x06,0x15,0x15,0x14,0x16,0x33,0x32,0x36,0x37,0x36,0x1E,0x02,0x06,0x07,
  0x06,0x06,0x01,0x2C,0x50,0x73,0x3F,0x3E,0x6C,0x45,0x33,0x50,0x39,0x1D,0x14,0x14,0xFE,0xB0,0x01,0x34,0x11,0x1D,0x39,0x2A,
  0x2F,0x41,0x22,0x53,0x4F,0x1E,0x43,0x1E,0x11,0x1B,0x11,0x04,0x0C,0x0F,0x22,0x5A,0x09,0x3D,0x71,0x4E,0x4C,0x72,0x40,0x21,
  0x3F,0x5A,0x38,0x11,0x11,0x3E,0x0E,0x32,0x46,0x25,0x2C,0x4E,0x34,0x06,0x58,0x59,0x10,0x13,0x0A,0x02,0x10,0x18,0x19,0x0A,
  0x17,0x17,0x00,0x01,0x00,0x03,0xFF,0xF9,0x01,0x6E,0x02,0xC6,0x00,0x28,0x00,0x00,0x57,0x22,0x26,0x35,0x11,0x23,0x22,0x26,
  0x35,0x34,0x36,0x33,0x33,0x07,0x35,0x34,0x36,0x37,0x37,0x36,0x16,0x16,0x06,0x06,0x07,0x07,0x06,0x06,0x15,0x15,0x27,0x33,
  0x32,0x16,0x15,0x14,0x06,0x23,0x23,0x11,0x14,0x97,0x18,0x1B,0x38,0x13,0x16,0x16,0x13,0x55,0x1D,0x62,0x5E,0x1F,0x11,0x14,
  0x06,0x05,0x10,0x0C,0x13,0x3B,0x36,0x0E,0x6F,0x15,0x15,0x15,0x15,0x61,0x07,0x1B,0x18,0x01,0x6E,0x15,0x12,0x13,0x14,0x1B,
  0x24,0x63,0x65,0x09,0x02,0x02,0x0E,0x16,0x17,0x12,0x01,0x01,0x05,0x39,0x3A,0x27,0x10,0x14,0x13,0x12,0x15,0xFE,0x92,0x33,
  0x00,0x02,0x00,0x2A,0xFF,0x43,0x02,0x0B,0x01,0xF1,0x00,0x2B,0x00,0x39,0x00,0x00,0x45,0x22,0x26,0x27,0x26,0x26,0x3E,0x02,
  0x17,0x16,0x16,0x33,0x32,0x36,0x35,0x35,0x33,0x06,0x06,0x23,0x22,0x26,0x26,0x35,0x34,0x3E,0x02,0x33,0x32,0x16,0x17,0x07,
  0x35,0x34,0x36,0x33,0x32,0x16,0x15,0x11,0x14,0x06,0x03,0x32,0x36,0x36,0x35,0x34,0x26,0x23,0x22,0x06,0x06,0x15,0x14,0x16,
  0x01,0x24,0x36,0x65,0x29,0x0F,0x0A,0x05,0x10,0x17,0x0D,0x2C,0x4F,0x22,0x46,0x46,0x09,0x0F,0x60,0x3F,0x42,0x62,0x36,0x1F,
  0x39,0x51,0x31,0x40,0x5F,0x0E,0x0A,0x1B,0x17,0x18,0x1A,0x76,0x79,0x2C,0x3E,0x22,0x4B,0x41,0x2B,0x3E,0x23,0x4C,0xBD,0x16,
  0x19,0x08,0x17,0x18,0x12,0x06,0x07,0x18,0x11,0x47,0x45,0x66,0x37,0x40,0x3D,0x6D,0x49,0x37,0x58,0x40,0x23,0x40,0x37,0x11,
  0x53,0x19,0x1A,0x1A,0x19,0xFE,0x6D,0x72,0x74,0x01,0x18,0x28,0x4A,0x32,0x4B,0x58,0x28,0x49,0x32,0x4C,0x58,0x00,0x00,0x01,
  0x00,0x47,0xFF,0xF9,0x01,0xFC,0x02,0xC8,0x00,0x23,0x00,0x00,0x57,0x22,0x26,0x35,0x11,0x34,0x36,0x33,0x32,0x16,0x15,0x11,
  0x23,0x36,0x36,0x33,0x32,0x16,0x16,0x15,0x11,0x14,0x06,0x23,0x22,0x26,0x35,0x35,0x34,0x26,0x23,0x22,0x06,0x15,0x15,0x14,
  0x79,0x18,0x1A,0x1A,0x18,0x18,0x1B,0x0E,0x16,0x5E,0x3D,0x3A,0x4D,0x26,0x1A,0x18,0x19,0x1A,0x31,0x34,0x3D,0x49,0x07,0x1B,
  0x18,0x02,0x69,0x19,0x1A,0x1A,0x19,0xFE,0xEB,0x38,0x39,0x2B,0x57,0x42,0xFE,0xFF,0x18,0x1B,0x1B,0x18,0xFB,0x3F,0x3A,0x4C,
  0x40,0xE8,0x33,0x00,0x00,0x02,0x00,0x3A,0xFF,0xFA,0x00,0xB8,0x02,0xC7,0x00,0x0D,0x00,0x19,0x00,0x00,0x57,0x22,0x26,0x35,
  0x11,0x34,0x36,0x33,0x32,0x16,0x15,0x11,0x14,0x06,0x03,0x22,0x26,0x35,0x34,0x36,0x33,0x32,0x16,0x15,0x14,0x06,0x79,0x18,
  0x1A,0x1A,0x18,0x18,0x1B,0x1A,0x19,0x1E,0x21,0x21,0x1E,0x1E,0x21,0x21,0x06,0x1D,0x1A,0x01,0x86,0x1A,0x1C,0x1C,0x1A,0xFE,
  0x7A,0x1A,0x1D,0x02,0x5B,0x1E,0x1B,0x1C,0x1D,0x1D,0x1C,0x1B,0x1E,0x00,0x00,0x02,0xFF,0xC7,0xFF,0x41,0x00,0xBB,0x02,0xC7,
  0x00,0x14,0x00,0x20,0x00,0x00,0x47,0x06,0x26,0x26,0x36,0x36,0x37,0x36,0x36,0x35,0x11,0x34,0x36,0x33,0x32,0x16,0x15,0x11,
  0x14,0x06,0x06,0x13,0x22,0x26,0x35,0x34,0x36,0x33,0x32,0x16,0x15,0x14,0x06,0x07,0x12,0x17,0x09,0x03,0x11,0x0E,0x32,0x2F,
  0x1B,0x18,0x19,0x19,0x29,0x50,0x47,0x1E,0x21,0x21,0x1E,0x1E,0x20,0x20,0xBE,0x01,0x0E,0x16,0x17,0x11,0x01,0x03,0x30,0x34,
  0x01,0xC7,0x19,0x1A,0x1A,0x19,0xFE,0x41,0x3E,0x51,0x28,0x03,0x0F,0x1E,0x1B,0x1C,0x1D,0x1D,0x1C,0x1B,0x1E,0x00,0x00,0x01,
  0x00,0x47,0xFF,0xF9,0x01,0xE6,0x02,0xC8,0x00,0x22,0x00,0x00,0x57,0x22,0x26,0x35,0x11,0x34,0x36,0x33,0x32,0x16,0x15,0x11,
  0x33,0x37,0x36,0x36,0x33,0x32,0x16,0x14,0x07,0x07,0x35,0x17,0x16,0x06,0x06,0x23,0x22,0x26,0x27,0x27,0x23,0x15,0x14,0x79,
  0x18,0x1A,0x1A,0x18,0x18,0x1B,0x02,0xBB,0x10,0x1A,0x15,0x15,0x16,0x0F,0xC6,0xD8,0x10,0x02,0x18,0x12,0x17,0x1B,0x12,0xC8,
  0x02,0x07,0x1B,0x18,0x02,0x69,0x19,0x1A,0x1A,0x19,0xFE,0x7E,0xBA,0x10,0x12,0x16,0x1F,0x10,0xC4,0x2F,0xD7,0x10,0x20,0x15,
  0x12,0x12,0xC2,0xB3,0x33,0x00,0x00,0x01,0x00,0x47,0xFF,0xF7,0x01,0x30,0x02,0xC8,0x00,0x19,0x00,0x00,0x57,0x22,0x26,0x35,
  0x11,0x34,0x36,0x33,0x32,0x16,0x15,0x11,0x14,0x16,0x33,0x32,0x36,0x37,0x36,0x16,0x15,0x14,0x06,0x07,0x06,0x06,0xE4,0x4E,
  0x4F,0x1A,0x18,0x18,0x1B,0x29,0x27,0x09,0x0E,0x07,0x0C,0x0A,0x12,0x14,0x09,0x14,0x09,0x5B,0x56,0x01,0xED,0x19,0x1A,0x1A,
  0x19,0xFE,0x19,0x32,0x31,0x01,0x01,0x01,0x0F,0x17,0x15,0x17,0x03,0x01,0x01,0x00,0x00,0x01,0x00,0x49,0xFF,0xF9,0x03,0x1C,
  0x01,0xF1,0x00,0x38,0x00,0x00,0x57,0x22,0x26,0x35,0x11,0x34,0x36,0x33,0x32,0x16,0x15,0x15,0x27,0x36,0x36,0x33,0x32,0x16,
  0x17,0x23,0x36,0x36,0x33,0x32,0x16,0x16,0x15,0x11,0x14,0x06,0x23,0x22,0x26,0x35,0x35,0x34,0x26,0x23,0x22,0x06,0x15,0x15,
  0x14,0x06,0x23,0x22,0x26,0x35,0x35,0x34,0x26,0x23,0x22,0x06,0x15,0x15,0x14,0x7B,0x18,0x1A,0x1A,0x17,0x18,0x19,0x0B,0x14,
  0x54,0x3B,0x3D,0x4C,0x0E,0x0E,0x13,0x5C,0x3D,0x38,0x48,0x24,0x1B,0x18,0x18,0x1A,0x2B,0x31,0x37,0x40,0x1A,0x18,0x18,0x1B,
  0x2A,0x31,0x37,0x3F,0x07,0x1B,0x18,0x01,0x90,0x19,0x1A,0x1A,0x19,0x52,0x16,0x35,0x3C,0x3A,0x3C,0x37,0x3F,0x2B,0x57,0x42,
  0xFE,0xFF,0x18,0x1B,0x1B,0x18,0xFC,0x3E,0x3A,0x4C,0x43,0xE5,0x18,0x1B,0x1B,0x18,0xFC,0x3E,0x3A,0x4C,0x43,0xE5,0x33,0x00,
  0x00,0x01,0x00,0x47,0xFF,0xF9,0x01,0xFC,0x01,0xF1,0x00,0x23,0x00,0x00,0x57,0x22,0x26,0x35,0x11,0x34,0x36,0x33,0x32,0x16,
  0x15,0x15,0x27,0x36,0x36,0x33,0x32,0x16,0x16,0x15,0x11,0x14,0x06,0x23,0x22,0x26,0x35,0x35,0x34,0x26,0x23,0x22,0x06,0x15,
  0x15,0x14,0x79,0x18,0x1A,0x1A,0x17,0x18,0x19,0x0B,0x16,0x5E,0x3D,0x3A,0x4D,0x26,0x1A,0x18,0x19,0x1A,0x31,0x34,0x3D,0x49,
  0x07,0x1B,0x18,0x01,0x90,0x19,0x1A,0x1A,0x19,0x4E,0x12,0x38,0x39,0x2B,0x57,0x42,0xFE,0xFF,0x18,0x1B,0x1B,0x18,0xFB,0x3F,
  0x3A,0x4C,0x40,0xE8,0x33,0x00,0x00,0x02,0x00,0x2A,0xFF,0xF7,0x02,0x0B,0x01,0xF1,0x00,0x11,0x00,0x1F,0x00,0x00,0x45,0x22,
  0x26,0x26,0x35,0x34,0x3E,0x02,0x33,0x32,0x16,0x16,0x15,0x14,0x0E,0x02,0x27,0x32,0x36,0x36,0x35,0x34,0x26,0x23,0x22,0x06,
  0x06,0x15,0x14,0x16,0x01,0x1B,0x4A,0x6B,0x3C,0x22,0x3F,0x59,0x37,0x49,0x6B,0x3C,0x22,0x3F,0x59,0x36,0x29,0x3E,0x23,0x4C,
  0x3E,0x2A,0x3E,0x23,0x4C,0x09,0x3E,0x72,0x4D,0x3B,0x5C,0x43,0x23,0x3E,0x71,0x4E,0x3A,0x5E,0x42,0x23,0x4E,0x28,0x4E,0x39,
  0x56,0x58,0x27,0x4E,0x39,0x55,0x5A,0x00,0x00,0x02,0x00,0x47,0xFF,0x45,0x02,0x24,0x01,0xF1,0x00,0x1E,0x00,0x2C,0x00,0x00,
  0x57,0x22,0x26,0x35,0x11,0x34,0x36,0x33,0x32,0x16,0x15,0x15,0x27,0x36,0x36,0x33,0x32,0x16,0x16,0x15,0x14,0x06,0x06,0x23,
  0x22,0x26,0x27,0x33,0x15,0x14,0x06,0x13,0x32,0x36,0x36,0x35,0x34,0x26,0x23,0x22,0x06,0x06,0x15,0x14,0x16,0x79,0x18,0x1A,
  0x1A,0x17,0x18,0x1A,0x0B,0x10,0x5E,0x40,0x41,0x61,0x35,0x35,0x60,0x42,0x3F,0x5E,0x10,0x0C,0x1B,0xA3,0x2A,0x3E,0x22,0x4B,
  0x3F,0x29,0x3F,0x22,0x4C,0xBB,0x1A,0x19,0x02,0x44,0x19,0x1A,0x1A,0x19,0x57,0x15,0x36,0x41,0x3E,0x70,0x4F,0x4D,0x73,0x3D,
  0x40,0x35,0xF4,0x19,0x1A,0x01,0x00,0x28,0x4E,0x39,0x56,0x58,0x27,0x4E,0x39,0x55,0x5A,0x00,0x00,0x02,0x00,0x2A,0xFF,0x45,
  0x02,0x08,0x01,0xF1,0x00,0x1E,0x00,0x2C,0x00,0x00,0x45,0x22,0x26,0x35,0x35,0x33,0x06,0x06,0x23,0x22,0x26,0x26,0x35,0x34,
  0x36,0x36,0x33,0x32,0x16,0x17,0x07,0x35,0x34,0x36,0x33,0x32,0x16,0x15,0x11,0x14,0x06,0x03,0x32,0x36,0x36,0x35,0x34,0x26,
  0x23,0x22,0x06,0x06,0x15,0x14,0x16,0x01,0xD5,0x18,0x1A,0x0B,0x10,0x5D,0x40,0x40,0x61,0x36,0x36,0x61,0x40,0x41,0x5D,0x10,
  0x0B,0x1A,0x18,0x18,0x1A,0x1B,0xD2,0x29,0x3E,0x23,0x4C,0x3E,0x2A,0x3E,0x23,0x4C,0xBB,0x1A,0x19,0xF4,0x35,0x40,0x3D,0x73,
  0x4D,0x4F,0x70,0x3E,0x41,0x36,0x15,0x57,0x19,0x1A,0x1A,0x19,0xFD,0xBC,0x19,0x1A,0x01,0x00,0x28,0x4E,0x39,0x56,0x58,0x27,
  0x4E,0x39,0x55,0x5A,0x00,0x01,0x00,0x47,0xFF,0xF9,0x01,0x72,0x01,0xF3,0x00,0x1C,0x00,0x00,0x57,0x22,0x26,0x35,0x11,0x34,
  0x36,0x33,0x32,0x16,0x15,0x15,0x23,0x36,0x36,0x37,0x36,0x16,0x17,0x16,0x06,0x07,0x07,0x06,0x06,0x15,0x15,0x14,0x06,0x7A,
  0x19,0x1A,0x1A,0x17,0x18,0x19,0x0A,0x10,0x56,0x43,0x12,0x15,0x01,0x02,0x16,0x17,0x13,0x41,0x44,0x19,0x07,0x1B,0x18,0x01,
  0x90,0x19,0x1A,0x1A,0x19,0x49,0x3C,0x3E,0x05,0x01,0x14,0x15,0x15,0x19,0x02,0x02,0x06,0x46,0x3D,0xE3,0x18,0x1B,0x00,0x01,
  0x00,0x2B,0xFF,0xF7,0x01,0xBB,0x01,0xF1,0x00,0x32,0x00,0x00,0x57,0x22,0x26,0x27,0x26,0x26,0x3E,0x02,0x17,0x16,0x16,0x33,
  0x32,0x36,0x35,0x34,0x26,0x27,0x27,0x26,0x26,0x35,0x34,0x36,0x36,0x33,0x32,0x16,0x17,0x16,0x16,0x0E,0x02,0x27,0x26,0x26,
  0x23,0x22,0x06,0x15,0x14,0x16,0x17,0x17,0x16,0x16,0x15,0x14,0x06,0xF2,0x2C,0x5D,0x27,0x0D,0x0A,0x03,0x0F,0x17,0x0D,0x27,
  0x48,0x23,0x35,0x36,0x24,0x24,0x5F,0x3E,0x40,0x32,0x5A,0x3B,0x2C,0x4E,0x21,0x0D,0x08,0x05,0x10,0x17,0x0E,0x1E,0x3B,0x1D,
  0x35,0x35,0x20,0x22,0x5F,0x41,0x43,0x6E,0x09,0x14,0x18,0x09,0x16,0x17,0x11,0x04,0x07,0x16,0x11,0x26,0x20,0x1A,0x1D,0x08,
  0x13,0x0D,0x42,0x33,0x2E,0x44,0x25,0x16,0x16,0x07,0x17,0x16,0x11,0x03,0x07,0x13,0x10,0x27,0x21,0x19,0x20,0x07,0x13,0x0D,
  0x3E,0x35,0x45,0x50,0x00,0x01,0xFF,0xFB,0xFF,0xF7,0x01,0x75,0x02,0x82,0x00,0x2C,0x00,0x00,0x45,0x22,0x26,0x26,0x35,0x35,
  0x23,0x22,0x26,0x35,0x34,0x36,0x33,0x33,0x35,0x34,0x36,0x33,0x32,0x16,0x15,0x15,0x33,0x32,0x16,0x15,0x14,0x06,0x23,0x23,
  0x15,0x14,0x16,0x33,0x32,0x36,0x37,0x32,0x16,0x15,0x14,0x06,0x07,0x06,0x06,0x01,0x17,0x3C,0x52,0x28,0x3C,0x14,0x16,0x16,
  0x14,0x3C,0x1B,0x18,0x18,0x1A,0x75,0x14,0x16,0x16,0x14,0x75,0x2D,0x33,0x12,0x1B,0x09,0x0B,0x0E,0x0B,0x0E,0x0C,0x29,0x09,
  0x2A,0x52,0x3B,0xEC,0x15,0x12,0x13,0x14,0x67,0x19,0x1A,0x1A,0x19,0x67,0x14,0x13,0x12,0x15,0xE4,0x35,0x36,0x07,0x01,0x0F,
  0x15,0x0F,0x1A,0x04,0x04,0x07,0x00,0x01,0x00,0x44,0xFF,0xF7,0x01,0xF2,0x01,0xEF,0x00,0x23,0x00,0x00,0x57,0x22,0x26,0x26,
  0x35,0x11,0x34,0x36,0x33,0x32,0x16,0x15,0x11,0x14,0x16,0x33,0x32,0x36,0x35,0x35,0x34,0x36,0x33,0x32,0x16,0x15,0x11,0x14,
  0x23,0x22,0x26,0x35,0x35,0x17,0x06,0x06,0xF5,0x3B,0x4F,0x27,0x1A,0x18,0x18,0x1B,0x30,0x34,0x39,0x47,0x1A,0x19,0x18,0x1A,
  0x31,0x17,0x1A,0x0D,0x14,0x58,0x09,0x2C,0x57,0x42,0x01,0x00,0x1A,0x19,0x19,0x1A,0xFE,0xFF,0x3B,0x38,0x4D,0x3F,0xE8,0x1A,
  0x19,0x19,0x1A,0xFE,0x70,0x33,0x1B,0x18,0x55,0x16,0x38,0x3C,0x00,0x01,0x00,0x17,0xFF,0xF9,0x01,0xF3,0x01,0xEF,0x00,0x18,
  0x00,0x00,0x45,0x22,0x26,0x27,0x03,0x26,0x36,0x36,0x33,0x32,0x16,0x17,0x13,0x23,0x13,0x36,0x36,0x33,0x32,0x16,0x16,0x07,
  0x03,0x06,0x06,0x01,0x04,0x15,0x1F,0x0A,0xA7,0x08,0x04,0x1A,0x16,0x13,0x16,0x09,0x97,0x1C,0x9A,0x09,0x17,0x15,0x12,0x15,
  0x05,0x08,0xA9,0x09,0x20,0x07,0x16,0x17,0x01,0x84,0x12,0x20,0x13,0x12,0x16,0xFE,0x8C,0x01,0x74,0x16,0x12,0x13,0x1F,0x12,
  0xFE,0x7B,0x17,0x16,0x00,0x01,0x00,0x21,0xFF,0xF9,0x03,0x2D,0x01,0xEF,0x00,0x2A,0x00,0x00,0x57,0x22,0x26,0x27,0x03,0x26,
  0x36,0x36,0x33,0x32,0x16,0x17,0x13,0x23,0x13,0x36,0x36,0x33,0x32,0x16,0x17,0x13,0x23,0x13,0x36,0x36,0x33,0x32,0x16,0x16,
  0x07,0x03,0x06,0x06,0x23,0x22,0x26,0x27,0x03,0x33,0x03,0x06,0x06,0xF9,0x15,0x1F,0x09,0x93,0x08,0x06,0x19,0x14,0x12,0x17,
  0x08,0x83,0x18,0x88,0x07,0x18,0x13,0x13,0x19,0x06,0x85,0x16,0x85,0x08,0x19,0x10,0x14,0x15,0x03,0x07,0x93,0x09,0x1F,0x14,
  0x15,0x1F,0x09,0x8C,0x32,0x8B,0x08,0x1F,0x07,0x15,0x17,0x01,0x85,0x14,0x1F,0x12,0x11,0x18,0xFE,0x8F,0x01,0x75,0x13,0x12,
  0x12,0x13,0xFE,0x8B,0x01,0x73,0x17,0x10,0x14,0x1F,0x12,0xFE,0x7B,0x16,0x16,0x16,0x16,0x01,0x7B,0xFE,0x85,0x16,0x16,0x00,
  0x00,0x01,0x00,0x2E,0xFF,0xFA,0x01,0xEB,0x01,0xEF,0x00,0x27,0x00,0x00,0x57,0x22,0x26,0x26,0x37,0x37,0x15,0x27,0x26,0x36,
  0x36,0x33,0x32,0x16,0x17,0x17,0x23,0x37,0x36,0x36,0x33,0x32,0x16,0x16,0x07,0x07,0x35,0x17,0x16,0x06,0x06,0x23,0x22,0x26,
  0x27,0x27,0x33,0x07,0x06,0x06,0x58,0x12,0x17,0x01,0x0E,0xA9,0x9E,0x10,0x02,0x18,0x11,0x13,0x19,0x0B,0x85,0x24,0x86,0x0B,
  0x19,0x12,0x12,0x17,0x01,0x0F,0x9E,0xA9,0x0F,0x01,0x18,0x12,0x12,0x19,0x0C,0x8F,0x22,0x8E,0x0B,0x19,0x06,0x15,0x20,0x13,
  0xD3,0x32,0xC5,0x12,0x21,0x14,0x0D,0x0F,0xA9,0xA9,0x0F,0x0D,0x15,0x21,0x12,0xC2,0x2D,0xD0,0x12,0x21,0x15,0x0E,0x0E,0xB4,
  0xB4,0x0D,0x0F,0x00,0x00,0x01,0x00,0x17,0xFF,0x45,0x01,0xF3,0x01,0xEF,0x00,0x1B,0x00,0x00,0x57,0x22,0x26,0x26,0x37,0x37,
  0x15,0x03,0x26,0x36,0x36,0x33,0x32,0x16,0x17,0x13,0x23,0x13,0x36,0x36,0x33,0x32,0x16,0x16,0x07,0x03,0x06,0x06,0xBA,0x12,
  0x17,0x03,0x07,0x44,0xBB,0x07,0x04,0x1A,0x16,0x13,0x16,0x09,0x97,0x1C,0x99,0x09,0x18,0x15,0x12,0x15,0x05,0x08,0xFA,0x0A,
  0x19,0xBB,0x13,0x1F,0x12,0x99,0x2B,0x01,0xB3,0x12,0x20,0x13,0x12,0x16,0xFE,0x8B,0x01,0x75,0x17,0x11,0x13,0x1F,0x12,0xFD,
  0xC1,0x17,0x10,0x00,0x00,0x01,0x00,0x2D,0x00,0x00,0x01,0xC0,0x01,0xE8,0x00,0x1C,0x00,0x00,0x73,0x22,0x26,0x26,0x36,0x37,
  0x01,0x15,0x23,0x22,0x26,0x35,0x34,0x36,0x33,0x21,0x32,0x16,0x16,0x06,0x07,0x01,0x35,0x21,0x32,0x15,0x14,0x06,0x23,0x5A,
  0x10,0x14,0x07,0x07,0x0C,0x01,0x10,0xFE,0x13,0x14,0x14,0x13,0x01,0x2E,0x13,0x17,0x07,0x06,0x0C,0xFE,0xEC,0x01,0x0B,0x28,
  0x15,0x13,0x0F,0x19,0x1D,0x0D,0x01,0x61,0x19,0x15,0x12,0x13,0x14,0x10,0x18,0x1C,0x0D,0xFE,0x9B,0x1B,0x26,0x12,0x15,0x00,
  0x00,0x02,0x00,0x03,0xFF,0xF9,0x02,0x0C,0x02,0xC7,0x00,0x2D,0x00,0x39,0x00,0x00,0x57,0x22,0x26,0x35,0x11,0x23,0x22,0x26,
  0x35,0x34,0x36,0x33,0x33,0x07,0x35,0x34,0x36,0x37,0x37,0x36,0x16,0x16,0x06,0x06,0x07,0x07,0x06,0x06,0x15,0x15,0x27,0x21,
  0x32,0x16,0x15,0x11,0x14,0x06,0x23,0x22,0x26,0x35,0x11,0x23,0x11,0x14,0x01,0x22,0x26,0x35,0x34,0x36,0x33,0x32,0x16,0x15,
  0x14,0x06,0x97,0x18,0x1B,0x38,0x13,0x16,0x16,0x13,0x55,0x1D,0x60,0x5D,0x1E,0x12,0x16,0x08,0x06,0x0F,0x0B,0x1B,0x38,0x33,
  0x0E,0x01,0x12,0x19,0x1A,0x19,0x1A,0x18,0x1A,0xD2,0x01,0x06,0x1D,0x20,0x20,0x1D,0x1E,0x1F,0x1F,0x07,0x1B,0x18,0x01,0x6E,
  0x15,0x12,0x13,0x14,0x1B,0x24,0x61,0x66,0x09,0x02,0x02,0x0D,0x17,0x18,0x11,0x01,0x02,0x04,0x3A,0x38,0x27,0x10,0x1D,0x19,
  0xFE,0x7F,0x1A,0x1D,0x1D,0x1A,0x01,0x69,0xFE,0x92,0x33,0x02,0x5C,0x1E,0x1B,0x1C,0x1D,0x1D,0x1C,0x1B,0x1E,0x00,0xFF,0xFF,
  0x00,0x03,0xFF,0xF7,0x02,0x8B,0x02,0xC8,0x04,0x26,0x00,0x20,0x00,0x00,0x00,0x07,0x00,0x26,0x01,0x5B,0x00,0x00,0x00,0x02,
  0x00,0x30,0xFF,0xF7,0x02,0x28,0x02,0xCA,0x00,0x0D,0x00,0x19,0x00,0x00,0x45,0x22,0x26,0x35,0x34,0x36,0x36,0x33,0x32,0x16,
  0x15,0x14,0x06,0x06,0x27,0x32,0x36,0x35,0x34,0x26,0x23,0x22,0x06,0x15,0x14,0x16,0x01,0x2C,0x7B,0x81,0x3A,0x70,0x52,0x7C,
  0x80,0x3A,0x70,0x52,0x4D,0x49,0x49,0x4D,0x4C,0x4A,0x4A,0x09,0xBB,0xAF,0x77,0xA0,0x52,0xB7,0xB1,0x75,0xA2,0x54,0x56,0x87,
  0x8E,0x8F,0x83,0x83,0x8F,0x8E,0x87,0x00,0x00,0x01,0x00,0x6E,0x00,0x00,0x02,0x1A,0x02,0xC8,0x00,0x1F,0x00,0x00,0x73,0x22,
  0x26,0x35,0x34,0x36,0x33,0x33,0x11,0x33,0x07,0x06,0x2E,0x02,0x36,0x37,0x37,0x36,0x36,0x33,0x32,0x16,0x15,0x11,0x33,0x32,
  0x16,0x15,0x14,0x06,0x23,0x9B,0x15,0x18,0x18,0x15,0x7A,0x34,0x92,0x10,0x1B,0x13,0x07,0x0B,0x0F,0x8A,0x11,0x1F,0x0E,0x11,
  0x17,0x70,0x16,0x18,0x18,0x16,0x18,0x14,0x15,0x16,0x02,0x14,0x5D,0x09,0x04,0x12,0x1A,0x1C,0x09,0x57,0x0A,0x0D,0x13,0x16,
  0xFD,0xB8,0x16,0x15,0x15,0x17,0x00,0x01,0x00,0x3D,0x00,0x00,0x02,0x27,0x02,0xCA,0x00,0x2A,0x00,0x00,0x73,0x22,0x26,0x35,
  0x34,0x36,0x37,0x37,0x36,0x36,0x35,0x34,0x26,0x23,0x22,0x06,0x07,0x06,0x2E,0x02,0x36,0x37,0x36,0x36,0x33,0x32,0x16,0x16,
  0x15,0x14,0x06,0x06,0x07,0x07,0x35,0x21,0x32,0x16,0x15,0x14,0x06,0x23,0x83,0x1B,0x18,0x0E,0x0D,0xD5,0x31,0x2B,0x44,0x42,
  0x28,0x4A,0x25,0x0F,0x1A,0x13,0x06,0x08,0x0F,0x29,0x6C,0x38,0x49,0x65,0x34,0x1B,0x37,0x2C,0xCA,0x01,0x3E,0x16,0x18,0x18,
  0x16,0x19,0x16,0x0E,0x1A,0x0E,0xE4,0x34,0x57,0x2C,0x38,0x3A,0x18,0x1B,0x0A,0x02,0x12,0x1A,0x1C,0x0A,0x1F,0x22,0x2D,0x56,
  0x3E,0x2A,0x50,0x53,0x2E,0xD4,0x1D,0x16,0x15,0x15,0x17,0x00,0x00,0x01,0x00,0x2F,0xFF,0xF7,0x02,0x16,0x02,0xCA,0x00,0x3D,
  0x00,0x00,0x45,0x22,0x26,0x27,0x26,0x26,0x3E,0x02,0x17,0x16,0x16,0x33,0x32,0x36,0x36,0x35,0x34,0x26,0x23,0x23,0x22,0x26,
  0x35,0x34,0x36,0x33,0x33,0x32,0x36,0x36,0x35,0x34,0x26,0x23,0x22,0x06,0x07,0x06,0x2E,0x02,0x36,0x37,0x36,0x36,0x33,0x32,
  0x16,0x16,0x15,0x14,0x06,0x06,0x07,0x35,0x16,0x16,0x15,0x14,0x06,0x06,0x01,0x21,0x38,0x74,0x2B,0x10,0x0B,0x06,0x13,0x1C,
  0x11,0x2B,0x52,0x2C,0x30,0x42,0x21,0x4B,0x47,0x44,0x17,0x18,0x18,0x17,0x3A,0x2B,0x3C,0x21,0x43,0x40,0x29,0x49,0x27,0x0F,
  0x1B,0x13,0x07,0x0A,0x0F,0x2A,0x6A,0x38,0x46,0x65,0x35,0x20,0x3B,0x2A,0x49,0x50,0x3B,0x6E,0x09,0x1F,0x1F,0x0A,0x1D,0x19,
  0x12,0x03,0x0A,0x1A,0x17,0x1C,0x36,0x26,0x39,0x39,0x17,0x15,0x14,0x17,0x1D,0x35,0x26,0x33,0x37,0x16,0x1C,0x0A,0x03,0x11,
  0x1A,0x1C,0x0A,0x1F,0x21,0x2C,0x52,0x39,0x2B,0x46,0x31,0x0A,0x0B,0x0C,0x5F,0x47,0x3E,0x5B,0x30,0x00,0x00,0x02,0x00,0x29,
  0xFF,0xF9,0x02,0x41,0x02,0xC8,0x00,0x1E,0x00,0x23,0x00,0x00,0x45,0x22,0x26,0x35,0x35,0x21,0x22,0x26,0x35,0x34,0x36,0x37,
  0x01,0x36,0x36,0x33,0x32,0x16,0x15,0x11,0x33,0x32,0x16,0x15,0x14,0x06,0x23,0x23,0x15,0x14,0x06,0x27,0x11,0x33,0x01,0x35,
  0x01,0xA0,0x18,0x1C,0xFE,0xF4,0x19,0x1E,0x0D,0x11,0x01,0x23,0x0B,0x1C,0x12,0x15,0x1B,0x3F,0x18,0x17,0x17,0x18,0x3F,0x1B,
  0x4C,0x1B,0xFE,0xFB,0x07,0x1B,0x18,0x63,0x16,0x17,0x0D,0x1E,0x18,0x01,0xA7,0x11,0x11,0x19,0x1A,0xFE,0x51,0x16,0x15,0x16,
  0x16,0x63,0x18,0x1B,0xED,0x01,0x61,0xFE,0x83,0x1C,0x00,0x01,0x00,0x49,0xFF,0xF7,0x02,0x2D,0x02,0xC1,0x00,0x34,0x00,0x00,
  0x45,0x22,0x26,0x27,0x26,0x26,0x3E,0x02,0x17,0x16,0x16,0x33,0x32,0x36,0x36,0x35,0x34,0x26,0x23,0x22,0x06,0x07,0x06,0x06,
  0x23,0x22,0x26,0x35,0x11,0x34,0x36,0x33,0x21,0x32,0x16,0x15,0x14,0x06,0x23,0x21,0x15,0x23,0x36,0x36,0x33,0x32,0x16,0x16,
  0x15,0x14,0x06,0x06,0x01,0x37,0x37,0x70,0x2E,0x0F,0x0A,0x06,0x13,0x1C,0x10,0x27,0x53,0x2D,0x2E,0x42,0x23,0x4A,0x42,0x26,
  0x42,0x1E,0x07,0x17,0x0E,0x15,0x16,0x18,0x16,0x01,0x4F,0x16,0x18,0x18,0x16,0xFE,0xE8,0x1C,0x1B,0x59,0x36,0x43,0x62,0x36,
  0x3C,0x6E,0x09,0x1F,0x21,0x09,0x1C,0x1B,0x12,0x03,0x0A,0x19,0x1A,0x22,0x3D,0x29,0x3F,0x50,0x1B,0x1F,0x08,0x0D,0x16,0x13,
  0x01,0x53,0x16,0x18,0x16,0x15,0x15,0x17,0xFE,0x26,0x2A,0x38,0x65,0x43,0x44,0x67,0x3A,0x00,0x00,0x02,0x00,0x3A,0xFF,0xF7,
  0x02,0x29,0x02,0xCA,0x00,0x26,0x00,0x36,0x00,0x00,0x45,0x22,0x26,0x26,0x35,0x34,0x3E,0x02,0x33,0x32,0x16,0x17,0x16,0x16,
  0x0E,0x02,0x27,0x26,0x26,0x23,0x22,0x06,0x06,0x15,0x15,0x23,0x3E,0x02,0x33,0x32,0x16,0x16,0x15,0x14,0x06,0x06,0x27,0x32,
  0x36,0x36,0x35,0x34,0x26,0x26,0x23,0x22,0x06,0x06,0x15,0x14,0x16,0x16,0x01,0x45,0x55,0x77,0x3F,0x28,0x4C,0x6D,0x45,0x2D,
  0x5E,0x27,0x0D,0x07,0x06,0x12,0x1B,0x0F,0x22,0x43,0x21,0x3E,0x56,0x2C,0x0B,0x07,0x35,0x54,0x33,0x3E,0x5F,0x36,0x3A,0x67,
  0x49,0x29,0x3E,0x22,0x22,0x3E,0x29,0x29,0x3D,0x23,0x23,0x3D,0x09,0x52,0x9B,0x6D,0x5B,0x8C,0x60,0x32,0x1F,0x1F,0x09,0x1B,
  0x19,0x12,0x03,0x0A,0x19,0x15,0x3C,0x78,0x59,0x55,0x36,0x4F,0x2A,0x3A,0x65,0x41,0x43,0x6A,0x3B,0x54,0x24,0x41,0x2B,0x2B,
  0x40,0x25,0x25,0x40,0x2B,0x2B,0x41,0x24,0x00,0x01,0x00,0x36,0xFF,0xF9,0x02,0x1E,0x02,0xC1,0x00,0x17,0x00,0x00,0x57,0x22,
  0x26,0x26,0x37,0x01,0x15,0x21,0x22,0x26,0x35,0x34,0x36,0x33,0x21,0x32,0x16,0x15,0x14,0x06,0x07,0x01,0x06,0x06,0xAA,0x12,
  0x19,0x05,0x09,0x01,0x39,0xFE,0xA8,0x16,0x18,0x18,0x16,0x01,0x89,0x16,0x1B,0x09,0x08,0xFE,0xD7,0x09,0x1C,0x07,0x11,0x1F,
  0x13,0x02,0x55,0x27,0x17,0x14,0x15,0x17,0x17,0x15,0x12,0x1A,0x10,0xFD,0xC2,0x12,0x10,0x00,0x00,0x03,0x00,0x2C,0xFF,0xF7,
  0x02,0x2C,0x02,0xCA,0x00,0x1F,0x00,0x2B,0x00,0x38,0x00,0x00,0x45,0x22,0x26,0x26,0x35,0x34,0x36,0x36,0x37,0x15,0x26,0x26,
  0x35,0x34,0x36,0x36,0x33,0x32,0x16,0x16,0x15,0x14,0x06,0x06,0x07,0x35,0x16,0x16,0x15,0x14,0x06,0x06,0x27,0x32,0x36,0x35,
  0x34,0x26,0x23,0x22,0x06,0x15,0x14,0x16,0x13,0x32,0x36,0x36,0x35,0x34,0x26,0x23,0x22,0x06,0x15,0x14,0x16,0x01,0x2C,0x50,
  0x73,0x3D,0x28,0x48,0x2F,0x41,0x4D,0x3B,0x6C,0x48,0x49,0x6C,0x3B,0x23,0x40,0x2B,0x47,0x57,0x3D,0x72,0x51,0x4F,0x50,0x50,
  0x4F,0x4E,0x51,0x51,0x4E,0x2D,0x3F,0x22,0x4B,0x43,0x43,0x4A,0x4A,0x09,0x2E,0x59,0x3E,0x32,0x4D,0x30,0x06,0x12,0x0E,0x5F,
  0x42,0x3B,0x55,0x2C,0x2C,0x55,0x3B,0x2C,0x49,0x31,0x08,0x11,0x0A,0x61,0x4A,0x3E,0x59,0x2E,0x52,0x3D,0x3D,0x3D,0x3C,0x3C,
  0x3D,0x3D,0x3D,0x01,0x45,0x1D,0x35,0x24,0x36,0x3E,0x3E,0x36,0x37,0x3F,0x00,0x02,0x00,0x2F,0xFF,0xF7,0x02,0x1E,0x02,0xCA,
  0x00,0x26,0x00,0x36,0x00,0x00,0x57,0x22,0x26,0x27,0x26,0x26,0x3E,0x02,0x17,0x16,0x16,0x33,0x32,0x36,0x36,0x35,0x35,0x33,
  0x0E,0x02,0x23,0x22,0x26,0x26,0x35,0x34,0x36,0x36,0x33,0x32,0x16,0x16,0x15,0x14,0x0E,0x02,0x03,0x32,0x36,0x36,0x35,0x34,
  0x26,0x26,0x23,0x22,0x06,0x06,0x15,0x14,0x16,0x16,0xF8,0x2C,0x5F,0x27,0x0D,0x07,0x06,0x12,0x1B,0x0F,0x22,0x43,0x21,0x3E,
  0x56,0x2C,0x0B,0x07,0x35,0x54,0x33,0x3D,0x60,0x36,0x3A,0x67,0x43,0x56,0x76,0x3F,0x28,0x4C,0x6D,0x23,0x28,0x3E,0x23,0x23,
  0x3E,0x28,0x29,0x3D,0x23,0x23,0x3D,0x09,0x1F,0x1F,0x09,0x1B,0x19,0x13,0x03,0x0A,0x19,0x16,0x3C,0x78,0x59,0x55,0x35,0x50,
  0x2A,0x3A,0x66,0x40,0x44,0x69,0x3B,0x51,0x9C,0x6D,0x5B,0x8C,0x60,0x32,0x01,0x60,0x24,0x42,0x2A,0x2B,0x41,0x24,0x24,0x41,
  0x2B,0x2A,0x42,0x24,0x00,0x01,0x00,0x37,0xFF,0xFC,0x00,0xB7,0x00,0x7B,0x00,0x0B,0x00,0x00,0x57,0x22,0x26,0x35,0x34,0x36,
  0x33,0x32,0x16,0x15,0x14,0x06,0x78,0x1D,0x24,0x24,0x1D,0x1D,0x22,0x22,0x04,0x24,0x1C,0x1C,0x23,0x23,0x1C,0x1C,0x24,0x00,
  0x00,0x01,0x00,0x37,0xFF,0x89,0x00,0xB7,0x00,0x7B,0x00,0x15,0x00,0x00,0x57,0x06,0x06,0x26,0x26,0x37,0x36,0x36,0x35,0x17,
  0x22,0x26,0x35,0x34,0x36,0x33,0x32,0x16,0x15,0x14,0x06,0x06,0x83,0x0B,0x19,0x12,0x02,0x0C,0x12,0x0D,0x04,0x1E,0x25,0x22,
  0x1D,0x1E,0x23,0x09,0x16,0x65,0x0E,0x04,0x0E,0x19,0x0F,0x16,0x2F,0x12,0x1A,0x23,0x1D,0x1C,0x23,0x29,0x26,0x16,0x30,0x32,
  0x00,0x02,0x00,0x37,0xFF,0xFC,0x00,0xB7,0x01,0xEC,0x00,0x0B,0x00,0x17,0x00,0x00,0x57,0x22,0x26,0x35,0x34,0x36,0x33,0x32,
  0x16,0x15,0x14,0x06,0x03,0x22,0x26,0x35,0x34,0x36,0x33,0x32,0x16,0x15,0x14,0x06,0x78,0x1D,0x24,0x24,0x1D,0x1D,0x22,0x22,
  0x1D,0x1D,0x24,0x24,0x1D,0x1D,0x22,0x22,0x04,0x24,0x1C,0x1C,0x23,0x23,0x1C,0x1C,0x24,0x01,0x71,0x24,0x1B,0x1D,0x23,0x23,
  0x1D,0x1B,0x24,0x00,0x00,0x02,0x00,0x37,0xFF,0x89,0x00,0xB7,0x01,0xEC,0x00,0x15,0x00,0x21,0x00,0x00,0x57,0x06,0x06,0x26,
  0x26,0x37,0x36,0x36,0x35,0x17,0x22,0x26,0x35,0x34,0x36,0x33,0x32,0x16,0x15,0x14,0x06,0x06,0x03,0x22,0x26,0x35,0x34,0x36,
  0x33,0x32,0x16,0x15,0x14,0x06,0x83,0x0B,0x19,0x12,0x02,0x0C,0x12,0x0D,0x04,0x1E,0x25,0x22,0x1D,0x1E,0x23,0x09,0x16,0x20,
  0x1D,0x24,0x24,0x1D,0x1D,0x22,0x22,0x65,0x0E,0x04,0x0E,0x19,0x0F,0x16,0x2F,0x12,0x1A,0x23,0x1D,0x1C,0x23,0x29,0x26,0x16,
  0x30,0x32,0x01,0xB9,0x24,0x1B,0x1D,0x23,0x23,0x1D,0x1B,0x24,0x00,0x02,0x00,0x37,0xFF,0xFC,0x00,0xB7,0x02,0xC8,0x00,0x0D,
  0x00,0x19,0x00,0x00,0x77,0x22,0x26,0x27,0x03,0x26,0x36,0x33,0x32,0x16,0x07,0x03,0x06,0x06,0x07,0x22,0x26,0x35,0x34,0x36,
  0x33,0x32,0x16,0x15,0x14,0x06,0x78,0x10,0x11,0x02,0x18,0x02,0x1E,0x1F,0x1D,0x1E,0x03,0x18,0x01,0x11,0x0E,0x1D,0x24,0x24,
  0x1D,0x1D,0x22,0x22,0xBE,0x14,0x12,0x01,0xA2,0x1E,0x24,0x24,0x1E,0xFE,0x5E,0x12,0x14,0xC2,0x24,0x1C,0x1C,0x23,0x23,0x1C,
  0x1C,0x24,0x00,0x02,0x00,0x03,0xFF,0xFC,0x01,0xAE,0x02,0xCA,0x00,0x28,0x00,0x34,0x00,0x00,0x77,0x22,0x26,0x35,0x34,0x36,
  0x36,0x37,0x3E,0x02,0x35,0x34,0x26,0x23,0x22,0x06,0x07,0x06,0x2E,0x02,0x36,0x37,0x36,0x36,0x33,0x32,0x16,0x16,0x15,0x14,
  0x06,0x06,0x07,0x0E,0x02,0x07,0x06,0x06,0x07,0x22,0x26,0x35,0x34,0x36,0x33,0x32,0x16,0x15,0x14,0x06,0xD7,0x0F,0x12,0x10,
  0x24,0x1E,0x18,0x1B,0x0C,0x36,0x31,0x2B,0x48,0x22,0x13,0x1D,0x13,0x05,0x0D,0x11,0x28,0x6A,0x33,0x3C,0x5A,0x32,0x12,0x27,
  0x23,0x1F,0x26,0x11,0x03,0x01,0x12,0x10,0x1D,0x24,0x24,0x1D,0x1E,0x21,0x21,0xBF,0x15,0x11,0x21,0x3B,0x3C,0x22,0x1B,0x2A,
  0x27,0x15,0x26,0x2C,0x19,0x17,0x0C,0x02,0x11,0x1B,0x1D,0x0C,0x1D,0x20,0x28,0x48,0x31,0x1F,0x38,0x39,0x22,0x1F,0x33,0x2F,
  0x1A,0x0D,0x10,0xC3,0x24,0x1C,0x1C,0x23,0x23,0x1C,0x1C,0x24,0x00,0x01,0x00,0x37,0x00,0xCC,0x00,0xB7,0x01,0x4A,0x00,0x0B,
  0x00,0x00,0x77,0x22,0x26,0x35,0x34,0x36,0x33,0x32,0x16,0x15,0x14,0x06,0x78,0x1D,0x24,0x24,0x1D,0x1D,0x22,0x22,0xCC,0x23,
  0x1C,0x1C,0x23,0x23,0x1C,0x1C,0x23,0x00,0x00,0x01,0x00,0x1F,0x01,0x63,0x01,0xA5,0x02,0xC6,0x00,0x35,0x00,0x00,0x53,0x26,
  0x26,0x37,0x37,0x17,0x07,0x06,0x26,0x35,0x34,0x36,0x17,0x17,0x07,0x27,0x26,0x36,0x37,0x36,0x16,0x17,0x17,0x23,0x37,0x36,
  0x36,0x17,0x16,0x16,0x07,0x07,0x27,0x37,0x36,0x16,0x15,0x14,0x06,0x27,0x27,0x37,0x17,0x16,0x06,0x07,0x06,0x26,0x27,0x27,
  0x33,0x07,0x06,0x06,0x7F,0x0F,0x05,0x0B,0x43,0x0F,0x7D,0x14,0x18,0x18,0x14,0x7D,0x0E,0x43,0x0B,0x05,0x0F,0x0E,0x1D,0x09,
  0x34,0x0C,0x34,0x09,0x1D,0x0F,0x0F,0x03,0x0B,0x43,0x0D,0x7C,0x15,0x18,0x18,0x15,0x7C,0x0D,0x43,0x0B,0x03,0x0F,0x10,0x1D,
  0x08,0x34,0x0C,0x35,0x09,0x1C,0x01,0x6B,0x09,0x1E,0x11,0x68,0x14,0x05,0x01,0x12,0x11,0x11,0x12,0x01,0x06,0x14,0x69,0x12,
  0x1D,0x08,0x0A,0x0F,0x12,0x67,0x67,0x13,0x0E,0x0A,0x09,0x1D,0x12,0x68,0x14,0x06,0x01,0x12,0x11,0x12,0x11,0x01,0x05,0x14,
  0x68,0x11,0x1D,0x09,0x09,0x0D,0x12,0x68,0x68,0x12,0x0D,0x00,0x00,0x02,0x00,0x24,0xFF,0xF9,0x02,0x34,0x02,0xC8,0x00,0x4F,
  0x00,0x53,0x00,0x00,0x57,0x22,0x26,0x37,0x37,0x17,0x23,0x22,0x26,0x26,0x35,0x34,0x36,0x33,0x33,0x07,0x37,0x17,0x23,0x22,
  0x26,0x26,0x35,0x34,0x36,0x33,0x33,0x07,0x37,0x36,0x36,0x33,0x32,0x16,0x07,0x07,0x33,0x37,0x36,0x36,0x33,0x32,0x16,0x07,
  0x07,0x27,0x33,0x32,0x16,0x16,0x15,0x14,0x06,0x23,0x23,0x37,0x07,0x27,0x33,0x32,0x16,0x16,0x15,0x14,0x06,0x23,0x23,0x37,
  0x07,0x06,0x06,0x23,0x22,0x26,0x37,0x37,0x23,0x07,0x06,0x06,0x37,0x33,0x37,0x23,0x7B,0x13,0x0F,0x04,0x1C,0x23,0x4F,0x0D,
  0x13,0x09,0x15,0x14,0x5C,0x26,0x2F,0x1B,0x6C,0x0D,0x12,0x0A,0x16,0x13,0x79,0x20,0x1E,0x04,0x16,0x11,0x12,0x0F,0x04,0x1A,
  0x90,0x1C,0x04,0x16,0x11,0x12,0x0F,0x04,0x1B,0x1B,0x47,0x0E,0x12,0x09,0x15,0x14,0x55,0x1F,0x2F,0x1B,0x6C,0x0D,0x12,0x0A,
  0x15,0x14,0x79,0x20,0x20,0x03,0x16,0x11,0x12,0x10,0x04,0x1C,0x90,0x1D,0x03,0x16,0x43,0x8F,0x2B,0x8F,0x07,0x18,0x14,0x94,
  0x08,0x08,0x10,0x0B,0x11,0x11,0x08,0xEF,0x0A,0x09,0x0F,0x0B,0x11,0x11,0x09,0x95,0x13,0x11,0x17,0x15,0x84,0x8C,0x13,0x11,
  0x17,0x15,0x8D,0x09,0x08,0x0F,0x0B,0x10,0x13,0x0A,0xEF,0x08,0x08,0x0F,0x0B,0x11,0x12,0x08,0x9C,0x13,0x11,0x17,0x15,0x8C,
  0x94,0x13,0x11,0xFD,0xDD,0x00,0x00,0x01,0xFF,0xF3,0xFF,0xC2,0x01,0x35,0x02,0xEF,0x00,0x0D,0x00,0x00,0x57,0x06,0x06,0x22,
  0x26,0x26,0x37,0x13,0x36,0x36,0x1E,0x02,0x07,0x46,0x05,0x16,0x1A,0x15,0x09,0x05,0xEB,0x05,0x16,0x19,0x15,0x09,0x04,0x20,
  0x10,0x0E,0x0D,0x18,0x11,0x02,0xD8,0x10,0x0F,0x01,0x0D,0x17,0x11,0x00,0x00,0x01,0xFF,0xF3,0xFF,0xC2,0x01,0x35,0x02,0xEF,
  0x00,0x0D,0x00,0x00,0x57,0x03,0x26,0x3E,0x02,0x16,0x17,0x13,0x16,0x06,0x06,0x22,0x26,0xE3,0xEB,0x05,0x0A,0x14,0x1A,0x16,
  0x05,0xEB,0x04,0x09,0x15,0x1A,0x15,0x20,0x02,0xD9,0x11,0x17,0x0D,0x01,0x0F,0x10,0xFD,0x28,0x11,0x18,0x0D,0x0E,0x00,0x01,
  0x00,0x3F,0x00,0xE2,0x01,0x6E,0x01,0x34,0x00,0x0D,0x00,0x00,0x77,0x22,0x26,0x35,0x34,0x36,0x33,0x33,0x32,0x16,0x15,0x14,
  0x06,0x23,0x69,0x12,0x18,0x18,0x12,0xDC,0x11,0x18,0x18,0x11,0xE2,0x18,0x11,0x12,0x17,0x17,0x12,0x11,0x18,0x00,0x00,0x01,
  0xFF,0xF9,0x00,0xEB,0x01,0xFB,0x01,0x2A,0x00,0x0D,0x00,0x00,0x77,0x22,0x26,0x35,0x34,0x36,0x33,0x21,0x32,0x16,0x15,0x14,
  0x06,0x23,0x1B,0x0F,0x13,0x13,0x0F,0x01,0xBF,0x0E,0x13,0x13,0x0E,0xEB,0x13,0x0D,0x0E,0x11,0x11,0x0E,0x0D,0x13,0x00,0x01,
  0xFF,0xF9,0x00,0xEB,0x03,0xEF,0x01,0x2A,0x00,0x0D,0x00,0x00,0x77,0x22,0x26,0x35,0x34,0x36,0x33,0x21,0x32,0x16,0x15,0x14,
  0x06,0x23,0x1B,0x0F,0x13,0x13,0x0F,0x03,0xB3,0x0E,0x13,0x13,0x0E,0xEB,0x13,0x0D,0x0E,0x11,0x11,0x0E,0x0D,0x13,0x00,0x01,
  0x00,0x0D,0xFF,0xC1,0x01,0xE7,0x00,0x00,0x00,0x0D,0x00,0x00,0x57,0x22,0x26,0x35,0x34,0x36,0x33,0x21,0x32,0x16,0x15,0x14,
  0x06,0x23,0x2F,0x0F,0x13,0x13,0x0F,0x01,0x97,0x0E,0x13,0x13,0x0E,0x3F,0x12,0x0D,0x0D,0x13,0x13,0x0D,0x0D,0x12,0x00,0x01,
  0x00,0x65,0xFF,0x43,0x01,0x25,0x02,0xCB,0x00,0x18,0x00,0x00,0x57,0x26,0x26,0x35,0x34,0x36,0x36,0x37,0x36,0x36,0x16,0x16,
  0x07,0x0E,0x02,0x15,0x14,0x16,0x16,0x17,0x16,0x06,0x06,0x26,0xD5,0x3A,0x36,0x18,0x31,0x27,0x09,0x1F,0x1B,0x0D,0x08,0x1A,
  0x21,0x11,0x11,0x23,0x18,0x08,0x0D,0x1B,0x1F,0xA6,0x65,0xD9,0x6F,0x4A,0x92,0x8E,0x43,0x10,0x07,0x0C,0x1E,0x17,0x41,0x80,
  0x7F,0x43,0x42,0x80,0x7F,0x42,0x17,0x1E,0x0C,0x08,0x00,0x01,0x00,0x2B,0xFF,0x43,0x00,0xEB,0x02,0xCB,0x00,0x18,0x00,0x00,
  0x57,0x06,0x06,0x26,0x26,0x37,0x3E,0x02,0x35,0x34,0x26,0x26,0x27,0x26,0x36,0x36,0x16,0x17,0x16,0x16,0x15,0x14,0x06,0x06,
  0x7B,0x09,0x1F,0x1C,0x0C,0x08,0x1B,0x20,0x11,0x12,0x21,0x19,0x08,0x0D,0x1C,0x1E,0x09,0x3A,0x36,0x19,0x30,0xA6,0x0F,0x08,
  0x0C,0x1E,0x17,0x42,0x7F,0x80,0x42,0x43,0x7F,0x7F,0x42,0x17,0x1E,0x0C,0x07,0x10,0x64,0xD9,0x70,0x4A,0x93,0x8E,0x00,0x01,
  0x00,0x27,0xFF,0x4C,0x01,0x70,0x02,0xC1,0x00,0x35,0x00,0x00,0x57,0x22,0x26,0x26,0x35,0x35,0x34,0x26,0x27,0x22,0x26,0x35,
  0x34,0x36,0x37,0x36,0x36,0x35,0x35,0x34,0x36,0x33,0x33,0x32,0x16,0x15,0x14,0x06,0x23,0x23,0x22,0x06,0x15,0x15,0x14,0x06,
  0x06,0x23,0x35,0x32,0x16,0x16,0x15,0x15,0x14,0x16,0x33,0x33,0x32,0x16,0x15,0x14,0x06,0x23,0xFE,0x22,0x32,0x19,0x1F,0x29,
  0x0F,0x13,0x13,0x0F,0x29,0x1F,0x39,0x34,0x47,0x13,0x18,0x15,0x10,0x2C,0x14,0x15,0x19,0x2A,0x1A,0x1A,0x2A,0x19,0x15,0x14,
  0x2C,0x10,0x15,0x18,0x13,0xB4,0x19,0x32,0x24,0xD4,0x29,0x26,0x01,0x18,0x10,0x11,0x16,0x01,0x01,0x26,0x28,0xD4,0x36,0x39,
  0x16,0x11,0x10,0x17,0x16,0x16,0xD4,0x1E,0x33,0x1E,0x04,0x1D,0x32,0x1F,0xD4,0x16,0x16,0x17,0x10,0x11,0x16,0x00,0x00,0x01,
  0x00,0x02,0xFF,0x4C,0x01,0x4B,0x02,0xC1,0x00,0x35,0x00,0x00,0x57,0x22,0x26,0x35,0x34,0x36,0x33,0x33,0x32,0x36,0x35,0x35,
  0x34,0x36,0x36,0x33,0x15,0x22,0x26,0x26,0x35,0x35,0x34,0x26,0x23,0x23,0x22,0x26,0x35,0x34,0x36,0x33,0x33,0x32,0x16,0x16,
  0x15,0x15,0x14,0x16,0x17,0x16,0x16,0x15,0x14,0x06,0x23,0x06,0x06,0x15,0x15,0x14,0x06,0x23,0x2D,0x12,0x19,0x15,0x10,0x2C,
  0x15,0x14,0x19,0x2B,0x19,0x19,0x2B,0x19,0x14,0x15,0x2C,0x10,0x15,0x19,0x12,0x46,0x24,0x31,0x19,0x20,0x27,0x11,0x12,0x12,
  0x11,0x27,0x20,0x38,0x36,0xB4,0x16,0x11,0x10,0x17,0x16,0x16,0xD4,0x1F,0x32,0x1E,0x04,0x1D,0x33,0x1E,0xD4,0x16,0x16,0x17,
  0x10,0x11,0x16,0x19,0x32,0x24,0xD4,0x28,0x26,0x01,0x01,0x17,0x11,0x0F,0x18,0x01,0x26,0x29,0xD4,0x36,0x39,0x00,0x00,0x01,
  0x00,0x6C,0xFF,0x4C,0x01,0x4B,0x02,0xC1,0x00,0x17,0x00,0x00,0x57,0x22,0x26,0x35,0x11,0x34,0x36,0x33,0x33,0x32,0x16,0x15,
  0x14,0x06,0x23,0x23,0x11,0x33,0x32,0x16,0x15,0x14,0x06,0x23,0x97,0x12,0x19,0x19,0x12,0x8C,0x12,0x16,0x16,0x12,0x52,0x52,
  0x12,0x16,0x16,0x12,0xB4,0x19,0x12,0x03,0x1F,0x13,0x18,0x16,0x11,0x10,0x17,0xFD,0x27,0x17,0x10,0x11,0x16,0x00,0x00,0x01,
  0x00,0x02,0xFF,0x4C,0x00,0xE1,0x02,0xC1,0x00,0x17,0x00,0x00,0x57,0x22,0x26,0x35,0x34,0x36,0x33,0x33,0x11,0x23,0x22,0x26,
  0x35,0x34,0x36,0x33,0x33,0x32,0x16,0x15,0x11,0x14,0x06,0x23,0x2A,0x12,0x16,0x16,0x12,0x52,0x52,0x12,0x16,0x16,0x12,0x8C,
  0x12,0x19,0x19,0x12,0xB4,0x16,0x11,0x10,0x17,0x02,0xD9,0x17,0x10,0x11,0x16,0x18,0x13,0xFC,0xE1,0x12,0x19,0x00,0xFF,0xFF,
  0x00,0x37,0x01,0xD2,0x01,0x6A,0x02,0xC4,0x04,0x26,0x00,0x59,0x00,0x00,0x00,0x07,0x00,0x59,0x00,0xB3,0x00,0x00,0xFF,0xFF,
  0x00,0x37,0x01,0xD4,0x01,0x6A,0x02,0xC5,0x04,0x26,0x00,0x5A,0x00,0x00,0x00,0x07,0x00,0x5A,0x00,0xB3,0x00,0x00,0x00,0x01,
  0x00,0x37,0x01,0xD2,0x00,0xB7,0x02,0xC4,0x00,0x15,0x00,0x00,0x53,0x36,0x36,0x16,0x16,0x07,0x06,0x06,0x15,0x27,0x32,0x16,
  0x15,0x14,0x06,0x23,0x22,0x26,0x35,0x34,0x36,0x36,0x6A,0x0C,0x18,0x12,0x03,0x0C,0x12,0x0E,0x03,0x1E,0x25,0x23,0x1C,0x1E,
  0x23,0x09,0x17,0x02,0xB1,0x0F,0x04,0x0D,0x19,0x0F,0x17,0x2E,0x13,0x1A,0x23,0x1D,0x1B,0x24,0x2A,0x25,0x16,0x30,0x32,0x00,
  0x00,0x01,0x00,0x37,0x01,0xD4,0x00,0xB7,0x02,0xC5,0x00,0x15,0x00,0x00,0x53,0x06,0x06,0x26,0x26,0x37,0x36,0x36,0x35,0x17,
  0x22,0x26,0x35,0x34,0x36,0x33,0x32,0x16,0x15,0x14,0x06,0x06,0x83,0x0B,0x19,0x12,0x02,0x0C,0x12,0x0D,0x04,0x1E,0x25,0x22,
  0x1D,0x1E,0x23,0x09,0x16,0x01,0xE6,0x0E,0x04,0x0D,0x19,0x0F,0x17,0x2E,0x12,0x1A,0x23,0x1D,0x1C,0x23,0x28,0x26,0x16,0x30,
  0x32,0x00,0xFF,0xFF,0x00,0x3B,0x01,0x9F,0x01,0x65,0x02,0xC8,0x04,0x26,0x00,0x5C,0x00,0x00,0x00,0x07,0x00,0x5C,0x00,0xBA,
  0x00,0x00,0x00,0x01,0x00,0x3B,0x01,0x9F,0x00,0xAB,0x02,0xC8,0x00,0x0E,0x00,0x00,0x53,0x22,0x26,0x27,0x27,0x26,0x36,0x33,
  0x32,0x16,0x16,0x07,0x07,0x06,0x06,0x74,0x0E,0x16,0x02,0x10,0x03,0x20,0x19,0x10,0x1A,0x0D,0x02,0x10,0x01,0x15,0x01,0x9F,
  0x15,0x12,0xC7,0x19,0x22,0x0F,0x1B,0x11,0xC7,0x12,0x15,0x00,0x00,0x02,0x00,0x3A,0xFF,0x5C,0x03,0x7A,0x02,0xCA,0x00,0x4B,
  0x00,0x59,0x00,0x00,0x45,0x22,0x2E,0x02,0x35,0x34,0x3E,0x02,0x33,0x32,0x16,0x16,0x15,0x14,0x06,0x06,0x23,0x22,0x26,0x37,
  0x37,0x06,0x06,0x23,0x22,0x26,0x35,0x34,0x36,0x36,0x33,0x32,0x16,0x17,0x23,0x37,0x36,0x33,0x32,0x16,0x07,0x07,0x06,0x06,
  0x15,0x14,0x16,0x33,0x32,0x36,0x36,0x35,0x34,0x26,0x26,0x23,0x22,0x06,0x06,0x15,0x14,0x16,0x16,0x33,0x32,0x36,0x37,0x36,
  0x16,0x16,0x06,0x07,0x06,0x06,0x03,0x32,0x36,0x36,0x35,0x34,0x26,0x23,0x22,0x06,0x06,0x15,0x14,0x16,0x01,0xE5,0x5F,0x9E,
  0x71,0x3D,0x3F,0x76,0xA3,0x62,0x75,0xB0,0x61,0x30,0x56,0x3A,0x3C,0x40,0x01,0x19,0x19,0x5C,0x34,0x4F,0x57,0x38,0x62,0x3E,
  0x35,0x45,0x0B,0x0E,0x0B,0x06,0x26,0x13,0x13,0x04,0x25,0x03,0x03,0x1D,0x1C,0x24,0x36,0x1E,0x50,0x91,0x63,0x6E,0xA5,0x5C,
  0x57,0x9F,0x6B,0x46,0x72,0x2B,0x0F,0x1B,0x0F,0x04,0x0F,0x2E,0x87,0x7D,0x29,0x41,0x25,0x2F,0x30,0x29,0x42,0x25,0x32,0xA4,
  0x3D,0x73,0x9F,0x64,0x63,0xA3,0x76,0x3F,0x5D,0xA6,0x70,0x57,0x7F,0x46,0x44,0x3C,0x01,0x3F,0x42,0x62,0x56,0x49,0x73,0x42,
  0x36,0x32,0x3D,0x25,0x16,0x15,0xD3,0x0F,0x19,0x0B,0x20,0x20,0x37,0x64,0x42,0x5E,0x89,0x4A,0x5D,0xAA,0x72,0x73,0xA6,0x58,
  0x24,0x22,0x0C,0x05,0x16,0x1B,0x0C,0x26,0x2C,0x01,0x22,0x33,0x59,0x39,0x35,0x35,0x30,0x53,0x36,0x39,0x3D,0x00,0x00,0x03,
  0x00,0x3C,0xFF,0xF7,0x02,0x9A,0x02,0xCA,0x00,0x37,0x00,0x45,0x00,0x54,0x00,0x00,0x45,0x22,0x26,0x26,0x35,0x34,0x3E,0x02,
  0x37,0x37,0x07,0x26,0x26,0x35,0x34,0x36,0x36,0x33,0x32,0x16,0x15,0x14,0x06,0x06,0x07,0x37,0x17,0x23,0x3E,0x02,0x37,0x36,
  0x36,0x33,0x32,0x16,0x07,0x0E,0x02,0x07,0x27,0x17,0x16,0x06,0x06,0x23,0x22,0x26,0x27,0x27,0x33,0x06,0x06,0x27,0x32,0x36,
  0x37,0x07,0x27,0x17,0x07,0x0E,0x02,0x15,0x14,0x16,0x13,0x22,0x06,0x15,0x14,0x16,0x16,0x17,0x23,0x3E,0x02,0x35,0x34,0x26,
  0x01,0x25,0x48,0x69,0x38,0x12,0x25,0x37,0x23,0x21,0x0E,0x2E,0x27,0x2D,0x53,0x37,0x4B,0x5C,0x1D,0x42,0x39,0x01,0xB4,0x16,
  0x0D,0x15,0x0F,0x03,0x03,0x16,0x14,0x15,0x16,0x03,0x04,0x16,0x20,0x15,0x01,0x62,0x0F,0x01,0x17,0x14,0x12,0x17,0x0D,0x46,
  0x18,0x2A,0x77,0x3F,0x36,0x52,0x21,0x03,0xD1,0x29,0x1E,0x26,0x2F,0x15,0x47,0x5B,0x28,0x31,0x0C,0x21,0x1C,0x19,0x2E,0x34,
  0x18,0x2D,0x09,0x2E,0x52,0x37,0x22,0x3A,0x33,0x2F,0x16,0x15,0x16,0x31,0x4E,0x29,0x30,0x49,0x28,0x4F,0x45,0x24,0x42,0x3E,
  0x21,0x19,0xC5,0x17,0x3A,0x44,0x25,0x15,0x15,0x18,0x17,0x31,0x57,0x4B,0x20,0x1B,0x67,0x0F,0x1F,0x14,0x0D,0x0E,0x4C,0x31,
  0x38,0x51,0x2B,0x2A,0x1C,0xDF,0x03,0x13,0x19,0x2C,0x31,0x1E,0x33,0x3B,0x02,0x38,0x2E,0x27,0x14,0x23,0x2B,0x1F,0x1C,0x2A,
  0x2A,0x18,0x25,0x29,0x00,0x02,0x00,0x23,0x01,0x9D,0x01,0x53,0x02,0xCA,0x00,0x0F,0x00,0x1B,0x00,0x00,0x53,0x22,0x26,0x26,
  0x35,0x34,0x36,0x36,0x33,0x32,0x16,0x16,0x15,0x14,0x06,0x06,0x27,0x32,0x36,0x35,0x34,0x26,0x23,0x22,0x06,0x15,0x14,0x16,
  0xBC,0x2C,0x45,0x28,0x28,0x45,0x2C,0x2B,0x44,0x28,0x28,0x44,0x2B,0x25,0x2F,0x2F,0x25,0x26,0x30,0x30,0x01,0x9D,0x28,0x44,
  0x2B,0x2B,0x43,0x28,0x27,0x44,0x2B,0x2B,0x45,0x27,0x3E,0x32,0x27,0x26,0x32,0x32,0x26,0x27,0x32,0x00,0x00,0x01,0x00,0x57,
  0xFF,0x44,0x00,0xBC,0x02,0xC8,0x00,0x0C,0x00,0x00,0x57,0x22,0x26,0x35,0x11,0x34,0x36,0x33,0x32,0x16,0x15,0x11,0x14,0x8A,
  0x19,0x1A,0x1A,0x19,0x18,0x1A,0xBC,0x1A,0x19,0x03,0x1E,0x1A,0x19,0x19,0x1A,0xFC,0xE2,0x33,0x00,0x01,0x00,0x2B,0xFF,0x86,
  0x02,0x2F,0x03,0x3B,0x00,0x49,0x00,0x00,0x45,0x22,0x26,0x35,0x35,0x17,0x26,0x26,0x27,0x26,0x26,0x3E,0x02,0x17,0x16,0x16,
  0x33,0x32,0x36,0x36,0x35,0x34,0x26,0x26,0x27,0x27,0x26,0x26,0x35,0x34,0x36,0x36,0x37,0x07,0x35,0x34,0x36,0x33,0x32,0x16,
  0x15,0x15,0x27,0x16,0x16,0x17,0x16,0x16,0x0E,0x02,0x27,0x26,0x26,0x23,0x22,0x06,0x15,0x14,0x16,0x17,0x17,0x16,0x16,0x15,
  0x14,0x06,0x06,0x07,0x37,0x15,0x14,0x06,0x01,0x36,0x12,0x17,0x14,0x46,0x70,0x26,0x0E,0x0C,0x05,0x12,0x1A,0x11,0x1F,0x5D,
  0x43,0x36,0x45,0x21,0x17,0x34,0x2B,0x67,0x5B,0x59,0x39,0x67,0x45,0x0F,0x17,0x12,0x11,0x18,0x11,0x2E,0x68,0x25,0x0C,0x07,
  0x07,0x12,0x1C,0x10,0x20,0x4D,0x35,0x46,0x52,0x32,0x3B,0x69,0x60,0x5C,0x3A,0x65,0x42,0x11,0x17,0x7A,0x18,0x11,0x5F,0x13,
  0x01,0x23,0x19,0x09,0x1C,0x1C,0x14,0x04,0x0A,0x14,0x20,0x1C,0x30,0x20,0x1A,0x26,0x1B,0x09,0x16,0x14,0x5C,0x4B,0x3B,0x5C,
  0x36,0x04,0x0E,0x5B,0x11,0x18,0x18,0x11,0x5B,0x0E,0x01,0x23,0x20,0x0A,0x1A,0x18,0x10,0x02,0x0B,0x16,0x1A,0x42,0x35,0x28,
  0x31,0x0D,0x16,0x15,0x58,0x49,0x39,0x57,0x33,0x06,0x13,0x60,0x11,0x18,0x00,0x01,0x00,0x31,0x00,0x21,0x02,0x27,0x02,0x17,
  0x00,0x1F,0x00,0x00,0x65,0x22,0x26,0x35,0x35,0x23,0x22,0x26,0x35,0x34,0x36,0x33,0x33,0x35,0x34,0x36,0x33,0x32,0x16,0x15,
  0x15,0x33,0x32,0x16,0x15,0x14,0x06,0x23,0x23,0x15,0x14,0x06,0x01,0x2C,0x13,0x13,0xAF,0x12,0x14,0x14,0x12,0xAF,0x13,0x14,
  0x12,0x13,0xAF,0x13,0x13,0x13,0x13,0xAF,0x13,0x21,0x15,0x12,0xB2,0x13,0x12,0x12,0x13,0xAD,0x12,0x14,0x14,0x12,0xAD,0x13,
  0x12,0x12,0x13,0xB2,0x12,0x15,0x00,0x02,0x00,0x31,0x00,0x97,0x02,0x27,0x01,0xA8,0x00,0x0D,0x00,0x1B,0x00,0x00,0x53,0x22,
  0x26,0x35,0x34,0x36,0x33,0x21,0x32,0x16,0x15,0x14,0x06,0x23,0x05,0x22,0x26,0x35,0x34,0x36,0x33,0x21,0x32,0x16,0x15,0x14,
  0x06,0x23,0x57,0x12,0x14,0x14,0x12,0x01,0xAA,0x13,0x13,0x13,0x13,0xFE,0x56,0x12,0x14,0x14,0x12,0x01,0xAA,0x13,0x13,0x13,
  0x13,0x01,0x5E,0x13,0x12,0x12,0x13,0x13,0x12,0x12,0x13,0xC7,0x13,0x12,0x12,0x12,0x12,0x12,0x13,0x12,0x00,0x01,0x00,0x2A,
  0x00,0x2D,0x02,0x24,0x02,0x12,0x00,0x15,0x00,0x00,0x77,0x06,0x2E,0x02,0x36,0x37,0x25,0x15,0x25,0x26,0x26,0x3E,0x02,0x17,
  0x05,0x16,0x15,0x14,0x06,0x07,0x5F,0x0E,0x17,0x0E,0x02,0x0C,0x0D,0x01,0xBB,0xFE,0x45,0x0D,0x0C,0x02,0x0E,0x17,0x0E,0x01,
  0x9E,0x27,0x14,0x13,0x33,0x06,0x06,0x13,0x17,0x15,0x06,0xC0,0x32,0xC0,0x06,0x15,0x18,0x12,0x07,0x06,0xB7,0x10,0x25,0x13,
  0x1C,0x08,0x00,0x01,0x00,0x35,0x00,0x2D,0x02,0x2F,0x02,0x12,0x00,0x15,0x00,0x00,0x65,0x25,0x26,0x35,0x34,0x36,0x37,0x25,
  0x36,0x1E,0x02,0x06,0x07,0x05,0x35,0x05,0x16,0x16,0x0E,0x02,0x01,0xFA,0xFE,0x62,0x27,0x14,0x13,0x01,0x9E,0x0E,0x17,0x0E,
  0x02,0x0B,0x0F,0xFE,0x46,0x01,0xBA,0x0F,0x0B,0x02,0x0E,0x17,0x33,0xB6,0x10,0x27,0x13,0x1A,0x08,0xB7,0x06,0x07,0x12,0x18,
  0x15,0x06,0xC0,0x32,0xC0,0x06,0x15,0x17,0x13,0x06,0x00,0x01,0x00,0x3C,0x00,0xD5,0x02,0x1D,0x01,0x69,0x00,0x21,0x00,0x00,
  0x65,0x22,0x26,0x27,0x26,0x26,0x23,0x22,0x06,0x07,0x06,0x06,0x26,0x26,0x37,0x36,0x36,0x33,0x32,0x16,0x17,0x16,0x16,0x33,
  0x32,0x36,0x37,0x36,0x36,0x16,0x16,0x07,0x06,0x06,0x01,0x9C,0x19,0x39,0x27,0x27,0x2B,0x0F,0x14,0x23,0x0F,0x09,0x1A,0x15,
  0x08,0x09,0x15,0x3E,0x24,0x19,0x38,0x27,0x23,0x2E,0x11,0x14,0x24,0x0F,0x09,0x1A,0x16,0x07,0x09,0x15,0x3E,0xD5,0x13,0x16,
  0x15,0x0F,0x10,0x18,0x0F,0x04,0x0F,0x1A,0x0F,0x25,0x25,0x11,0x15,0x13,0x14,0x11,0x18,0x0F,0x03,0x0E,0x1A,0x0F,0x25,0x26,
  0x00,0x01,0x00,0x39,0x00,0x85,0x02,0x1F,0x02,0x7B,0x00,0x15,0x00,0x00,0x77,0x22,0x26,0x37,0x13,0x36,0x36,0x33,0x32,0x17,
  0x13,0x16,0x06,0x23,0x22,0x26,0x27,0x03,0x33,0x03,0x06,0x06,0x62,0x19,0x10,0x09,0xB8,0x08,0x18,0x12,0x23,0x0F,0xB8,0x09,
  0x0F,0x1A,0x0E,0x12,0x08,0xBB,0x32,0xBB,0x08,0x11,0x85,0x1E,0x16,0x01,0xA1,0x12,0x0F,0x21,0xFE,0x5F,0x16,0x1E,0x0D,0x12,
  0x01,0xAD,0xFE,0x53,0x12,0x0D,0x00,0x05,0x00,0x32,0xFF,0xEA,0x03,0x77,0x02,0xD6,0x00,0x0D,0x00,0x1B,0x00,0x29,0x00,0x37,
  0x00,0x45,0x00,0x00,0x65,0x06,0x06,0x2E,0x02,0x37,0x01,0x36,0x36,0x1E,0x02,0x07,0x01,0x22,0x26,0x35,0x34,0x36,0x36,0x33,
  0x32,0x16,0x15,0x14,0x06,0x06,0x27,0x32,0x36,0x36,0x35,0x34,0x26,0x23,0x22,0x06,0x06,0x15,0x14,0x16,0x01,0x22,0x26,0x35,
  0x34,0x36,0x36,0x33,0x32,0x16,0x15,0x14,0x06,0x06,0x27,0x32,0x36,0x36,0x35,0x34,0x26,0x23,0x22,0x06,0x06,0x15,0x14,0x16,
  0x01,0x39,0x08,0x19,0x18,0x10,0x03,0x08,0x01,0x7A,0x08,0x19,0x17,0x11,0x04,0x09,0xFE,0x2D,0x52,0x5C,0x2A,0x4E,0x36,0x51,
  0x5D,0x29,0x4E,0x37,0x1C,0x28,0x15,0x2F,0x2A,0x1C,0x28,0x15,0x2F,0x02,0x13,0x51,0x5C,0x29,0x4E,0x36,0x52,0x5C,0x29,0x4E,
  0x37,0x1C,0x28,0x15,0x2F,0x2A,0x1B,0x29,0x15,0x30,0x03,0x0F,0x0A,0x06,0x12,0x1A,0x0F,0x02,0x91,0x10,0x0A,0x06,0x12,0x1A,
  0x0F,0xFE,0x86,0x73,0x65,0x44,0x60,0x33,0x72,0x65,0x43,0x61,0x34,0x47,0x20,0x40,0x31,0x49,0x48,0x20,0x40,0x31,0x4A,0x47,
  0xFE,0x95,0x72,0x66,0x43,0x60,0x34,0x73,0x64,0x44,0x61,0x33,0x46,0x20,0x41,0x31,0x48,0x48,0x20,0x40,0x30,0x4A,0x48,0x00,
  0x00,0x01,0xFF,0x6D,0x02,0x1E,0x00,0x17,0x03,0x04,0x00,0x0C,0x00,0x00,0x43,0x27,0x26,0x3E,0x02,0x16,0x17,0x17,0x16,0x06,
  0x06,0x26,0x26,0x64,0x09,0x04,0x14,0x1A,0x1A,0x08,0x50,0x06,0x08,0x16,0x17,0x02,0x2E,0x95,0x0E,0x1A,0x12,0x07,0x0A,0x10,
  0x9D,0x0D,0x16,0x0C,0x04,0x00,0xFF,0xFF,0x00,0x62,0x02,0x1E,0x01,0x0C,0x03,0x04,0x04,0x07,0x00,0x69,0x00,0xF5,0x00,0x00,
  0x00,0x00,0x00,0x05,0x00,0x42,0x00,0x03,0x00,0x01,0x04,0x09,0x00,0x02,0x00,0x0E,0x00,0x00,0x00,0x03,0x00,0x01,0x04,0x09,
  0x01,0x00,0x00,0x0C,0x00,0x0E,0x00,0x03,0x00,0x01,0x04,0x09,0x01,0x01,0x00,0x0C,0x00,0x1A,0x00,0x03,0x00,0x01,0x04,0x09,
  0x01,0x06,0x00,0x10,0x00,0x26,0x00,0x03,0x00,0x01,0x04,0x09,0x01,0x21,0x00,0x0A,0x00,0x36,0x00,0x52,0x00,0x65,0x00,0x67,
  0x00,0x75,0x00,0x6C,0x00,0x61,0x00,0x72,0x00,0x57,0x00,0x65,0x00,0x69,0x00,0x67,0x00,0x68,0x00,0x74,0x00,0x49,0x00,0x74,
  0x00,0x61,0x00,0x6C,0x00,0x69,0x00,0x63,0x00,0x53,0x00,0x65,0x00,0x6D,0x00,0x69,0x00,0x42,0x00,0x6F,0x00,0x6C,0x00,0x64,
  0x00,0x52,0x00,0x6F,0x00,0x6D,0x00,0x61,0x00,0x6E,0x00,0x00,0x00,0x03,0x00,0x00,0x00,0x00,0x00,0x00,0xFF,0xB0,0x00,0x1C,
  0x00,0x00,0x00,0x00,0x00,0x00,0x00,0x00,0x00,0x00,0x00,0x00,0x00,0x00,0x00,0x00,0x00,0x00,0x00,0x00,0x00,0x01,0x00,0x01,
  0xFF,0xFF,0x00,0x0F,0x00,0x01,0x00,0x00,0x00,0x0C,0x00,0x00,0x00,0x22,0x00,0x00,0x00,0x02,0x00,0x03,0x00,0x01,0x00,0x23,
  0x00,0x01,0x00,0x25,0x00,0x34,0x00,0x01,0x00,0x35,0x00,0x36,0x00,0x02,0x00,0x08,0x00,0x02,0x00,0x10,0x00,0x18,0x00,0x01,
  0x00,0x02,0x00,0x35,0x00,0x36,0x00,0x01,0x00,0x04,0x00,0x01,0x01,0x24,0x00,0x01,0x00,0x04,0x00,0x01,0x01,0x47,0x00,0x00,
  0x00,0x01,0x00,0x00,0x00,0x0A,0x00,0x2A,0x00,0x38,0x00,0x03,0x44,0x46,0x4C,0x54,0x00,0x14,0x63,0x79,0x72,0x6C,0x00,0x14,
  0x6C,0x61,0x74,0x6E,0x00,0x14,0x00,0x04,0x00,0x00,0x00,0x00,0xFF,0xFF,0x00,0x01,0x00,0x00,0x00,0x01,0x6B,0x65,0x72,0x6E,
  0x00,0x08,0x00,0x00,0x00,0x01,0x00,0x00,0x00,0x01,0x00,0x04,0x00,0x02,0x00,0x08,0x00,0x02,0x00,0x0A,0x00,0x58,0x00,0x01,
  0x00,0x1E,0x00,0x04,0x00,0x00,0x00,0x0A,0x00,0x36,0x00,0x3C,0x00,0x3C,0x00,0x3C,0x00,0x42,0x00,0x42,0x00,0x42,0x00,0x48,
  0x00,0x48,0x00,0x48,0x00,0x01,0x00,0x0A,0x00,0x11,0x00,0x30,0x00,0x31,0x00,0x33,0x00,0x42,0x00,0x43,0x00,0x50,0x00,0x51,
  0x00,0x53,0x00,0x55,0x00,0x01,0x00,0x24,0x00,0x10,0x00,0x01,0x00,0x2E,0x00,0x0C,0x00,0x01,0x00,0x24,0x00,0x0E,0x00,0x01,
  0x00,0x24,0x00,0x56,0x00,0x02,0x0E,0xFE,0x00,0x04,0x00,0x00,0x0F,0x26,0x0F,0xEC,0x00,0x31,0x00,0x27,0x00,0x00,0x00,0x00,
  0x00,0x00,0x00,0x00,0x00,0x00,0x00,0x00,0x00,0x00,0x00,0x00,0x00,0x00,0x00,0x00,0x00,0x00,0x00,0x00,0x00,0x00,0x00,0x00,
  0x00,0x00,0x00,0x00,0x00,0x00,0x00,0x00,0x00,0x00,0x00,0x00,0x00,0x00,0x00,0x00,0x00,0x00,0x00,0x00,0x00,0x00,0x00,0x00,
  0x00,0x00,0x00,0x00,0x00,0x00,0x00,0x00,0x00,0x00,0x00,0x00,0x00,0x00,0x00,0x00,0x00,0x00,0x00,0x00,0xFF,0xF6,0x00,0x00,
  0x00,0x00,0x00,0x00,0x00,0x00,0x00,0x00,0x00,0x00,0x00,0x00,0xFF,0xF2,0x00,0x00,0x00,0x00,0x00,0x00,0x00,0x00,0x00,0x00,
  0xFF,0xD4,0x00,0x00,0x00,0x00,0x00,0x00,0xFF,0xD4,0x00,0x00,0xFF,0xEF,0xFF,0xDB,0xFF,0xF1,0x00,0x00,0x00,0x00,0x00,0x00,
  0xFF,0xFA,0xFF,0xF7,0xFF,0xE0,0x00,0x00,0x00,0x00,0x00,0x0E,0x00,0x00,0xFF,0xE5,0x00,0x00,0x00,0x00,0x00,0x00,0xFF,0xF7,
  0x00,0x00,0xFF,0xF9,0xFF,0xF6,0x00,0x00,0x00,0x00,0x00,0x00,0x00,0x00,0x00,0x00,0x00,0x00,0x00,0x00,0x00,0x00,0x00,0x00,
  0x00,0x00,0xFF,0xF7,0x00,0x00,0x00,0x00,0x00,0x00,0x00,0x0F,0xFF,0xFB,0x00,0x00,0xFF,0xF9,0x00,0x00,0xFF,0xEC,0x00,0x00,
  0x00,0x00,0xFF,0xFB,0x00,0x00,0xFF,0xDC,0xFF,0xF6,0x00,0x00,0x00,0x00,0x00,0x00,0x00,0x00,0x00,0x00,0x00,0x00,0x00,0x00,
  0xFF,0xED,0x00,0x00,0xFF,0xE1,0x00,0x00,0xFF,0xEB,0x00,0x00,0xFF,0xF4,0x00,0x00,0x00,0x00,0x00,0x00,0x00,0x00,0x00,0x00,
  0x00,0x00,0x00,0x00,0x00,0x00,0x00,0x00,0x00,0x00,0x00,0x00,0x00,0x00,0x00,0x00,0x00,0x00,0x00,0x00,0x00,0x00,0x00,0x00,
  0x00,0x00,0x00,0x00,0x00,0x00,0x00,0x00,0x00,0x00,0x00,0x00,0x00,0x00,0x00,0x00,0x00,0x00,0x00,0x00,0x00,0x00,0x00,0x00,
  0x00,0x00,0x00,0x00,0x00,0x00,0x00,0x00,0x00,0x00,0x00,0x00,0x00,0x00,0x00,0x00,0x00,0x00,0x00,0x00,0x00,0x00,0x00,0x00,
  0x00,0x00,0x00,0x00,0x00,0x00,0x00,0x00,0x00,0x00,0x00,0x00,0x00,0x00,0x00,0x00,0x00,0x00,0x00,0x00,0x00,0x00,0x00,0x00,
  0x00,0x00,0x00,0x00,0x00,0x00,0x00,0x00,0x00,0x00,0x00,0x00,0x00,0x00,0x00,0x00,0x00,0x00,0x00,0x19,0x00,0x00,0x00,0x00,
  0x00,0x00,0x00,0x00,0x00,0x00,0x00,0x00,0x00,0x00,0x00,0x00,0x00,0x12,0x00,0x00,0x00,0x00,0x00,0x00,0x00,0x00,0x00,0x00,
  0x00,0x00,0x00,0x00,0xFF,0xFC,0x00,0x00,0xFF,0xFE,0x00,0x00,0xFF,0xF2,0x00,0x00,0x00,0x00,0x00,0x00,0xFF,0xF7,0xFF,0xF6,
  0xFF,0xFB,0xFF,0xFA,0xFF,0xFF,0xFF,0xFB,0xFF,0xF7,0x00,0x00,0xFF,0xFB,0x00,0x0A,0x00,0x00,0xFF,0xFA,0xFF,0xFB,0x00,0x00,
  0x00,0x00,0x00,0x03,0x00,0x07,0x00,0x00,0x00,0x00,0x00,0x00,0x00,0x00,0xFF,0xFA,0x00,0x00,0x00,0x00,0x00,0x00,0x00,0x07,
  0x00,0x00,0x00,0x06,0x00,0x22,0x00,0x00,0x00,0x00,0x00,0x00,0x00,0x00,0x00,0x00,0x00,0x00,0x00,0x00,0x00,0x00,0x00,0x00,
  0x00,0x00,0xFF,0xF9,0x00,0x00,0x00,0x00,0x00,0x00,0x00,0x0C,0xFF,0xFF,0x00,0x00,0xFF,0xFC,0x00,0x00,0x00,0x00,0x00,0x00,
  0x00,0x00,0xFF,0xFF,0x00,0x00,0xFF,0xE3,0xFF,0xF6,0x00,0x00,0x00,0x00,0x00,0x00,0x00,0x00,0x00,0x00,0x00,0x00,0x00,0x00,
  0xFF,0xF0,0x00,0x00,0xFF,0xE8,0x00,0x00,0xFF,0xF6,0x00,0x06,0xFF,0xFC,0x00,0x00,0xFF,0xFB,0x00,0x00,0xFF,0xF2,0x00,0x00,
  0x00,0x00,0x00,0x00,0x00,0x00,0xFF,0xFB,0xFF,0xE5,0xFF,0xF9,0xFF,0xBF,0xFF,0xF9,0xFF,0xED,0xFF,0xF2,0xFF,0xB3,0xFF,0xFF,
  0xFF,0xC7,0x00,0x14,0xFF,0xF6,0x00,0x00,0xFF,0xF7,0x00,0x00,0xFF,0xC7,0x00,0x00,0x00,0x14,0x00,0x00,0x00,0x00,0x00,0x00,
  0x00,0x00,0xFF,0xF0,0x00,0x00,0xFF,0xB8,0x00,0x00,0xFF,0xAC,0x00,0x00,0xFF,0xCF,0x00,0x1E,0xFF,0xEA,0x00,0x00,0x00,0x00,
  0x00,0x00,0x00,0x00,0x00,0x00,0x00,0x00,0x00,0x00,0x00,0x00,0x00,0x00,0xFF,0xFB,0x00,0x00,0x00,0x00,0x00,0x00,0x00,0x00,
  0x00,0x00,0x00,0x00,0x00,0x00,0x00,0x00,0x00,0x00,0x00,0x00,0x00,0x00,0x00,0x00,0x00,0x00,0xFF,0xED,0x00,0x00,0x00,0x00,
  0x00,0x00,0x00,0x00,0x00,0x00,0x00,0x00,0x00,0x00,0x00,0x00,0xFF,0xF2,0x00,0x00,0xFF,0xE5,0x00,0x00,0xFF,0xF4,0x00,0x00,
  0x00,0x00,0x00,0x00,0x00,0x00,0x00,0x00,0x00,0x00,0x00,0x00,0xFF,0xFB,0x00,0x00,0x00,0x00,0x00,0x00,0x00,0x00,0x00,0x00,
  0x00,0x00,0x00,0x00,0x00,0x00,0x00,0x00,0x00,0x00,0x00,0x00,0x00,0x00,0xFF,0xEC,0x00,0x00,0x00,0x00,0x00,0x00,0x00,0x00,
  0x00,0x00,0x00,0x00,0xFF,0xE6,0x00,0x00,0x00,0x00,0x00,0x00,0x00,0x00,0xFF,0xF7,0x00,0x00,0x00,0x00,0x00,0x00,0x00,0x00,
  0x00,0x00,0x00,0x00,0xFF,0xF6,0x00,0x00,0x00,0x00,0xFF,0xF7,0x00,0x00,0x00,0x00,0x00,0x00,0x00,0x00,0x00,0x00,0x00,0x00,
  0x00,0x00,0x00,0x1C,0x00,0x00,0x00,0x00,0xFF,0xF6,0xFF,0xED,0x00,0x0E,0x00,0x00,0xFF,0xF9,0x00,0x00,0xFF,0xCF,0x00,0x00,
  0xFF,0xF6,0x00,0x07,0x00,0x00,0x00,0x07,0x00,0x00,0x00,0x00,0x00,0x00,0x00,0x00,0x00,0x00,0x00,0x00,0x00,0x00,0xFF,0xF3,
  0x00,0x11,0x00,0x00,0x00,0x0A,0x00,0x00,0xFF,0xED,0xFF,0xE6,0xFF,0xF6,0x00,0x00,0x00,0x00,0x00,0x00,0x00,0x00,0x00,0x00,
  0xFF,0xFD,0x00,0x00,0x00,0x00,0x00,0x00,0xFF,0xF9,0x00,0x00,0xFF,0xEF,0xFF,0xFF,0x00,0x03,0xFF,0xFD,0xFF,0xF1,0xFF,0xFF,
  0xFF,0xF4,0xFF,0xF6,0xFF,0xF9,0x00,0x00,0xFF,0xFD,0x00,0x00,0xFF,0xEF,0x00,0x00,0xFF,0xF7,0x00,0x00,0x00,0x00,0x00,0x00,
  0x00,0x00,0xFF,0xF6,0x00,0x00,0xFF,0xF3,0x00,0x00,0x00,0x01,0x00,0x00,0x00,0x05,0x00,0x05,0xFF,0xFF,0x00,0x00,0xFF,0xAF,
  0x00,0x19,0xFF,0xD4,0x00,0x00,0xFF,0xBF,0xFF,0xB3,0xFF,0xB6,0x00,0x00,0xFF,0xB8,0xFF,0xE8,0x00,0x03,0xFF,0xB1,0xFF,0xCD,
  0xFF,0xDB,0x00,0x11,0xFF,0xB1,0x00,0x06,0xFF,0xBE,0x00,0x00,0xFF,0xB3,0xFF,0xE3,0x00,0x00,0x00,0x0A,0x00,0x22,0xFF,0xD3,
  0x00,0x00,0xFF,0xDA,0x00,0x00,0x00,0x00,0xFF,0xFE,0xFF,0xF6,0x00,0x11,0x00,0x00,0x00,0x11,0x00,0x1F,0x00,0x1D,0xFF,0xE6,
  0xFF,0xB0,0x00,0x00,0x00,0x00,0x00,0x00,0x00,0x00,0x00,0x00,0x00,0x00,0x00,0x00,0x00,0x00,0x00,0x00,0xFF,0xF6,0x00,0x00,
  0x00,0x00,0x00,0x00,0x00,0x00,0xFF,0xFB,0x00,0x00,0xFF,0xFB,0x00,0x00,0xFF,0xFB,0x00,0x00,0x00,0x00,0x00,0x00,0x00,0x00,
  0xFF,0xE3,0x00,0x00,0x00,0x00,0x00,0x00,0x00,0x00,0x00,0x00,0x00,0x00,0x00,0x00,0x00,0x00,0xFF,0xFD,0x00,0x00,0xFF,0xF6,
  0x00,0x00,0xFF,0xF6,0x00,0x00,0xFF,0xFB,0x00,0x00,0x00,0x0F,0x00,0x00,0x00,0x00,0x00,0x00,0xFF,0xED,0x00,0x00,0x00,0x00,
  0x00,0x00,0xFF,0xED,0xFF,0xEC,0xFF,0xCD,0x00,0x03,0x00,0x00,0x00,0x00,0xFF,0xD1,0xFF,0xF6,0xFF,0xCF,0xFF,0xD4,0x00,0x00,
  0x00,0x00,0x00,0x00,0x00,0x00,0xFF,0xD4,0x00,0x00,0xFF,0xE5,0x00,0x00,0xFF,0xEF,0x00,0x00,0x00,0x00,0xFF,0xE6,0x00,0x00,
  0xFF,0xC0,0x00,0x00,0xFF,0xCA,0xFF,0xF6,0xFF,0xDE,0x00,0x00,0xFF,0xE4,0x00,0x00,0xFF,0xF6,0x00,0x00,0x00,0x00,0x00,0x00,
  0x00,0x00,0x00,0x00,0x00,0x00,0x00,0x00,0xFF,0xF9,0x00,0x00,0x00,0x00,0xFF,0xFB,0xFF,0xDC,0x00,0x00,0x00,0x00,0x00,0x00,
  0x00,0x00,0x00,0x00,0x00,0x00,0xFF,0xFB,0x00,0x00,0x00,0x00,0xFF,0xFD,0x00,0x00,0x00,0x09,0x00,0x00,0x00,0x00,0x00,0x00,
  0x00,0x00,0x00,0x00,0x00,0x00,0x00,0x00,0x00,0x00,0xFF,0xFD,0x00,0x00,0xFF,0xE8,0x00,0x00,0xFF,0xFB,0x00,0x00,0xFF,0xFB,
  0x00,0x00,0xFF,0xDB,0x00,0x00,0xFF,0xEE,0x00,0x00,0xFF,0xF6,0xFF,0xE5,0xFF,0xD4,0xFF,0xF0,0xFF,0x8B,0xFF,0xFB,0xFF,0xDC,
  0xFF,0xE5,0xFF,0x7F,0x00,0x00,0xFF,0x9D,0x00,0x0C,0x00,0x00,0x00,0x00,0xFF,0xF2,0x00,0x00,0xFF,0xC0,0x00,0x00,0x00,0x28,
  0x00,0x00,0x00,0x05,0x00,0x00,0x00,0x00,0xFF,0xEC,0x00,0x00,0xFF,0xCB,0x00,0x00,0xFF,0xB6,0x00,0x00,0xFF,0xB3,0x00,0x2C,
  0xFF,0xEC,0x00,0x00,0xFF,0xF4,0x00,0x00,0xFF,0xFB,0x00,0x00,0xFF,0xF4,0x00,0x00,0x00,0x00,0x00,0x00,0xFF,0xFF,0xFF,0xFF,
  0xFF,0xF9,0xFF,0xF6,0xFF,0xEF,0x00,0x00,0xFF,0xEC,0xFF,0xFB,0xFF,0xF4,0x00,0x05,0xFF,0xFF,0xFF,0xFD,0x00,0x00,0x00,0x00,
  0x00,0x01,0x00,0x00,0x00,0x03,0x00,0x00,0x00,0x00,0x00,0x00,0x00,0x00,0xFF,0xF6,0x00,0x00,0x00,0x00,0x00,0x00,0x00,0x10,
  0x00,0x00,0x00,0x00,0x00,0x19,0xFF,0xF7,0x00,0x00,0xFF,0xFB,0x00,0x00,0xFF,0xF7,0x00,0x00,0x00,0x00,0x00,0x00,0x00,0x00,
  0x00,0x00,0xFF,0xF4,0x00,0x00,0x00,0x00,0xFF,0xFB,0xFF,0xFA,0xFF,0xF5,0x00,0x00,0x00,0x00,0x00,0x00,0x00,0x0A,0x00,0x00,
  0x00,0x00,0xFF,0xF7,0xFF,0xD7,0xFF,0xD4,0x00,0x2E,0x00,0x00,0xFF,0xF6,0x00,0x00,0x00,0x00,0xFF,0xEF,0x00,0x00,0xFF,0xFC,
  0xFF,0xE3,0xFF,0xF2,0xFF,0xD9,0x00,0x00,0xFF,0xEF,0x00,0x22,0x00,0x00,0x00,0x00,0xFF,0xF9,0x00,0x00,0x00,0x00,0x00,0x00,
  0x00,0x00,0x00,0x00,0x00,0x00,0x00,0x00,0x00,0x1E,0x00,0x00,0x00,0x00,0xFF,0xFB,0xFF,0xEB,0x00,0x1B,0x00,0x00,0x00,0x03,
  0x00,0x00,0xFF,0xEA,0x00,0x00,0xFF,0xFB,0x00,0x1B,0x00,0x00,0x00,0x22,0x00,0x10,0x00,0x00,0x00,0x00,0x00,0x0E,0x00,0x00,
  0x00,0x00,0x00,0x00,0xFF,0xF2,0x00,0x25,0x00,0x00,0x00,0x24,0x00,0x09,0x00,0x00,0xFF,0xF2,0x00,0x05,0x00,0x00,0xFF,0xFB,
  0x00,0x00,0x00,0x00,0x00,0x09,0x00,0x00,0x00,0x00,0x00,0x00,0x00,0x00,0x00,0x07,0x00,0x00,0x00,0x00,0x00,0x00,0xFF,0xF8,
  0xFF,0xEC,0x00,0x00,0x00,0x01,0x00,0x00,0x00,0x10,0x00,0x00,0x00,0x00,0x00,0x00,0x00,0x00,0xFF,0xFD,0x00,0x50,0x00,0x00,
  0x00,0x00,0x00,0x01,0x00,0x00,0x00,0x00,0x00,0x00,0x00,0x00,0x00,0x18,0x00,0x00,0x00,0x00,0x00,0x01,0x00,0x03,0x00,0x32,
  0x00,0x0A,0x00,0x00,0xFF,0xDD,0x00,0x00,0xFF,0xEA,0x00,0x00,0xFF,0xF0,0x00,0x00,0xFF,0xF4,0x00,0x00,0xFF,0xE8,0xFF,0xF2,
  0xFF,0xF0,0xFF,0xF6,0xFF,0xE1,0xFF,0xED,0xFF,0xF6,0xFF,0xEF,0xFF,0xEF,0x00,0x0A,0xFF,0xF9,0xFF,0xEF,0xFF,0xED,0x00,0x00,
  0x00,0x00,0x00,0x00,0xFF,0xFB,0x00,0x00,0x00,0x00,0x00,0x00,0x00,0x00,0xFF,0xF0,0xFF,0xEA,0x00,0x00,0x00,0x00,0x00,0x00,
  0x00,0x00,0x00,0x14,0x00,0x13,0xFF,0xF6,0x00,0x00,0x00,0x00,0x00,0x00,0x00,0x00,0x00,0x00,0x00,0x00,0x00,0x00,0x00,0x00,
  0x00,0x00,0x00,0x00,0x00,0x00,0xFF,0xF1,0x00,0x00,0x00,0x00,0x00,0x00,0xFF,0xF4,0x00,0x00,0xFF,0xF6,0x00,0x00,0x00,0x00,
  0x00,0x00,0x00,0x00,0x00,0x00,0xFF,0xF6,0xFF,0xFB,0x00,0x00,0x00,0x00,0x00,0x00,0x00,0x00,0x00,0x00,0xFF,0xFB,0x00,0x00,
  0x00,0x00,0x00,0x00,0xFF,0xFC,0x00,0x00,0x00,0x00,0x00,0x05,0x00,0x00,0x00,0x00,0xFF,0xB3,0x00,0x00,0xFF,0xD4,0x00,0x27,
  0xFF,0xB3,0xFF,0xB3,0xFF,0xB6,0x00,0x00,0xFF,0xB6,0xFF,0xE8,0x00,0x0B,0xFF,0xB3,0xFF,0xD1,0xFF,0xDE,0x00,0x0C,0xFF,0xB3,
  0x00,0x0E,0xFF,0xC2,0xFF,0xFC,0xFF,0xB3,0xFF,0xE1,0x00,0x00,0x00,0x0C,0x00,0x28,0xFF,0xC7,0x00,0x00,0xFF,0xE1,0x00,0x00,
  0x00,0x00,0x00,0x00,0xFF,0xE6,0x00,0x0E,0x00,0x00,0x00,0x0E,0x00,0x03,0x00,0x11,0xFF,0xCE,0xFF,0xB3,0x00,0x00,0xFF,0xF6,
  0x00,0x00,0x00,0x00,0x00,0x00,0x00,0x00,0x00,0x00,0x00,0x00,0x00,0x00,0x00,0x06,0x00,0x00,0x00,0x00,0x00,0x00,0xFF,0xF6,
  0x00,0x01,0x00,0x00,0x00,0x00,0x00,0x00,0x00,0x0A,0x00,0x00,0xFF,0xFC,0x00,0x01,0x00,0x00,0x00,0x03,0x00,0x0A,0x00,0x00,
  0x00,0x00,0x00,0x03,0x00,0x00,0x00,0x00,0x00,0x00,0x00,0x00,0x00,0x00,0x00,0x00,0x00,0x05,0x00,0x00,0x00,0x00,0x00,0x06,
  0x00,0x0B,0x00,0x00,0x00,0x00,0x00,0x00,0x00,0x00,0x00,0x00,0x00,0x00,0x00,0x00,0x00,0x00,0x00,0x00,0x00,0x00,0x00,0x00,
  0x00,0x00,0x00,0x00,0x00,0x00,0x00,0x00,0x00,0x00,0x00,0x00,0x00,0x00,0xFF,0xF1,0x00,0x00,0x00,0x00,0x00,0x00,0x00,0x00,
  0x00,0x00,0x00,0x00,0xFF,0xEC,0x00,0x00,0x00,0x00,0x00,0x00,0x00,0x00,0x00,0x00,0x00,0x00,0x00,0x00,0x00,0x00,0x00,0x00,
  0x00,0x00,0x00,0x00,0x00,0x00,0x00,0x00,0x00,0x00,0xFF,0xC3,0x00,0x00,0xFF,0xEF,0x00,0x24,0xFF,0xC7,0xFF,0xC7,0xFF,0xCE,
  0x00,0x00,0xFF,0xE3,0xFF,0xF4,0x00,0x06,0xFF,0xC3,0xFF,0xCF,0xFF,0xF2,0x00,0x0E,0xFF,0xC9,0x00,0x00,0xFF,0xCA,0x00,0x00,
  0xFF,0xC5,0xFF,0xEF,0x00,0x00,0x00,0x0A,0x00,0x1E,0xFF,0xC7,0x00,0x00,0xFF,0xE1,0x00,0x00,0x00,0x00,0xFF,0xF1,0xFF,0xE1,
  0x00,0x0A,0x00,0x00,0x00,0x10,0x00,0x07,0x00,0x0E,0xFF,0xEC,0xFF,0xC8,0x00,0x00,0xFF,0xF1,0x00,0x00,0xFF,0xF1,0x00,0x00,
  0xFF,0xF6,0x00,0x00,0xFF,0xF6,0x00,0x00,0xFF,0xE3,0xFF,0xF9,0x00,0x00,0xFF,0xF6,0xFF,0xEC,0xFF,0xF0,0xFF,0xFE,0xFF,0xEA,
  0xFF,0xF7,0x00,0x0A,0x00,0x00,0xFF,0xF6,0xFF,0xF6,0x00,0x00,0x00,0x03,0x00,0x14,0x00,0x14,0x00,0x00,0x00,0x00,0x00,0x00,
  0x00,0x00,0x00,0x00,0x00,0x00,0xFF,0xFD,0x00,0x00,0xFF,0xFB,0x00,0x00,0x00,0x03,0x00,0x1A,0xFF,0xF1,0x00,0x00,0xFF,0xEC,
  0x00,0x00,0xFF,0xDB,0x00,0x00,0x00,0x14,0x00,0x00,0xFF,0xFB,0xFF,0xEC,0xFF,0xCF,0x00,0x0A,0xFF,0xBE,0x00,0x04,0xFF,0xD4,
  0xFF,0xE2,0xFF,0xC2,0x00,0x00,0xFF,0xCA,0x00,0x00,0x00,0x0A,0xFF,0xFC,0xFF,0xEC,0x00,0x00,0xFF,0xCA,0x00,0x00,0x00,0x22,
  0x00,0x00,0x00,0x00,0x00,0x00,0x00,0x00,0x00,0x0A,0x00,0x00,0xFF,0xCA,0x00,0x00,0xFF,0xC0,0x00,0x00,0xFF,0xB8,0x00,0x42,
  0x00,0x0E,0x00,0x00,0xFF,0xF5,0x00,0x00,0x00,0x00,0x00,0x00,0x00,0x00,0x00,0x00,0x00,0x00,0x00,0x00,0xFF,0xEF,0x00,0x00,
  0x00,0x00,0xFF,0xF7,0xFF,0xE3,0xFF,0xF2,0x00,0x00,0xFF,0xFB,0x00,0x00,0x00,0x0C,0x00,0x00,0xFF,0xFB,0x00,0x00,0x00,0x00,
  0xFF,0xFE,0x00,0x00,0x00,0x00,0x00,0x00,0x00,0x00,0x00,0x00,0x00,0x00,0x00,0x00,0x00,0x00,0xFF,0xFE,0x00,0x00,0x00,0x00,
  0x00,0x00,0xFF,0xF2,0x00,0x14,0xFF,0xEC,0x00,0x00,0x00,0x00,0x00,0x00,0x00,0x00,0x00,0x00,0x00,0x00,0x00,0x00,0x00,0x00,
  0x00,0x00,0x00,0x00,0x00,0x00,0x00,0x00,0x00,0x00,0x00,0x00,0x00,0x00,0x00,0x00,0x00,0x00,0x00,0x00,0x00,0x00,0x00,0x00,
  0x00,0x00,0x00,0x00,0x00,0x00,0x00,0x00,0x00,0x00,0x00,0x00,0x00,0x00,0x00,0x00,0x00,0x00,0x00,0x00,0x00,0x00,0x00,0x00,
  0x00,0x00,0x00,0x00,0x00,0x00,0x00,0x00,0x00,0x00,0x00,0x00,0x00,0x00,0x00,0x00,0xFF,0xDC,0x00,0x00,0xFF,0xFB,0x00,0x19,
  0xFF,0xC7,0x00,0x00,0x00,0x00,0x00,0x00,0x00,0x07,0x00,0x05,0x00,0x0A,0xFF,0xE3,0xFF,0xD4,0x00,0x03,0x00,0x0C,0x00,0x00,
  0x00,0x0A,0xFF,0xCA,0x00,0x00,0x00,0x00,0x00,0x03,0x00,0x00,0x00,0x00,0x00,0x0A,0xFF,0xBF,0x00,0x00,0xFF,0xF4,0x00,0x00,
  0x00,0x00,0x00,0x00,0x00,0x00,0x00,0x00,0x00,0x00,0x00,0x00,0x00,0x00,0x00,0x10,0xFF,0xA9,0x00,0x01,0x00,0x00,0xFF,0xF6,
  0x00,0x00,0xFF,0xF7,0x00,0x00,0x00,0x00,0x00,0x00,0x00,0x00,0x00,0x00,0x00,0x00,0x00,0x00,0x00,0x22,0x00,0x00,0x00,0x00,
  0x00,0x00,0x00,0x28,0x00,0x00,0x00,0x1E,0x00,0x00,0x00,0x14,0x00,0x00,0x00,0x00,0x00,0x00,0x00,0x0A,0x00,0x28,0x00,0x00,
  0x00,0x00,0x00,0x00,0x00,0x15,0x00,0x00,0x00,0x0A,0x00,0x00,0x00,0x00,0x00,0x00,0x00,0x03,0x00,0x03,0x00,0x1B,0x00,0x28,
  0x00,0x00,0x00,0x00,0x00,0x00,0x00,0x00,0x00,0x00,0x00,0x00,0xFF,0xFA,0x00,0x00,0x00,0x00,0x00,0x00,0x00,0x00,0x00,0x00,
  0xFF,0xF2,0x00,0x00,0x00,0x01,0x00,0x00,0xFF,0xF6,0x00,0x00,0xFF,0xF6,0xFF,0xF7,0x00,0x00,0x00,0x00,0x00,0x00,0x00,0x00,
  0xFF,0xFC,0x00,0x00,0xFF,0xFA,0x00,0x00,0x00,0x00,0x00,0x00,0x00,0x00,0xFF,0xF5,0x00,0x00,0x00,0x00,0x00,0x00,0x00,0x03,
  0x00,0x00,0x00,0x00,0x00,0x00,0x00,0x00,0x00,0x00,0xFF,0xF4,0x00,0x00,0xFF,0xE3,0x00,0x12,0xFF,0xE6,0x00,0x00,0xFF,0xF6,
  0xFF,0xF6,0xFF,0xE3,0xFF,0xE7,0xFF,0xE4,0xFF,0xF6,0xFF,0xE0,0xFF,0xEF,0xFF,0xDE,0xFF,0xF0,0xFF,0xEF,0x00,0x0E,0x00,0x02,
  0x00,0x00,0xFF,0xF4,0x00,0x00,0xFF,0xFD,0x00,0x05,0x00,0x1E,0x00,0x00,0x00,0x00,0x00,0x00,0x00,0x00,0xFF,0xF6,0x00,0x00,
  0xFF,0xED,0x00,0x00,0x00,0x00,0x00,0x15,0x00,0x07,0x00,0x24,0xFF,0xD7,0x00,0x00,0x00,0x00,0x00,0x00,0x00,0x00,0x00,0x00,
  0x00,0x00,0x00,0x00,0x00,0x00,0x00,0x00,0x00,0x00,0x00,0x00,0xFF,0xDA,0x00,0x00,0xFF,0xEF,0x00,0x00,0xFF,0xE1,0x00,0x00,
  0xFF,0xE5,0x00,0x00,0x00,0x00,0x00,0x00,0x00,0x03,0x00,0x00,0xFF,0xF4,0x00,0x00,0x00,0x14,0x00,0x00,0x00,0x00,0x00,0x0E,
  0x00,0x00,0x00,0x00,0x00,0x00,0xFF,0xF6,0x00,0x00,0x00,0x00,0x00,0x00,0xFF,0xF6,0x00,0x38,0x00,0x00,0x00,0x00,0xFF,0xED,
  0x00,0x00,0xFF,0xF1,0x00,0x1C,0xFF,0xC8,0xFF,0xF6,0xFF,0xF4,0x00,0x00,0xFF,0xFB,0xFF,0xEB,0xFF,0xFD,0xFF,0xF0,0xFF,0xF9,
  0x00,0x00,0x00,0x04,0xFF,0xDD,0x00,0x04,0xFF,0xE3,0xFF,0xF6,0xFF,0xEC,0x00,0x00,0x00,0x00,0x00,0x0A,0x00,0x0E,0xFF,0xCC,
  0x00,0x00,0x00,0x00,0x00,0x00,0x00,0x00,0xFF,0xF1,0x00,0x00,0x00,0x00,0x00,0x00,0x00,0x0C,0x00,0x03,0x00,0x0A,0xFF,0xE6,
  0xFF,0xF4,0x00,0x00,0xFF,0xE8,0x00,0x00,0xFF,0xFA,0x00,0x00,0xFF,0xB8,0xFF,0xF6,0xFF,0xF9,0x00,0x00,0x00,0x02,0x00,0x00,
  0xFF,0xFC,0xFF,0xEB,0xFF,0xE3,0x00,0x0E,0xFF,0xED,0xFF,0xEC,0x00,0x00,0xFF,0xCC,0xFF,0xEC,0xFF,0xE8,0x00,0x00,0x00,0x00,
  0x00,0x14,0xFF,0xF6,0xFF,0xC0,0x00,0x00,0xFF,0xFA,0x00,0x00,0x00,0x00,0xFF,0xE2,0xFF,0xF0,0x00,0x03,0x00,0x00,0x00,0x29,
  0x00,0x06,0x00,0x03,0xFF,0xC5,0xFF,0xF1,0x00,0x00,0xFF,0xF9,0x00,0x00,0xFF,0xE5,0x00,0x0E,0xFF,0xF0,0x00,0x00,0x00,0x00,
  0xFF,0xF7,0xFF,0xE6,0xFF,0xF6,0xFF,0xFC,0xFF,0xF9,0xFF,0xE6,0xFF,0xEA,0x00,0x00,0xFF,0xF0,0xFF,0xF1,0x00,0x0A,0x00,0x00,
  0x00,0x00,0xFF,0xED,0x00,0x00,0x00,0x00,0x00,0x0A,0x00,0x14,0x00,0x00,0x00,0x00,0x00,0x00,0x00,0x00,0x00,0x00,0x00,0x00,
  0xFF,0xF4,0x00,0x00,0x00,0x00,0x00,0x0E,0x00,0x03,0x00,0x14,0xFF,0xE7,0x00,0x00,0xFF,0xF5,0x00,0x00,0x00,0x00,0x00,0x00,
  0x00,0x00,0x00,0x00,0x00,0x00,0x00,0x00,0xFF,0xF2,0x00,0x00,0xFF,0xE5,0x00,0x0E,0x00,0x00,0x00,0x00,0xFF,0xE6,0x00,0x00,
  0xFF,0xE1,0x00,0x00,0x00,0x00,0x00,0x04,0x00,0x00,0x00,0x00,0x00,0x00,0x00,0x00,0x00,0x1B,0x00,0x00,0x00,0x00,0x00,0x00,
  0x00,0x00,0xFF,0xF5,0x00,0x00,0x00,0x00,0x00,0x00,0x00,0x00,0x00,0x00,0x00,0x00,0x00,0x00,0x00,0x00,0x00,0x00,0xFF,0xED,
  0x00,0x00,0x00,0x00,0x00,0x12,0xFF,0xB8,0x00,0x00,0x00,0x00,0x00,0x00,0x00,0x11,0x00,0x00,0x00,0x11,0xFF,0xFD,0xFF,0xC0,
  0x00,0x1A,0x00,0x0E,0x00,0x00,0x00,0x0A,0xFF,0xD1,0xFF,0xFD,0x00,0x00,0x00,0x1A,0x00,0x00,0x00,0x00,0x00,0x00,0xFF,0xC9,
  0x00,0x00,0xFF,0xF6,0x00,0x00,0x00,0x00,0xFF,0xF4,0x00,0x00,0x00,0x00,0x00,0x00,0x00,0x00,0xFF,0xF6,0x00,0x0A,0xFF,0x92,
  0x00,0x0B,0x00,0x00,0x00,0x00,0x00,0x00,0x00,0x00,0x00,0x00,0x00,0x00,0x00,0x00,0x00,0x00,0x00,0x00,0x00,0x00,0x00,0x00,
  0x00,0x00,0x00,0x00,0x00,0x00,0x00,0x00,0x00,0x00,0x00,0x00,0x00,0x00,0x00,0x00,0x00,0x00,0x00,0x00,0x00,0x00,0x00,0x00,
  0x00,0x00,0x00,0x00,0x00,0x00,0x00,0x00,0x00,0x00,0x00,0x00,0x00,0x00,0x00,0x00,0x00,0x00,0x00,0x00,0x00,0x00,0x00,0x00,
  0x00,0x00,0x00,0x00,0x00,0x00,0x00,0x00,0x00,0x00,0xFF,0xE1,0x00,0x00,0xFF,0xF7,0x00,0x00,0xFF,0xAC,0x00,0x00,0x00,0x00,
  0x00,0x00,0x00,0x0A,0x00,0x05,0x00,0x11,0xFF,0xEF,0xFF,0xCA,0x00,0x0E,0x00,0x0E,0x00,0x00,0x00,0x10,0xFF,0xC0,0xFF,0xFB,
  0xFF,0xFD,0x00,0x0A,0x00,0x00,0x00,0x00,0x00,0x03,0xFF,0xC0,0x00,0x00,0x00,0x00,0x00,0x00,0x00,0x00,0x00,0x00,0x00,0x00,
  0x00,0x00,0x00,0x00,0x00,0x00,0x00,0x00,0x00,0x1A,0xFF,0x84,0xFF,0xFD,0x00,0x00,0x00,0x00,0x00,0x00,0x00,0x00,0x00,0x00,
  0x00,0x00,0x00,0x00,0x00,0x00,0x00,0x00,0x00,0x00,0x00,0x00,0xFF,0xF6,0x00,0x00,0xFF,0xF6,0x00,0x00,0xFF,0xF6,0x00,0x00,
  0xFF,0xF6,0x00,0x00,0x00,0x00,0x00,0x00,0x00,0x00,0x00,0x00,0x00,0x00,0x00,0x04,0x00,0x1E,0x00,0x00,0x00,0x00,0x00,0x00,
  0x00,0x00,0x00,0x00,0x00,0x00,0xFF,0xF6,0x00,0x00,0x00,0x00,0x00,0x00,0xFF,0xFA,0x00,0x07,0x00,0x00,0x00,0x00,0xFF,0xF2,
  0x00,0x00,0x00,0x00,0x00,0x00,0x00,0x00,0x00,0x00,0x00,0x00,0x00,0x00,0xFF,0xF7,0x00,0x00,0x00,0x00,0xFF,0xFB,0xFF,0xF7,
  0xFF,0xE6,0x00,0x00,0xFF,0xF6,0x00,0x00,0xFF,0xE8,0x00,0x00,0xFF,0xFB,0xFF,0xED,0x00,0x00,0x00,0x32,0x00,0x34,0x00,0x00,
  0x00,0x00,0x00,0x03,0x00,0x00,0x00,0x00,0x00,0x00,0xFF,0xF7,0x00,0x22,0x00,0x00,0x00,0x2F,0x00,0x13,0x00,0x32,0x00,0x00,
  0xFF,0xEF,0x00,0x00,0x00,0x00,0x00,0x00,0x00,0x00,0x00,0x00,0x00,0x00,0x00,0x00,0x00,0x00,0x00,0x00,0x00,0x00,0x00,0x00,
  0x00,0x00,0x00,0x00,0x00,0x00,0x00,0x00,0x00,0x00,0x00,0x00,0x00,0x00,0x00,0x00,0x00,0x00,0x00,0x00,0x00,0x00,0x00,0x00,
  0x00,0x00,0x00,0x00,0x00,0x00,0x00,0x00,0x00,0x00,0x00,0x07,0x00,0x00,0x00,0x00,0x00,0x00,0x00,0x00,0x00,0x00,0x00,0x00,
  0x00,0x00,0xFF,0xFB,0x00,0x00,0x00,0x00,0x00,0x00,0x00,0x00,0x00,0x00,0x00,0x00,0x00,0x00,0x00,0x00,0x00,0x00,0x00,0x00,
  0x00,0x00,0x00,0x00,0x00,0x00,0x00,0x00,0x00,0x00,0xFF,0xFA,0x00,0x00,0x00,0x00,0x00,0x00,0x00,0x00,0xFF,0xAA,0x00,0x00,
  0x00,0x00,0x00,0x00,0x00,0x00,0x00,0x03,0x00,0x06,0x00,0x00,0x00,0x00,0x00,0x00,0x00,0x00,0x00,0x00,0x00,0x00,0x00,0x00,
  0x00,0x03,0x00,0x00,0x00,0x0E,0x00,0x00,0x00,0x08,0xFF,0xF6,0x00,0x00,0x00,0x00,0xFF,0xC4,0x00,0x00,0xFF,0xF6,0xFF,0xFE,
  0xFF,0xEC,0xFF,0xC4,0xFF,0xC4,0x00,0x00,0xFF,0xE2,0x00,0x00,0x00,0x24,0xFF,0xC4,0xFF,0xC0,0xFF,0xF6,0x00,0x28,0xFF,0xC4,
  0x00,0x28,0xFF,0x96,0x00,0x10,0xFF,0xC4,0x00,0x00,0x00,0x00,0x00,0x18,0x00,0x28,0xFF,0xD8,0x00,0x00,0xFF,0xEC,0x00,0x00,
  0x00,0x00,0x00,0x0A,0x00,0x00,0x00,0x00,0x00,0x00,0x00,0x05,0xFF,0xFA,0x00,0x32,0xFF,0xD4,0xFF,0xCE,0x00,0x00,0xFF,0xF4,
  0x00,0x00,0x00,0x00,0x00,0x00,0x00,0x00,0x00,0x00,0x00,0x00,0x00,0x00,0xFF,0xF6,0x00,0x00,0x00,0x00,0xFF,0xFB,0xFF,0xE4,
  0x00,0x00,0x00,0x00,0xFF,0xFB,0x00,0x00,0x00,0x0E,0x00,0x00,0xFF,0xFC,0x00,0x00,0x00,0x00,0x00,0x01,0x00,0x00,0x00,0x00,
  0x00,0x00,0x00,0x00,0x00,0x00,0x00,0x00,0x00,0x00,0x00,0x00,0x00,0x0B,0x00,0x00,0xFF,0xFD,0x00,0x00,0xFF,0xE8,0x00,0x0E,
  0x00,0x00,0x00,0x02,0x00,0x06,0x00,0x01,0x00,0x34,0x00,0x00,0x00,0x36,0x00,0x36,0x00,0x34,0x00,0x42,0x00,0x49,0x00,0x35,
  0x00,0x4B,0x00,0x51,0x00,0x3D,0x00,0x53,0x00,0x55,0x00,0x44,0x00,0x57,0x00,0x60,0x00,0x47,0x00,0x01,0x00,0x01,0x00,0x60,
  0x00,0x07,0x00,0x21,0x00,0x15,0x00,0x01,0x00,0x05,0x00,0x24,0x00,0x16,0x00,0x03,0x00,0x03,0x00,0x19,0x00,0x22,0x00,0x10,
  0x00,0x03,0x00,0x03,0x00,0x01,0x00,0x25,0x00,0x01,0x00,0x11,0x00,0x0B,0x00,0x17,0x00,0x09,0x00,0x1A,0x00,0x1A,0x00,0x26,
  0x00,0x0C,0x00,0x1B,0x00,0x08,0x00,0x02,0x00,0x18,0x00,0x04,0x00,0x06,0x00,0x2C,0x00,0x00,0x00,0x08,0x00,0x04,0x00,0x04,
  0x00,0x1D,0x00,0x12,0x00,0x08,0x00,0x08,0x00,0x02,0x00,0x02,0x00,0x2D,0x00,0x13,0x00,0x0D,0x00,0x14,0x00,0x00,0x00,0x0A,
  0x00,0x0A,0x00,0x30,0x00,0x0A,0x00,0x0F,0x00,0x00,0x00,0x12,0x00,0x00,0x00,0x00,0x00,0x00,0x00,0x00,0x00,0x00,0x00,0x00,
  0x00,0x00,0x00,0x00,0x00,0x00,0x00,0x00,0x00,0x00,0x00,0x1C,0x00,0x1C,0x00,0x23,0x00,0x23,0x00,0x2B,0x00,0x2E,0x00,0x0E,
  0x00,0x28,0x00,0x00,0x00,0x2F,0x00,0x29,0x00,0x0E,0x00,0x0E,0x00,0x0E,0x00,0x1C,0x00,0x20,0x00,0x00,0x00,0x20,0x00,0x0E,
  0x00,0x20,0x00,0x00,0x00,0x1F,0x00,0x1F,0x00,0x1F,0x00,0x1F,0x00,0x1E,0x00,0x1E,0x00,0x01,0x00,0x27,0x00,0x2A,0x00,0x03,
  0x00,0x01,0x00,0x01,0x00,0x68,0x00,0x05,0x00,0x02,0x00,0x03,0x00,0x02,0x00,0x02,0x00,0x02,0x00,0x03,0x00,0x02,0x00,0x02,
  0x00,0x19,0x00,0x02,0x00,0x02,0x00,0x02,0x00,0x02,0x00,0x03,0x00,0x02,0x00,0x03,0x00,0x02,0x00,0x0A,0x00,0x0F,0x00,0x08,
  0x00,0x11,0x00,0x11,0x00,0x1E,0x00,0x0B,0x00,0x13,0x00,0x14,0x00,0x04,0x00,0x01,0x00,0x01,0x00,0x01,0x00,0x15,0x00,0x01,
  0x00,0x04,0x00,0x04,0x00,0x1C,0x00,0x04,0x00,0x04,0x00,0x06,0x00,0x06,0x00,0x01,0x00,0x06,0x00,0x01,0x00,0x06,0x00,0x0C,
  0x00,0x0E,0x00,0x07,0x00,0x09,0x00,0x09,0x00,0x26,0x00,0x09,0x00,0x10,0x00,0x15,0x00,0x15,0x00,0x00,0x00,0x00,0x00,0x00,
  0x00,0x00,0x00,0x00,0x00,0x00,0x00,0x00,0x00,0x00,0x00,0x00,0x00,0x00,0x00,0x00,0x00,0x12,0x00,0x12,0x00,0x1B,0x00,0x1B,
  0x00,0x23,0x00,0x24,0x00,0x0D,0x00,0x20,0x00,0x00,0x00,0x25,0x00,0x21,0x00,0x0D,0x00,0x0D,0x00,0x0D,0x00,0x12,0x00,0x1A,
  0x00,0x18,0x00,0x0D,0x00,0x18,0x00,0x1A,0x00,0x18,0x00,0x17,0x00,0x17,0x00,0x17,0x00,0x17,0x00,0x16,0x00,0x16,0x00,0x03,
  0x00,0x1F,0x00,0x22,0x00,0x02,0x00,0x00,0x00,0x00,0x00,0x00,0x00,0x00,0x00,0x00,0x00,0x00,0x00,0x00,0x00,0x1D,0x00,0x00,
  0x00,0x01,0x00,0x00,0x00,0x0A,0x00,0x2A,0x00,0x38,0x00,0x03,0x44,0x46,0x4C,0x54,0x00,0x14,0x63,0x79,0x72,0x6C,0x00,0x14,
  0x6C,0x61,0x74,0x6E,0x00,0x14,0x00,0x04,0x00,0x00,0x00,0x00,0xFF,0xFF,0x00,0x01,0x00,0x00,0x00,0x01,0x6C,0x69,0x67,0x61,
  0x00,0x08,0x00,0x00,0x00,0x01,0x00,0x00,0x00,0x01,0x00,0x04,0x00,0x04,0x00,0x08,0x00,0x01,0x00,0x08,0x00,0x01,0x00,0x1A,
  0x00,0x01,0x00,0x08,0x00,0x02,0x00,0x06,0x00,0x0C,0x00,0x35,0x00,0x02,0x00,0x23,0x00,0x36,0x00,0x02,0x00,0x26,0x00,0x01,
  0x00,0x01,0x00,0x20,0x00,0x01,0x00,0x01,0x00,0x08,0x00,0x02,0x00,0x00,0x00,0x14,0x00,0x02,0x00,0x00,0x00,0x24,0x00,0x02,
  0x77,0x67,0x68,0x74,0x01,0x00,0x00,0x00,0x69,0x74,0x61,0x6C,0x01,0x01,0x00,0x01,0x00,0x04,0x00,0x10,0x00,0x01,0x00,0x00,
  0x00,0x00,0x01,0x06,0x02,0x58,0x00,0x00,0x00,0x03,0x00,0x01,0x00,0x02,0x01,0x21,0x00,0x00,0x00,0x00,0x00,0x01,0x00,0x00,
};
static const uint32_t FONT_NUNITO_SEMIBOLD_LEN = 17232;

